review_id,themes
t-8mpC0ryIc-cdnwoF8Hsw,"food_product_quality,staff_behavior"
rjnyXstBa7SUtlfrf-moyA,"service_speed,staff_behavior"
h46h5_2USejVTkfM3byl7g,food_product_quality
jQHWfUlgObQRh40PUDYU_w,"food_product_quality,cleanliness_ambiance"
_YFKHUDdzhgMhKS0m7oDSw,food_product_quality
vhSip9Ph1CXcblSYno-WSQ,"service_speed,food_product_quality"
8VMYtsXwvJBbZyblhG2vaQ,"staff_behavior,cleanliness_ambiance"
VeirSaiYPBiUiPqSARXLjg,"food_product_quality,staff_behavior"
3goSOvzcDl2mSt-VBtr8qQ,"service_speed,food_product_quality"
No1v2TNXh6Xqh2jB3LtPHw,food_product_quality
TAeKE5Pk6QQUzYr6X2a-Qw,"food_product_quality,pricing_value"
rbXZqzQQ-XSh4eymh6uJHg,"food_product_quality,pricing_value"
3vemS2gvS8-K725uiy07Tw,food_product_quality
wRHzNtxVkFNN3lGd_-fFSw,food_product_quality
zbXLSA9Q2tbqj7XjezSgPw,food_product_quality
VQPcBnLz9rcZu21ojUG6Xg,"food_product_quality,pricing_value"
ZlgV6ii3s3zfVA3zypQhZg,"staff_behavior,order_accuracy_wait_time"
BmiJQtpvEZt1opVn2d5o2g,cleanliness_ambiance
grdyNnpXXLVdg7qEdeO77g,"staff_behavior,food_product_quality"
euDs0rBA_m3WzQcbYu8pBA,"food_product_quality,staff_behavior"
xSViGchkd4HxsI5FH3FX7A,"food_product_quality,staff_behavior"
iZsb5oo4QmHGJlH43O6fxg,food_product_quality
Nc7ZnzIJs2982pTPXLR8fw,food_product_quality
ypEZOALGvQBqtwKQNOBSlw,food_product_quality
QJ-7jyZKj4Zw_GR-R0IvrQ,"pricing_value,staff_behavior"
s1EjO-QhSgKnlnjDdOI25g,order_accuracy_wait_time
3Pql6t6sF0I-aGNGLa8LgQ,"staff_behavior,cleanliness_ambiance"
lzbBTVhH_yjhhoMjmA9d4A,"staff_behavior,cleanliness_ambiance"
wldWclu3Dm_aScDXaKkN0A,"staff_behavior,food_product_quality"
ljWJ13-tfH0J8VxasxSfGg,cleanliness_ambiance
I6bhszbD-aPbSdd88VPf_A,"staff_behavior,cleanliness_ambiance"
UHRouHBxjdL9_vRE452aOQ,"staff_behavior,food_product_quality"
jo0Dv6XtK6h81jIxrxWV8w,"staff_behavior,food_product_quality"
2Y4bCyURdWJswn9X0tPTdg,"staff_behavior,cleanliness_ambiance"
Ka_ERhEOc0xJUpkcrYwkEw,staff_behavior
GnNFeuLBfaTgW1ttFX20lw,staff_behavior
zH-SEFwbTuJESYoGiNq4Mw,staff_behavior
0mGZk8GbVwazdCaf9Fl8rQ,staff_behavior
qVYqL-69jjhLIDQ_E4GsUw,"food_product_quality,service_speed"
EECnKqOZwgb0YCZZIumDAw,"cleanliness_ambiance,food_product_quality"
lOiIDa414fAgULXW7uTLCA,"food_product_quality,cleanliness_ambiance"
yAhTlL2iDiGdvt8QPk4LLA,"service_speed,pricing_value"
gwbZISfCY8aenXe8mvFOiQ,"service_speed,food_product_quality"
kNx74DAyP4huBdrxnEEr9Q,food_product_quality
2T-x1AkiCMkUrGu_J-5rWA,"staff_behavior,cleanliness_ambiance"
TzqCODk5SNKYBI-hCqw06A,"staff_behavior,pricing_value"
dHXpUaAHHPylpfEGsUgIgA,"staff_behavior,food_product_quality"
t2bkrC1KgdPkp0qQ62TxjQ,"order_accuracy_wait_time,food_product_quality"
CmhdlTSkkJuSzSUyMhY0EQ,"food_product_quality,cleanliness_ambiance"
PHPbpYNhzBRGD7CpJwQm3g,other_none
ijUZeqHTgz_iis59L8q7HQ,"service_speed,order_accuracy_wait_time"
oFpKtjmoMAmHpyU6MdNKzQ,"service_speed,food_product_quality"
oWqvJCsYEHZT11yhnwqF2g,"food_product_quality,staff_behavior"
d9neXdEzE9S6VhlCjI6NSQ,"food_product_quality,staff_behavior"
XaOBMuBobDUm3po81-vRWQ,"food_product_quality,staff_behavior"
URiOcjm-5v-uxw3M4gnOeg,food_product_quality
B7vNbmXDh42K6EqdB85hqg,"service_speed,staff_behavior"
5m9xK5jmV-2oj0JrqjOxIw,food_product_quality
gsQZfCjLxHOdWnvaIYVY7w,"food_product_quality,pricing_value"
IxAZtKSNasVU1X5TAMPu3Q,"pricing_value,food_product_quality"
sgiQmAsjuKWgLEkPx2lTHg,"food_product_quality,pricing_value"
vbXTXVrfQ-cew4m15l7IAQ,food_product_quality
zbINfe_qLaYlqm_IZHm2Jg,"service_speed,order_accuracy_wait_time"
-A2KYbJuX33VB_84YfhMUg,"service_speed,order_accuracy_wait_time"
JJJXMUpW4Vw2puzEvkLFng,"staff_behavior,cleanliness_ambiance"
7Z-3a-hQ0xInDjSMxg22Zg,food_product_quality
k2woW1lVPb6CDsD35Ss6Pg,"pricing_value,food_product_quality"
7VFhmY8UgDiNdV0gzN3Uuw,"service_speed,food_product_quality"
YavZiDYgViBD1I24sKqGYQ,"staff_behavior,food_product_quality"
LuetR_-A_4ZzxaIhmV1tMQ,food_product_quality
cxLGYf5bPU-wsDG5LBUVeg,"staff_behavior,food_product_quality"
rMOr81aMr8a_5_TM-KUj0g,"food_product_quality,staff_behavior"
LZKHm5pi-DtgouDtrIzAfQ,"food_product_quality,pricing_value"
klYmupNXs5W_dF8GxEMJ-A,"food_product_quality,staff_behavior"
96jR1ta5P2B9dK621XuNKA,"staff_behavior,food_product_quality"
3Adi-tfRA-pFTeo8A8IqBg,"staff_behavior,food_product_quality"
EpW_RasCAWOnBaOH4zxVTA,food_product_quality
Su1fSP9FSJMyksHXFlCC6w,"service_speed,staff_behavior"
PGumxbw8Y66uDq73iXF5hQ,"service_speed,food_product_quality"
Uw5-RSfKTIj5f4CWgigmDw,food_product_quality
rTblbtOokTy6XVq79rDgBg,"staff_behavior,food_product_quality"
AhLLvNWimvzPRyRB2zfv3g,"staff_behavior,order_accuracy_wait_time"
pXM88P8T7FXe4XGEPJbq1Q,"service_speed,pricing_value"
q_B888y743XMWFLRVtn5Yw,"staff_behavior,food_product_quality"
UHtOcW0GOu0iBPpcPyLlxQ,food_product_quality
Tg5qsrsyueL0eHkZft9Q8Q,"food_product_quality,pricing_value"
wJdkklC8vR89CAtyjjdmjg,food_product_quality
1JiTDsSUV7OD3RxKyZHC3Q,"food_product_quality,staff_behavior"
IWjSZC0MLEF3gnZEUTnLcg,food_product_quality
mEAubZQKbmIL0Zjmw8Z_rQ,food_product_quality
KRhiZZSCqT56-FajfmBzcA,"service_speed,food_product_quality"
tGRawDgqpt58KUhMk11s6Q,food_product_quality
x9OSrrO9eLQGBI_AhHj-8A,"food_product_quality,staff_behavior"
0SR4WeJ0VfApFAqM0WTycw,"staff_behavior,food_product_quality"
yxwP78EWhtPI0fOIHWtIxg,food_product_quality
kR9Dh40H_0JDB9uOzbEqTA,"staff_behavior,food_product_quality"
4H1qoXel_GoM9o4KXW6ylA,"food_product_quality,pricing_value"
rqeyP7imVNL4V14AKWiqOQ,staff_behavior
ElrtamTGoMuf-4qwCT4CXg,"staff_behavior,food_product_quality"
DnGwzbqK8tq6IkqgjZnNJQ,"staff_behavior,food_product_quality"
Jey6CvWrOuDA7P2bX1sTPg,food_product_quality
l_RP-sQE81LceUaUtwH58Q,food_product_quality
NImmdMzmuIThkaVEVhMP5Q,"service_speed,staff_behavior"
ioN38VkjY160j8EZ_AzwKA,"staff_behavior,food_product_quality"
IF6J8ajv-hHUJ3GSSqOspA,"staff_behavior,pricing_value"
q6LKw7u9UiDFC7BzIXrYGg,"food_product_quality,staff_behavior"
CLHqnvgkhZrSogxWDsQ9Pw,food_product_quality
bo_DAyk6P9cJUkLb0KM_CA,"food_product_quality,cleanliness_ambiance"
k137ISpBSRZ-97rCKqAUAw,food_product_quality
C_hBstbMUp1oB2Iei-AJ7w,"food_product_quality,pricing_value"
DAqi9f1xSxE_wpXZeTYuUg,"food_product_quality,pricing_value"
5x0vdiDfw9H71AWWmP3L7w,"service_speed,food_product_quality"
xsG7m_7nrglV-oqPMz0pEw,"staff_behavior,food_product_quality"
njlKLt45ikoV86sddpZXog,"cleanliness_ambiance,food_product_quality"
yQKht-WENESfKzBQVivJ6w,"staff_behavior,food_product_quality"
cG6qCYWVLCvv-Mp_cs5xaw,"staff_behavior,food_product_quality"
au2t9nLlGLxu_LS9vwogKA,"pricing_value,service_speed"
eyOzRti4NeAyxSfU0yDHVw,"service_speed,food_product_quality"
6cKP_DqmeTK63xoYhz816w,"staff_behavior,food_product_quality"
-_zOkGxdL4tUdktOjtQrMg,"food_product_quality,service_speed"
swvhn-93CzPNzejHRvaNCA,"food_product_quality,pricing_value"
7i8J_bYFqz1Nppi0EwfLuQ,"food_product_quality,pricing_value"
PnzzzCGau1_Y8MqtRh_3Dg,"service_speed,staff_behavior"
QGK9SjVpRIVmyE5xjC-URQ,"staff_behavior,food_product_quality"
Mem2t5f-7wZ862yD6QUfWw,"service_speed,food_product_quality"
qPSGZFwM37fX__RKscee8g,"service_speed,food_product_quality"
4f2anyN4WX0423fumGWPcg,"food_product_quality,staff_behavior"
zFFw85lJaag3kQPpj8QRQQ,"food_product_quality,cleanliness_ambiance"
EEu23zTTjqhuO55kpe_dnA,"food_product_quality,cleanliness_ambiance"
KlIa3He9NuJChymQ2tqyjg,"food_product_quality,staff_behavior"
XnlESGPTrou7iXuswiDc0g,"staff_behavior,pricing_value"
3NxrhkBxhj8gos9RI1JxlA,food_product_quality
a9WcJUvsxgElHVZ2zmBxzQ,food_product_quality
P2igkMiHIY48qG8FO0UCEQ,"cleanliness_ambiance,staff_behavior"
cyc7tasuOj4bwpgJbdX9uw,food_product_quality
Znj6d7nTqLzN1aP6J4xCXw,"service_speed,cleanliness_ambiance"
MQ6E7jv6ift0LuxWlC3wEA,"staff_behavior,food_product_quality"
GxPf3bhVpEIqGHiR6fKG3w,"staff_behavior,service_speed"
1lSTzbySQI7YrK19n0Xjcw,"food_product_quality,cleanliness_ambiance"
kg-6z6YhLt12n23qDtMtDg,"service_speed,order_accuracy_wait_time"
4OqLZ8JI_-YMQ1J8adBikg,"food_product_quality,pricing_value"
6xtTpe0etWZ4I3QCDUuztw,"service_speed,food_product_quality"
6opxgMohlcX7nTCLtGo85g,food_product_quality
u0FlWj1RvrV6tnKd6C3GVw,food_product_quality
G0OJ12oiDkw_D2G-2tiwiQ,"food_product_quality,service_speed"
HzVL7xK1_-clbb_RO66-UA,"food_product_quality,service_speed"
_2rQG9fZc9tz-fexcuf5tA,"food_product_quality,staff_behavior"
zribwHqfZ1I5Fkw2aWnGuw,"staff_behavior,cleanliness_ambiance"
KpHbGCzqm37JfBYMt2xgjA,"food_product_quality,staff_behavior"
TCjGamJOanqoGlD-bu4DWg,"service_speed,order_accuracy_wait_time"
VC4lV1Xz3KF2g4DuJkpDeQ,food_product_quality
jsIUoBJhsis9aBogzVz0fg,staff_behavior
IIWMO1pfAei3c-Mo8I-RFA,service_speed
8zJRhmNlypbNmY5iviOTfQ,"pricing_value,order_accuracy_wait_time"
-QnfLyoKiTnlNd7tDkgsZQ,"food_product_quality,staff_behavior"
MeOYaCb-M9kQPIiP9fNQZA,"staff_behavior,pricing_value"
35DDmig4gAB7-9IEb-_dkg,"food_product_quality,pricing_value"
mr0ZYFbY7AHCkUtv6E8vjg,"order_accuracy_wait_time,cleanliness_ambiance"
Gjll6CaHCdGS9reSu_-0nw,staff_behavior
gKl-fJEkxO18OsDEoe_BxQ,food_product_quality
_2RF4pBk96MX1m6esM7eoQ,"food_product_quality,pricing_value"
j6NmmRU4tij4Vsb4pyQHpw,food_product_quality
0kICicK4mp8DbYB5IPSbug,food_product_quality
7dPYYXAXylizZGzGDDXEnQ,"staff_behavior,food_product_quality"
DEecNGcMckOwgSIO-fjDyQ,"staff_behavior,food_product_quality"
L8x0F0hVbbpSZ65qYxTRfw,"staff_behavior,food_product_quality"
phRWedq1TzocG2KfLXu8cw,food_product_quality
331AwDVvfapAMU49I1vFng,"cleanliness_ambiance,food_product_quality"
xO86DghztJr6HBWFyGWfmQ,"service_speed,food_product_quality"
QwxTfRo8uzy2iSeb4tSelw,"staff_behavior,cleanliness_ambiance"
IoiqOUFUpB3AUMMfQ8QFsg,"staff_behavior,pricing_value"
xnPYsccJEyz0_O9ipIKzlA,"food_product_quality,pricing_value"
EYZ3AyQ3gO92WuNiB7e7Tw,"staff_behavior,food_product_quality"
q4Ib60lC4qweI1q8wW0VTQ,"food_product_quality,cleanliness_ambiance"
_ajX7GORm4Ur2lIzSfHasw,"service_speed,pricing_value"
H-yxoSNv-ARJoOXoONBTyA,food_product_quality
lHIOzSAryaDOXPJ9i89ChA,"food_product_quality,pricing_value"
oF4ahgxVs8RqTYLg6zGMCA,food_product_quality
S-U4WdO71AD8oBnKnyntxA,"staff_behavior,food_product_quality"
3-4xiZOWYk4dFbbSdrZrLw,pricing_value
kFB9dxGT5KnFRNsC30YT3g,food_product_quality
OoIayMEuh0v5izRQXdiolw,"pricing_value,food_product_quality"
NIaxueQP2GIyrKZ1_wAGMA,food_product_quality
P5WEKmBOBQKZFqvlw_BS2Q,food_product_quality
lzB9GLRBZyO6qCCce-S_aw,food_product_quality
Y-4VdrkuHvSRmjeOxd-Jng,"food_product_quality,order_accuracy_wait_time"
jRdBwJ8XsXJj5Yc6Uli0RA,"service_speed,food_product_quality"
Spg63NyFMRgVt8iNjbvvxQ,"service_speed,cleanliness_ambiance"
54VA_j6L2IhLbo7VPajTgg,"service_speed,food_product_quality"
64hJz1AfuB8rOy_VfW6ZvQ,"pricing_value,food_product_quality"
yvAJMyI9_6jkxl9jDIqn7w,"staff_behavior,food_product_quality"
XVyxnom01yLCzMCjp2TPSA,"food_product_quality,cleanliness_ambiance"
7wsW_nj1f0UZEfH3lvhnFw,"food_product_quality,service_speed"
AIlJU-pQ9mcOb-reKoUIsw,"food_product_quality,staff_behavior"
choa3mquLEAiat1Z6QZxJA,"food_product_quality,staff_behavior"
uk_cIKHPRogB4lOdTy_Ytw,"service_speed,staff_behavior"
9PSA4ewl6pYAWRTn7e1FfA,"food_product_quality,service_speed"
EPn2LqyF36Puz_lLnpCi9Q,cleanliness_ambiance
OCmncGmbBfx0pb4Qrww-Mg,staff_behavior
6jDqKQwP4ISy1LhhjFVTaQ,"food_product_quality,order_accuracy_wait_time"
1LhEwmfGJ9gbjrEMNsNmkw,"staff_behavior,food_product_quality"
GceRtm4zwpF_PuHd_yjzPA,"service_speed,order_accuracy_wait_time"
4jUheibPV_RtVnfaNCT8UQ,food_product_quality
AR626vDztj42_8IlrpKXnQ,"staff_behavior,order_accuracy_wait_time"
u4ZBMDyZGu4DopdOWrE3DA,"food_product_quality,pricing_value"
96sK94cnid7Me8wTUjUY3g,other_none
f0WELE1Lh-XQv0U8ES_aSg,"staff_behavior,food_product_quality"
VE9gvahOChLO2wZG3ytmTg,"order_accuracy_wait_time,food_product_quality"
aUMgOWFRuBodAZc7_vwGxQ,food_product_quality
vp5397k5XkJxS_Kbr97Fsg,"staff_behavior,food_product_quality"
RciJzgF_yf2o4mXEkmn-rw,"cleanliness_ambiance,staff_behavior"
zGGg0HQWEGRrC7JlYN5W1w,"cleanliness_ambiance,food_product_quality"
nO9348MYbPJFNNCptKIxQw,"staff_behavior,food_product_quality"
vz-LbXWE2XYajbH8aelMhw,"cleanliness_ambiance,staff_behavior"
A6cMYLlZdZ5hTnv7Rk9NkQ,"staff_behavior,food_product_quality"
wDsr3dJHzbQtHveYT-F8-g,"food_product_quality,staff_behavior"
03bqBx7FF8lxOuIfHWXfbg,"food_product_quality,staff_behavior"
yn8JPICCnpJLGsx1lGSKjg,"pricing_value,cleanliness_ambiance"
J_uti7dHG-aYWy1KfbgCXQ,"food_product_quality,staff_behavior"
1qML3z5puBx-HqdX6eLmcg,"order_accuracy_wait_time,staff_behavior"
cJqBVZBEX0Ya1J0WPfWiKA,staff_behavior
kM1EL7mXKmAv8u-ts4E9Qw,other_none
vmINlqNQ2MCVztK-0_h-7g,"cleanliness_ambiance,food_product_quality"
-hfcybfWPoLlKJDmBpC5cA,"staff_behavior,food_product_quality"
SpqIOYIxF83LVTzrpTJufQ,"food_product_quality,pricing_value"
4vGn5RClQg1VA9mdw_3-Vg,"food_product_quality,staff_behavior"
qsmxc1HVw1Pr5OWuIDluIw,"food_product_quality,staff_behavior"
heLMzMj-um1GI4E6D_8sIQ,"food_product_quality,staff_behavior"
SO4C4yYKnnjR2tzxh6KG4g,"food_product_quality,staff_behavior"
SMOSafALI1s6brrrEjK_Xg,"food_product_quality,staff_behavior"
PxugaHc5gOgkzUZGql837Q,"food_product_quality,staff_behavior"
uZN-mq9AlwWDpyMRtJuzJg,food_product_quality
qOsAk2zvHju_y2jcuzuzEg,"food_product_quality,staff_behavior"
l9URhVfhJ0GiN3-ooQWhrg,"food_product_quality,staff_behavior"
DNlKtyOPm-Uq9sky_7Jxkw,food_product_quality
Dkt6l8gyO6qgu2O1-19KHQ,"staff_behavior,pricing_value"
XNHvOdGfINwxAdiLkUzpqQ,"pricing_value,staff_behavior"
kyD12NahddSZdmtnT1O7cw,"cleanliness_ambiance,staff_behavior"
ZyVNcK0a4F-yuipx-naR4A,pricing_value
VfHP1kOOr5nLW1o7S10F2w,"staff_behavior,pricing_value"
Sz7rhDRYZ6D_5zrNYrbI3A,food_product_quality
C7ZVCqR7Hn-cKw_P-Lz9xw,food_product_quality
D0c-ijYaBitcCxfJ1b7lNQ,"staff_behavior,food_product_quality"
baMyVXVP72Rx6lpfeDhxiQ,food_product_quality
a_jEiijZD8slppcawCsTPw,staff_behavior
VKllOCm_4hZlXkscjkRifw,staff_behavior
rR_4svd4A7R8zZFPLPH5Yg,"order_accuracy_wait_time,cleanliness_ambiance"
QRzaXM-toXOaMcrJGb2EOw,"staff_behavior,service_speed"
QRIQ2LzcodP4SgR_fl-_oA,staff_behavior
xpNl0aDKqrUfTqAH4vEKcg,"order_accuracy_wait_time,staff_behavior"
ic4158ZR-RKyJke20HhkBg,"order_accuracy_wait_time,staff_behavior"
dx2SNYPgStvlptCP6Alckg,food_product_quality
9YW1Ow753s_soa5b91Z6AA,"cleanliness_ambiance,food_product_quality"
AZjB5a0HQrCTYkcOCVjYJg,"service_speed,staff_behavior"
eP2qA9Rf8cyikS5KcM1k7w,"staff_behavior,food_product_quality"
M1HlCItIZyib4tZZQzqklA,"food_product_quality,order_accuracy_wait_time"
RJ1y9BzgQSXxLWlid3F1XQ,"staff_behavior,food_product_quality"
yptyY2fnQD9d_2Ecezrk9w,"staff_behavior,cleanliness_ambiance"
EWn7T2zNPCBS5ef4--KXiA,"food_product_quality,pricing_value"
6-oTUtEIJluglRQmZ0-yQg,"food_product_quality,service_speed"
SVLLNaMAeUAuWyr8PdxOcA,"staff_behavior,service_speed"
cPa0HnMFNwZEBQIkqgfF-w,"food_product_quality,service_speed"
2cjyRj82VYaPhUhmO4vi3g,food_product_quality
lT6Wh032um2EMj4pZPabOQ,"food_product_quality,pricing_value"
adwLUC3furbYF3ijfGMwQg,"order_accuracy_wait_time,staff_behavior"
CDhXL4Jt-vNG8ZY88gaFyg,"service_speed,staff_behavior"
aUFDOHYOqMMYXg2G_rZA6g,"staff_behavior,food_product_quality"
Owl6kZQ6Tvlb6A3UZQTFMQ,staff_behavior
-E8NaMpvdqcf8Z231Rb5DQ,"food_product_quality,cleanliness_ambiance"
71s0VWNU0OKp2Ri9RLyY-Q,"staff_behavior,food_product_quality"
svICk-d9XsY-Y90rTJqcMQ,food_product_quality
oFN7M4EKqtSVlo8tHreNaA,"staff_behavior,food_product_quality"
gFomxUVWsPSmet3G-nmV6g,"order_accuracy_wait_time,food_product_quality"
AJb1DGMBcEG1M9aTAU-i4A,"staff_behavior,food_product_quality"
5WsMUjawy2CRGtT4Lbq5dQ,pricing_value
E20SXbHPcLZ_QxsWnSuozA,food_product_quality
zZ2K1tt6fxdwEMJFVN0mYA,"staff_behavior,food_product_quality"
q8aTaQLDsqE_voALKmOm6Q,"service_speed,food_product_quality"
7asPtFAw075CexByG5bPbw,staff_behavior
FMy1vPJGOnNwRApb_cAiFQ,"service_speed,food_product_quality"
vZTUZDrUNS1eke5WAZx4uQ,"pricing_value,food_product_quality"
LTfwxiURLqf-fl9UErcE0w,"service_speed,food_product_quality"
PrcoLKHwsNqq5QN71BfEAw,food_product_quality
j0xXeuD8qBvv7hSWu6gtPg,"order_accuracy_wait_time,staff_behavior"
J3TAuevGwM30ZyWXru1Dbw,food_product_quality
3CAFoi7kY33JyJFDLSD3ZA,food_product_quality
_WHeBnP5x6pePC2QJLCMFA,"food_product_quality,order_accuracy_wait_time"
MgOuZvNG-4xaSteVr9RGNA,cleanliness_ambiance
NVC93H637aNMidyspoUDXQ,"service_speed,food_product_quality"
DO0iE38j6rLlnQunxm-lxA,food_product_quality
_Njb2k5UtFyB2Vsu3WR4EA,"food_product_quality,staff_behavior"
W1IbhDvRr2FlWPR4LVSzmQ,food_product_quality
AFrDfz-EBA_i7VELgj_qlw,"food_product_quality,pricing_value"
p_GK6SCMSh9UIhenQ7qCuQ,"food_product_quality,pricing_value"
Blg0GY2J3NqxSebxcxaAtA,"food_product_quality,pricing_value"
tGCojIjl5V50Wek2MxPP9Q,"service_speed,food_product_quality"
AGokLKpL8WQfHYrRuhHbyA,"food_product_quality,staff_behavior"
pA98tgPpbpZX6DBhfl2V1w,"service_speed,staff_behavior"
as-zTscf1gjMeFLn_dHyjg,"staff_behavior,food_product_quality"
zg_4_eh7hdgfwMHcYmB9Yg,food_product_quality
UF1g9Dz1Z0J5bwH_hv9K4w,"staff_behavior,food_product_quality"
B3j0Nov3LtcZ5H0Qzj0GMQ,"service_speed,food_product_quality"
On5rHoAVBInyOCoacPc0_g,"food_product_quality,pricing_value"
qenGX24NZ2luZkSU6iuZZA,"service_speed,food_product_quality"
fgmB5zyKeG0PnPUbNG6dcQ,"food_product_quality,staff_behavior"
ndrYhtV1fWXbp5hPvWI1cA,"staff_behavior,service_speed"
8yXpFmzOp1vsWMenj99eFA,"staff_behavior,service_speed"
iABM7yliOxAOOCP2f2Kwew,"food_product_quality,service_speed"
I-t8MfrmV4ny9e6fHJkchA,"food_product_quality,service_speed"
7ap4y0CUs0lt7_Eagv-qUQ,"staff_behavior,service_speed"
hVgOpWZzQOrXEjifTjf8zA,"staff_behavior,cleanliness_ambiance"
o7MJICTA-mXLYVPDWXRjkg,"service_speed,staff_behavior"
9hYJXPxiIe15PcPqF4ScGQ,food_product_quality
4r74bSIG55NuoTWQ9Y8MhQ,"food_product_quality,cleanliness_ambiance"
i1o-aaS-qWMAlI3Mrv39Yw,"food_product_quality,staff_behavior"
BbkSSKmLR3o0fkeOYIX15Q,"food_product_quality,staff_behavior"
otW1-hDSO7tvQbRXs2S9nw,"staff_behavior,cleanliness_ambiance"
hp3SNVDiVDmLSHQCjF5p8A,food_product_quality
2jt_Pui7umo7dOi87_DOTg,"food_product_quality,service_speed"
0wORsFLCjucCOSHZkBSBYQ,food_product_quality
2-j71bGBPR7noQ57HfZQ5Q,"staff_behavior,food_product_quality"
ESanDxF5OTurVClOiyRycg,food_product_quality
9i5NOzGTsUkyFbw7gYmjHw,"staff_behavior,food_product_quality"
PKf1UP_WytnQSwb-_Cmv9g,"food_product_quality,pricing_value"
h6d0p14y1aOi6zDYKWTNHg,"food_product_quality,pricing_value"
aQz5W2wRYZUvnFh5c_9dnQ,"food_product_quality,staff_behavior"
-JwG_hqyl2iIFIAeRsPpDw,food_product_quality
d83hHkhUQEjX2dJOlUcHhQ,"food_product_quality,staff_behavior"
BzsFeJUByFojD_eBhLd94g,"food_product_quality,order_accuracy_wait_time"
o0FhgBI6gScivYHeSTa4qQ,"food_product_quality,staff_behavior"
if3ezB1unKHdoh--43VSng,"food_product_quality,staff_behavior"
NPT06f9xcUB0obh4MyY7tg,food_product_quality
iW4q3xqQsfm_qx9AMgwXFA,food_product_quality
JHqG4E7CfGteLUQMkS-rCg,"food_product_quality,service_speed"
kHrQU_foklc2tJSjm0-WCg,food_product_quality
s2FaWTRRM2mpY6ihVFpsRQ,"service_speed,order_accuracy_wait_time"
dn9lBoAEfOWuQdEOLdw3Yw,"food_product_quality,cleanliness_ambiance"
3XG-CqGlLPhdkaIDNoSSRw,"staff_behavior,cleanliness_ambiance"
WZTpwnVJXDq3ZGoU2Wvj8Q,"food_product_quality,cleanliness_ambiance"
aqDuGkVXBE0xLYNLKMhVlw,"staff_behavior,cleanliness_ambiance"
gheVcp2MwlcQ_d5DBqsh5Q,service_speed
6ZRRavBssJlAIINRdCAO_w,food_product_quality
CTlvsDc5GWxXik4XSv0DIA,staff_behavior
-gLbrMnmGF6vm66NqQtzUw,"service_speed,pricing_value"
OFNT8GpUP9vRhlRvolP1cQ,food_product_quality
Uc2_2oUXuc30mDaJBAKmPw,food_product_quality
v2mCL9Cnm7NDZKuVJyKzpw,food_product_quality
yHHO6N5_hrtnFma1wWij0w,food_product_quality
-6AwZo_4SHIt3ZvE8VtsDw,"staff_behavior,service_speed"
iUtAqDhgfwOSVB00PVNzwg,"pricing_value,staff_behavior"
uONxVAd8eJiZCx03ed0k3g,food_product_quality
9b0jyHZuXYA_oSDkaZ9GKA,"staff_behavior,food_product_quality"
8VG2pbqpoAGPWB9uT07kWg,food_product_quality
zohKKSZ_2MlMhi9TiQyjxw,"pricing_value,food_product_quality"
STtCCGy5eWWuj-EZHYJZEQ,"pricing_value,food_product_quality"
8A4ELvZddMjM1hZ5Xt6CXw,"food_product_quality,staff_behavior"
r6GkvLrlrApjbhn6vN341Q,"staff_behavior,pricing_value"
31SsSeb5UkUlndZyTCmAqg,"staff_behavior,food_product_quality"
jDtn3mk55GI0V-d0BNmp3Q,"service_speed,staff_behavior"
kwSdPKLdNQnAboBudO3TfQ,food_product_quality
Vgy0AhVcMW-gTxkSOvMaLw,food_product_quality
e2hXU4DsFxDcNELi7soHOg,pricing_value
UHktCbpSpUwgKJeahomYlQ,"staff_behavior,cleanliness_ambiance"
CW4SHvGhqcBYD-JXGyYYYg,order_accuracy_wait_time
PWkHy4a2rnBc6b0BER40Og,"staff_behavior,cleanliness_ambiance"
aM-nuxe-qcK9881Gx00U-w,"service_speed,staff_behavior"
2QACGnugvZiv_E0OrklfQA,"food_product_quality,cleanliness_ambiance"
vMWFJIRWInZXLrNJQgF3RQ,"service_speed,pricing_value"
fjUNnPCkIWOVmzUAocoUjg,staff_behavior
EnKw4g0I2fo_X0nguuFIbA,staff_behavior
QPpwuemnjOjxXoJHqyL2fw,staff_behavior
D6G0Y8soFSHMoLj0XctmZg,"pricing_value,food_product_quality"
SCbvBKuks_-Tl6NGttSlzw,order_accuracy_wait_time
TCR-uLClL03NDktE_nBx6g,food_product_quality
VmeBlS4WJP5EMsAdiu6rAA,"staff_behavior,cleanliness_ambiance"
Y6Wtw8-0krPzF2wzozr3og,"service_speed,staff_behavior"
SHMGtDJQfYvHE45PEUO66g,food_product_quality
buHKrjH0SQDBwvZgjNEcZA,staff_behavior
sKiLMUpkTY2o7dOWkgzJOw,"food_product_quality,pricing_value"
8DpCWc8MwdEgtkxKImz_WQ,"food_product_quality,staff_behavior"
GH-2Ex93MiF3Z0STqSB9IA,food_product_quality
H8ykkwgovnyYk9dDMmc84Q,food_product_quality
sGFWlcgn3sVCCwNVk6B_iQ,food_product_quality
cx86ItboJ56xxdBhWxMs2w,"food_product_quality,pricing_value"
2g-0N56N7gXwOC8IaoLhbg,"food_product_quality,order_accuracy_wait_time"
0QvKNVjMlDmAIeNj03TPIg,"service_speed,staff_behavior"
xRdNNe7DyehTnL-R9ycTJg,food_product_quality
ojIVimFF8_M87WTa9PHXCA,staff_behavior
2FZjUWE5QQi_MafFAb7M8w,"service_speed,cleanliness_ambiance"
W6wisxcND8X7yrNkAIs4sA,"service_speed,food_product_quality"
pRn3qjDxVAzsxlTiUjsJOw,"food_product_quality,staff_behavior"
AR_GPHG3i6jC2Me38Us1wQ,"pricing_value,food_product_quality"
EnMsNemOSJFgkGscv6_b5Q,food_product_quality
BRVr25J0WHjV7nhcrpsiSA,food_product_quality
h0RrNI7zwElXl0peuckEig,"food_product_quality,pricing_value"
UNszJUXKXok7JRNSEyG43w,food_product_quality
ApHyYX-yIuhjxEHbgX4xpw,"food_product_quality,pricing_value"
WWWkJZwLwJyPpfJ5cWcA2g,"service_speed,food_product_quality"
gp5rxxzpPnvDCv0Wqe_CvQ,"food_product_quality,pricing_value"
FukQ7PTl005BcMED3AqX6A,"food_product_quality,cleanliness_ambiance"
MwgqldYFeEmMGEV9qRiKzg,food_product_quality
rY6pMkahh-1SLO2ZgAL-2Q,food_product_quality
8VFfhXXqclT61IHywCLzhg,food_product_quality
2UL8ejqssC6r4JJrQu4pLg,"service_speed,pricing_value"
G30tJch6qGnZnjSqkzE2Yw,"staff_behavior,order_accuracy_wait_time"
J5X0fzRYmW2O6PE7U9SPdA,"pricing_value,food_product_quality"
ACw_dO65TLYleP_sSR23wA,food_product_quality
6rOjkcxCQFI2NChGJkrzHg,"food_product_quality,staff_behavior"
yJKSERROvZTeAF--xUm7Ag,"service_speed,staff_behavior"
2XN7Fm-K7KWM80oMJTo5KA,"food_product_quality,cleanliness_ambiance"
KWYfFcuzHaYWDa4i1pJMEg,food_product_quality
R5H9Inu0wlm4b8WKKTLC6A,"service_speed,food_product_quality"
UXVjjYauh99_L0ji3Mh2yw,"staff_behavior,cleanliness_ambiance"
qRaVrxn6BOqI2_ss92QMMg,food_product_quality
vtHslNaOvwt0CUmpeDwlfw,"staff_behavior,food_product_quality"
7MpC6OUXBl9yprJa8qu40w,"cleanliness_ambiance,staff_behavior"
ege6q33jWQOsQWd-6Kx0mQ,"food_product_quality,pricing_value"
2O3B0Ueu6WO7-OZ9OdwIvA,food_product_quality
uxo7_MXvll-b4YO6n-9r5Q,food_product_quality
pO4tvQ3AyW14lOZOqvnAlA,food_product_quality
PvtMI_dPOuuLReIwmOalEg,"food_product_quality,pricing_value"
TmJgwTLM3fFYHpLY6HHhrA,food_product_quality
-flDA2IITInGegqIl5qO7Q,food_product_quality
CONNu7_Uh5GjYDjsmIyptA,"food_product_quality,staff_behavior"
D_BxlpbMeleIpPhzeTgcLA,"food_product_quality,cleanliness_ambiance"
d5LKCmab88BDLhGDynD38g,food_product_quality
y6v5FsHyDXdaQmNu7c4Xgw,"food_product_quality,service_speed"
8sXdw9Ecitf5THOsLKdkNQ,staff_behavior
9Z8M0sP0LRmCxGNcLHjV0w,"food_product_quality,staff_behavior"
blVR3Tx5l7sx-Nm-bFgC6Q,"food_product_quality,cleanliness_ambiance"
y8gchCM52Le3qoKExeKYmw,"food_product_quality,cleanliness_ambiance"
BWrqHQmpFFrVtGlE7kQYAQ,food_product_quality
e6MoIg9CGWvj4Sk3VF8FxA,"staff_behavior,order_accuracy_wait_time"
9y67uapb8CskbUcGo7O5nA,food_product_quality
3tohc8eC-9JflC4nq36Xeg,"service_speed,pricing_value"
Mze_CL006juWHyKB38V8sA,"staff_behavior,order_accuracy_wait_time"
b7a3vx7_OHq94QK6mG-XSg,"staff_behavior,food_product_quality"
V69fGUpiRcT82wh_XOihxw,"staff_behavior,food_product_quality"
xGeohQqbe-miC3tQ1nVPow,food_product_quality
GbkmDErMTDUujTMQVR76ww,"service_speed,staff_behavior"
CF9pJk2o4evo55pe7c9nLg,food_product_quality
-HDrFq_CfGWlRhF5JW6sKA,"food_product_quality,service_speed"
v4aElMtQIeOFoI0im111wA,"pricing_value,cleanliness_ambiance"
2KGtQAcLgGsyBa2j7w2DQA,"staff_behavior,food_product_quality"
cbLyRzPRksXNMbI5QWiNug,"food_product_quality,pricing_value"
OzS-tKek9vGj_H2xrNhXDQ,"food_product_quality,staff_behavior"
n7nM7YonTCoHCfVZ8RMK3Q,"staff_behavior,food_product_quality"
F9daHMYX8UYWRUnwXy2hQA,"staff_behavior,food_product_quality"
yId22ZuS_bYJs7R9-Ve9AA,"staff_behavior,food_product_quality"
B0mbbm-8EX_IEXkcWRearA,"service_speed,staff_behavior"
2pvpyOVz3DaeGAHSQ4zsrw,order_accuracy_wait_time
Jo9Ikh9LOLt6hc7SOFcGOA,staff_behavior
3bPB86i094xYfAmBj2RSAQ,"staff_behavior,pricing_value"
G1G5Agh08gmWhUL8CmkJCQ,food_product_quality
eCN-B62PT7QFGKtHw0t-TQ,order_accuracy_wait_time
nA3ILs-4h4mEdf8tGawZqQ,"service_speed,staff_behavior"
WSoAaUf3P4xgOEtxa9fyJQ,"order_accuracy_wait_time,service_speed"
fqMhfbueTNqNi9BghFEk7Q,"food_product_quality,cleanliness_ambiance"
eOyLiBn0A5cQDYt29p8W2g,"food_product_quality,staff_behavior"
iLqPWaETRc6dOiidk3v5Mw,"cleanliness_ambiance,food_product_quality"
OgQt7eSEuqFnMd9QXPfz8Q,"cleanliness_ambiance,food_product_quality"
C1IqSAyce3FiIgLXUFFlVQ,"food_product_quality,cleanliness_ambiance"
HpANMW2kiGjSSC4TwYw6Eg,"staff_behavior,food_product_quality"
RTJ3OtORDY9XRsiHKfNQUQ,"food_product_quality,staff_behavior"
81_WgjObba_jAOuvg0CmQA,"service_speed,food_product_quality"
G87vrwXC2rLSTSOavQwtLw,"service_speed,staff_behavior"
qARA6etk9DpsTiml4vDVBA,service_speed
C9T4oofmobGWQKiCJ6sltA,"service_speed,food_product_quality"
Ogek-AST_9HrDcsV-M0FiQ,"pricing_value,food_product_quality"
pRfvXDwurJdlv6qOjo7e1w,"order_accuracy_wait_time,food_product_quality"
P7777davfDlsa0AQDaK_nQ,"staff_behavior,cleanliness_ambiance"
bzTOl8GXB-btCSODkooYpA,"staff_behavior,cleanliness_ambiance"
rBEl_WyUGnDpH3c8S4-6Uw,"order_accuracy_wait_time,staff_behavior"
vETPYNJVOU17RtBToUouXw,"order_accuracy_wait_time,staff_behavior"
V_o_e0QHYY4I9ek8V3AZ_g,staff_behavior
Y3S7ZdkncC8Kh5sXSFAN6Q,food_product_quality
0M3o-420B-vfMb7gV93yAg,"staff_behavior,food_product_quality"
9NaA34TXs-uiIXozGBc_hw,food_product_quality
g5ocTpWaPX74IWn_ppFeZQ,"food_product_quality,pricing_value"
Gd9rCsMExBN7APDq3tFNuQ,cleanliness_ambiance
Ao-lsXKBg_JYU2A06agCCg,"pricing_value,food_product_quality"
facuLADfp-9sbvbzjEPS3g,"staff_behavior,food_product_quality"
HfLOyIBYjSF9tgtmC9xt_g,"pricing_value,cleanliness_ambiance"
sIGb_AWA-w9v3WhEy6u_Yg,"staff_behavior,food_product_quality"
v8mN3tGMQm5AcLyCz-MZGQ,"staff_behavior,food_product_quality"
hwcnnhscT3rznnB80jtdRw,"service_speed,food_product_quality"
n_yGlmi-dQsGuInzWW1KLQ,"food_product_quality,staff_behavior"
FW_LhopUNOWSbouB0Y2bxg,"food_product_quality,pricing_value"
1epcQYiJvBslACCwzjxwlg,"staff_behavior,order_accuracy_wait_time"
f0_2zrLYXP1atyC8_NDM5w,"staff_behavior,service_speed"
fu9W-7KOx7__7dXdrYv9Zw,"food_product_quality,staff_behavior"
dTd4q59r4qK-sc2uAbNNNA,"food_product_quality,pricing_value"
4TN-N0VbOOfj0I9H4AgXUg,"service_speed,staff_behavior"
o1LaOjdx18bZePQjoPT7nQ,"staff_behavior,food_product_quality"
HjdKPTCQ-iSKOKu9TtrUsQ,order_accuracy_wait_time
63TC9MKVQlW9hmKJ5OV-bQ,staff_behavior
mEOxf5NFMn3e5dxIHZ7lFQ,service_speed
ImQidgRuKbUtKiSGeuap5Q,"food_product_quality,pricing_value"
fPusJpz3MSsDm03VaAyPaA,"food_product_quality,pricing_value"
ob6wSk8EVj44splTukERDA,"food_product_quality,cleanliness_ambiance"
ifnem4HcQ9C8afB56MidWQ,"staff_behavior,order_accuracy_wait_time"
FWD_VL9MiqQG_CZoS7VATA,food_product_quality
9mpdnLVDmrzuzHDkh624lg,"cleanliness_ambiance,staff_behavior"
0f2lWxLR0fRX7UdgrWaESw,staff_behavior
HW75dsIV0dywhrutb79EAw,"food_product_quality,staff_behavior"
v5KGbf5AbsSafRfKAotfUw,staff_behavior
nrT6gu7Py4aMfetkW_S4vw,"staff_behavior,cleanliness_ambiance"
U_FpkSVAQIzD50xOyVHrAA,"food_product_quality,service_speed"
zz6Qev9s2IvUFyopOPxq1Q,food_product_quality
FJnYqJG0OJuW8P66OMRvBA,food_product_quality
s2RhZE3z5fbbM_eGhUk5OQ,"service_speed,food_product_quality"
0TiQX9e4CsiUE8216Ms5yQ,cleanliness_ambiance
Bnvd2Ix9XGcnOAwkolOCeg,"food_product_quality,order_accuracy_wait_time"
JOymd4J5U_NhnWzLM13-ZA,"cleanliness_ambiance,food_product_quality"
P3OCWtM601GSpb-o7XX4jQ,"staff_behavior,cleanliness_ambiance"
-PQHCxAzm0kE1NSj_Stofg,"food_product_quality,cleanliness_ambiance"
pefDXwX1INDyGL3UzYxlMQ,"food_product_quality,pricing_value"
4SvAVdfO67eo9OcXsu4QXA,"food_product_quality,staff_behavior"
CxsiDj4HoEt4muvSWvRarg,"order_accuracy_wait_time,food_product_quality"
CmcrUJzu2KKZ8WHLBXctQQ,"food_product_quality,staff_behavior"
JuWeGDOkz27dltBixrEP7g,"food_product_quality,pricing_value"
JI6_5QGDbs-WsstH7JGyuA,staff_behavior
h6cS9dGPnq-jvOaWaujUXg,"staff_behavior,food_product_quality"
heZx_X5bzHo0lM8hp47H2w,"service_speed,food_product_quality"
1mImSLS_pl91tiHl3BWzRw,"food_product_quality,pricing_value"
UH3xuZb0ji9yimVFLk5zSg,staff_behavior
lVMil5RE4EV_WM2CwkCO2Q,service_speed
1_-2aU4DfPjSzJD7zEPEnw,"service_speed,staff_behavior"
T0aWnOu0JfLHq2thcVOp5g,staff_behavior
4Cqo1okil4UGjJvGY2YM5w,"staff_behavior,order_accuracy_wait_time"
MFWWoYcBFZOc0ev_eFP2Bw,"staff_behavior,cleanliness_ambiance"
Fiix4oGL5PUzjmKaD_u1AA,staff_behavior
u4iH8scGOEyd7mVOVHTNew,"service_speed,food_product_quality"
LDxy1P9TBmHWVZlQTppXXw,"staff_behavior,service_speed"
vcAFBBMWqSiJwyFEeV8txw,"staff_behavior,food_product_quality"
psqiJ9b9e9iKfJkZPCrqgw,food_product_quality
UawtdkhPAbwNiDxMtF83Lw,food_product_quality
apm0PixGPzLPSJcqkaxBDw,"staff_behavior,service_speed"
nfb1VXOht5IL-v8tW-LQ0Q,staff_behavior
-yzqgtjtBmYPam5eYh7wKw,"service_speed,order_accuracy_wait_time"
JhEK2PsbCJTlKqYAzmib9g,staff_behavior
6F9HH2S7CDFJwmHWxcenuA,order_accuracy_wait_time
l5OtPsB-aLBHRKcC7XfQjQ,"service_speed,food_product_quality"
A06AgVptcabuli_EObi4Kg,food_product_quality
S7YHUHyri-7Kas6t5Jpr0g,"food_product_quality,staff_behavior"
_EcYAn7S-E8LjtJcDLUZ1g,food_product_quality
8SEGWiN_6Ysg-YDfitE8EA,"food_product_quality,staff_behavior"
_PT7q8fpOyq_NqknLEIIjA,"food_product_quality,staff_behavior"
UmU7BoVh9RVp3u3INXewEw,order_accuracy_wait_time
VgSJGkWOwUBCjSLt0J-7hg,"service_speed,staff_behavior"
DWN-b0UKNqU0asCBythlHg,food_product_quality
Yc7XQ7nMbEXG3nNrFitprQ,"staff_behavior,food_product_quality"
mykv0x3cSYwyNm7vcRWkGg,"food_product_quality,pricing_value"
5TP8Ski_YJXe-H6kSP3GAw,food_product_quality
oeotnjT_awZPih5Uv1Ah-w,"food_product_quality,pricing_value"
OThosAtyrLQa2qXoiIejSQ,food_product_quality
wY-69w_rE02A0sC_X8xrOw,food_product_quality
i29BxR9ynsc3ic5hO-0N6Q,food_product_quality
3mY-5_Jf-UjZ-jOIUESt1g,"food_product_quality,staff_behavior"
XncrbnQK89nSrmjU8dSbqQ,"staff_behavior,pricing_value"
UrwM25Y4BCQlCnITYK7wqw,"food_product_quality,cleanliness_ambiance"
8F_fUh1-wziSmL5ocZrd5g,"food_product_quality,staff_behavior"
1FCKUbCB8p-97twzerZOrw,"cleanliness_ambiance,food_product_quality"
hx3oOZPYNliKFSFXPh4Nag,food_product_quality
4zy8OTRELsBlXgCryvqikA,food_product_quality
e4MHFZK9kS3Gp23yRZ6mrA,"food_product_quality,cleanliness_ambiance"
wrOws7VQlJP23oyfCAiqHA,"staff_behavior,food_product_quality"
dQiA9RqALm-ssZIeFtsIZQ,"staff_behavior,food_product_quality"
hzYLszSQVTFYxe11nAtJiA,"service_speed,pricing_value"
guUVuyMDePBuYgTvlzwaTA,"food_product_quality,staff_behavior"
YzBnAsXmC7829niM1-VRDw,"food_product_quality,staff_behavior"
OpFkh3luUGdAls2UBrE_YQ,"food_product_quality,staff_behavior"
9fA62MBGTgfAU19lR4jrpw,"food_product_quality,staff_behavior"
mgQPgeZsV9yklpH3PAuYDg,"food_product_quality,pricing_value"
T_oec5rTPa1yjH6sa-KtPQ,"cleanliness_ambiance,staff_behavior"
4kaT57RvzYhrdAONbjt1jw,"staff_behavior,food_product_quality"
EOfz5I5C_XAVvzrSnqLgfg,"staff_behavior,food_product_quality"
uSacCVZnAz4DZlmorMdYKw,"staff_behavior,food_product_quality"
mr5dbHHHjMQrhZ8qZc_-BQ,"food_product_quality,staff_behavior"
MGZykiWIN8bTTp_cF0qOgQ,order_accuracy_wait_time
jhbOVyjq3ix15Cqq8ruuZA,food_product_quality
ugfpgZI5hy6nJ_xiczQutg,"pricing_value,food_product_quality"
aOK7-d9ILESnI5lWyKNm9g,service_speed
HUCvgRLSjk5XJ9Wt8V1x9g,food_product_quality
CR1Ps1yKrcCwDhqQlLlW4A,"staff_behavior,food_product_quality"
MW0ODts86OsomvvsfxPfwg,"food_product_quality,service_speed"
t1Gd0nlaeZBz7JtTSzpWoA,"service_speed,order_accuracy_wait_time"
IjZLQi9MxrxVJs5x0o-rtA,"service_speed,order_accuracy_wait_time"
X2j4_pvGHEaYsuTET1Y-hQ,"food_product_quality,pricing_value"
GYSFu905HbJgfLeEOA4v0Q,cleanliness_ambiance
quTNsayl6GqKIkNFWxOBeQ,food_product_quality
WOq8wbXpO4NhFQ4tuCQS1Q,"service_speed,food_product_quality"
0YLZYLj5qCT026n9GEcoBg,food_product_quality
zNPerCGz4-Q3k4E-9jWZgg,food_product_quality
zRVfCUVGqDnTXp6sSWuJ0Q,"pricing_value,food_product_quality"
8k7dGd5YuJA0KmQsxj1Gcw,service_speed
9t5MJQVQeNA9aVoLmHUU0Q,"order_accuracy_wait_time,food_product_quality"
zwH5HdvA9RwPCz46Xyb-YQ,"food_product_quality,order_accuracy_wait_time"
rOfuhTELv0ZgxBE7l9uayg,"staff_behavior,service_speed"
5cbUQFZxOCKkzeUp--whhA,"staff_behavior,food_product_quality"
bTdCZ8IYvreR3w31ooNDCQ,cleanliness_ambiance
0rX9u4sJc3KXNOIsinEByw,food_product_quality
kqW35lv_FRA3TI2fPPClmQ,"staff_behavior,food_product_quality"
vfSI6bxBzh8fwAg0TKA7YQ,"staff_behavior,food_product_quality"
sBX5lAXOoDr20dlLYUDtMQ,food_product_quality
LOwMz1_ef0VVV7CEmcu7gw,"staff_behavior,cleanliness_ambiance"
6JYIGMI795rCIKG3iAPFWA,"service_speed,staff_behavior"
a_siNOSmV8N7RpJ_RgdJLQ,"food_product_quality,staff_behavior"
qjanfRWmDCYxiecIu6PU4w,"food_product_quality,pricing_value"
OebqRnK76J-17r4bGC-rUw,food_product_quality
0E4jv5J7ksKo29KmYlzvGA,food_product_quality
ed_tWYLxecow78hIDC7P0A,order_accuracy_wait_time
9rmv5fMTB3pxRohrNaHIGQ,"cleanliness_ambiance,staff_behavior"
jq9cwTqvZqFcnchUTYtk0g,"service_speed,food_product_quality"
wYGAo2nvWahHXYn9AFJi5Q,food_product_quality
XYb_4SiXpLUXMEJXr-CzXQ,staff_behavior
yljUL1vrYdyQQu5AdxyGMg,pricing_value
KgP6w2yz7aKDQ_8ukyeEqw,food_product_quality
N-99n1mw2OzlG7ItyIawJA,pricing_value
0joHmxeFL6VbUT0m8p7Pdg,"food_product_quality,staff_behavior"
qx9qQqU94AX-tclco0c-1Q,"food_product_quality,staff_behavior"
iavpE3YiRMMT5DHFU-GPTA,food_product_quality
pkiulue428Wtu1yXWUJMlw,"cleanliness_ambiance,staff_behavior"
KJ_Z9OCAGZDSYYdswkKzNw,"staff_behavior,food_product_quality"
3t5wTxJXKOSUnSLYIhqZEA,pricing_value
jo2M-6bJUWZ2W4Wpn6CWdw,"food_product_quality,staff_behavior"
KbuFyjn_2OKJNqxmczaVxg,food_product_quality
wOI90qUjjcruY93M4Fyolw,"food_product_quality,service_speed"
qKFVGCZt5rUDmbYsJpA5tg,food_product_quality
Fs3QVA9fra5J97UM5ORibw,food_product_quality
1S-dDMNnayhfc1PW4kqrUQ,food_product_quality
pxaIIr7NQM-gtoSwqcmhlw,food_product_quality
gT-K3_REp2vMiboTCx4tUw,"food_product_quality,pricing_value"
D1gvvzTObOo6LGccvqE99w,"food_product_quality,staff_behavior"
_7tyb9Kq36d7fnaRYhUgsw,food_product_quality
vHzhW23tAYmdz4PovHtESw,"food_product_quality,cleanliness_ambiance"
se_ifFmP9DyXLjUc6NOWAQ,"food_product_quality,staff_behavior"
bpTANnWpJaUESExaAFfeow,"food_product_quality,staff_behavior"
VEpJRQLcoyN86UnXLhMvZA,"food_product_quality,staff_behavior"
Z4VR8Sl5IeY1cTmsXJamQw,"food_product_quality,staff_behavior"
hSxxSngKzlz3SpPsNPl3lQ,"food_product_quality,staff_behavior"
8Grm4gGvBHRyBoedwo8oWg,"food_product_quality,pricing_value"
tttopQcnobWFdlmy06JvkQ,"order_accuracy_wait_time,staff_behavior"
6m3MmTboBl3aKIgu8BYDWA,order_accuracy_wait_time
QqGvjaBt8e5LO_2ckOJH4g,"pricing_value,staff_behavior"
xugd33erE7515X8WgnXRlQ,"staff_behavior,food_product_quality"
U3NarimlQSyDspOLjsF9zQ,"order_accuracy_wait_time,food_product_quality"
Cd03dYrKXFxEsMuuK_SERQ,"food_product_quality,service_speed"
nGb94ZRL2dq7OEc-6P_afA,"food_product_quality,pricing_value"
6d8L_DOxuVQNfAcjb5JxTg,"staff_behavior,service_speed"
i43sjjelQbZz-M-BmLBSBA,"staff_behavior,food_product_quality"
KBHeZi_lDzbaayXdQZOfQw,"food_product_quality,staff_behavior"
axNhExcPal0JHzEXlOTT9g,"food_product_quality,pricing_value"
puAKpnGeSBwcR5NHxRaELA,"food_product_quality,order_accuracy_wait_time"
emUhmgtVuqtkR-7fwV3NEA,"food_product_quality,staff_behavior"
WEJxsj0S3y82-S5eUO5gqA,"cleanliness_ambiance,staff_behavior"
ur7OnKpTLlcactKzp_UgDQ,"food_product_quality,staff_behavior"
pdtPJVcLp4psEggDxxB-lg,pricing_value
VV6AKrd3af2kYr8dtaJCXw,"pricing_value,food_product_quality"
HxTjSL-vzqo_dMHoT5AXaA,"pricing_value,food_product_quality"
8Hc8SofNcXQZWPJOgYVnIw,"pricing_value,food_product_quality"
JeUZ2o4i9zUC_X-H2j9r4Q,"food_product_quality,staff_behavior"
Xj1QXPoXAgpKDw1STwukRg,"service_speed,staff_behavior"
nQDvSTC2mi0syKKxon3c6g,"staff_behavior,food_product_quality"
PA4Aa3cRx-B85zXZehnBeA,"staff_behavior,food_product_quality"
5Ay7ZHJvfbpVFZ9hPVv3Cg,food_product_quality
nYtHjrsk-1bTNLGYkvgq-g,"staff_behavior,food_product_quality"
kszd0pKfdWRD9qaNNQY5dg,"staff_behavior,food_product_quality"
-_g94-BCIGFNeIlrV0x-rw,"staff_behavior,food_product_quality"
mMNJOxMqi8bGuL6UZ4IHzw,"food_product_quality,cleanliness_ambiance"
9gCc6_R2iGQgBgwTv7kH_Q,food_product_quality
lW2_gDm6symiLH2N1G5f8Q,"service_speed,staff_behavior"
nUsiJbi1teak_kKVv5pKhw,food_product_quality
Qun0fkNa1kF7C9-YFqhZAw,food_product_quality
plIgsQrgw-3G7fmq_EpJ0w,"service_speed,staff_behavior"
SVP4O3oanbDo4Cg9uNacDQ,cleanliness_ambiance
wkbLSDWoZI6qojpSdhVZ8w,"food_product_quality,cleanliness_ambiance"
UwMC1FyVNtNyciNoU4EDSQ,food_product_quality
GQ4NGGqfIl6DN_I3mYu0SA,food_product_quality
IGD8A5xdspgtLm2lce2Srg,"staff_behavior,food_product_quality"
km7BSXUbYtgyBHiPhvNtIw,"staff_behavior,cleanliness_ambiance"
7zTuuA7SPOWx83KYibdbiA,"staff_behavior,food_product_quality"
LbSzxUMkbhyYB9lB0hN8Rg,"staff_behavior,food_product_quality"
w62wPpfNtO5mOETSusLaxw,"food_product_quality,staff_behavior"
ZkILDF9scA1Uk1kAlXlG7Q,food_product_quality
xO3tiZyS_SV-D8XFeFSZhA,"staff_behavior,cleanliness_ambiance"
65URvPRr1lE_yRoG2AztNw,"food_product_quality,staff_behavior"
JgUYeisVHSCcgEWjsmTaZQ,"food_product_quality,pricing_value"
dmuJieHRdZ9yNhZDQhT6Dg,"order_accuracy_wait_time,food_product_quality"
Qv993qRzIT6mSfhHwGCD0A,"food_product_quality,pricing_value"
_lfMobvWslbsGjl_4M3PXQ,food_product_quality
UvWECeQX2Eez_IIMuS4S7g,"staff_behavior,cleanliness_ambiance"
sdu0dkLReuB_nFQIjMURAA,"food_product_quality,cleanliness_ambiance"
fEk4Rh1022egR1qiWhxIgw,"food_product_quality,staff_behavior"
28t4xEAgi7LkwpeK9b5orA,"staff_behavior,service_speed"
PSIDyvYphrVaNZHLDH12kQ,"staff_behavior,food_product_quality"
_7HsxPUuv2mmBw-NNU67NQ,"staff_behavior,service_speed"
RF_o9lfqWxnYPmwXpMKS_Q,"staff_behavior,food_product_quality"
_1hR5HgJTTCVa_N6jY1QXg,"pricing_value,staff_behavior"
beickGQSMHagxk-LslM71w,"food_product_quality,pricing_value"
97ct7FKMD3CjXywmWixNfQ,food_product_quality
909lBtQE8DDKluAK2C-wJw,"cleanliness_ambiance,staff_behavior"
d5CZe1yhonD6udK5ierH5Q,"order_accuracy_wait_time,food_product_quality"
u3Gzyvinzyd_jiVCZF4_vQ,"food_product_quality,pricing_value"
jOzGrwCssLBLdRyhuz_AsA,"food_product_quality,pricing_value"
9pdo5Bfpl9YHwGCkihmGpA,"food_product_quality,staff_behavior"
P5JNURWNK83nA2Ql2MVw2w,"food_product_quality,staff_behavior"
cboA5XtvySjm7HIe0Pjp9A,food_product_quality
5fyyqXcDNRlw1YszlXYBAg,"food_product_quality,pricing_value"
T8hwkhPdzQonMWao_6a_pA,"food_product_quality,pricing_value"
KUFibg5x3Rn3ZENM0jzWiA,"staff_behavior,food_product_quality"
p2WWnfzhvMkQZSVJp9g0FA,"staff_behavior,food_product_quality"
YOxZs9Xbty2bsq2dLJvWdw,"food_product_quality,cleanliness_ambiance"
J-4EQJ1lM5aQFb5H90q2XA,order_accuracy_wait_time
nTBmqe03xe68zgcSOEtH4g,"food_product_quality,staff_behavior"
0cewMjPxqwTVHEvqLjX86Q,"staff_behavior,food_product_quality"
ixTpdwHtBn85wgWH9HJwEg,"food_product_quality,pricing_value"
Q9ch-IuHwAnHe2faCkuTVQ,"order_accuracy_wait_time,staff_behavior"
sRAIV4Zm3a3cBfEEAfZDYg,"staff_behavior,cleanliness_ambiance"
fAk6IInqe1XSrLXHcbDwnw,"staff_behavior,food_product_quality"
ug-yYEorF8JjRWp9aw93dQ,"cleanliness_ambiance,staff_behavior"
NCiPT1XRqJPaDNB8S6QUPA,"cleanliness_ambiance,food_product_quality"
EGUk9Oje7Wk1C-EMWbE_qg,"food_product_quality,pricing_value"
DOmg5fufydutUoqeD4oIdQ,"food_product_quality,service_speed"
mX52EGNPN-naMBj4k_f5-g,"staff_behavior,food_product_quality"
bzKL2edZ6FxAJszE0KQu2Q,"food_product_quality,service_speed"
8cBprIRGQBZ_MHNS3izwKA,"staff_behavior,service_speed"
YsWLFfrtttv0K3VZqFb51A,"food_product_quality,pricing_value"
luz_xMq4fXAmbl57b0g23A,"cleanliness_ambiance,food_product_quality"
cfTtbnmzmNkPA98Pk-q1rQ,"food_product_quality,cleanliness_ambiance"
5TfJzdm-cBH4O_9VCd8BAg,"staff_behavior,food_product_quality"
6BaQ6EyccDyOkXJX1qwvqg,"food_product_quality,order_accuracy_wait_time"
JEgLUqEzrpNGM2CaKdVBrQ,food_product_quality
YW3BZwRaZoz6Ri9H--Qb_g,"food_product_quality,staff_behavior"
FQlvMPO5UTMusCDpPKZGcQ,food_product_quality
vF7KD4qtEMUxjFGChljU0g,"food_product_quality,staff_behavior"
U2AMrZXpyNpZgQ5A4C91Tw,"food_product_quality,staff_behavior"
6O4zESOTuQiGc6hGj_sUlQ,"food_product_quality,staff_behavior"
fPCjR70l5EFeQF579DnGcQ,"food_product_quality,staff_behavior"
eOqIl2lbKRKe4vdd8K09dA,"service_speed,staff_behavior"
Ce3V4vhAiTgOf7XfrOEoTg,"food_product_quality,service_speed"
kHw2dWf2xB_9t6JoHHyPDw,food_product_quality
KKB4j4jnBbCe7z3FEAbnBQ,food_product_quality
EoWqosszQChj8idGsaJQ7g,"food_product_quality,order_accuracy_wait_time"
O_225Jg0cyAaivh4alN2BQ,"food_product_quality,staff_behavior"
nPpsTtAiuAEpHPqltSgtKQ,"service_speed,food_product_quality"
0RCSCkvqJPcfD-eUA9Is0g,"food_product_quality,staff_behavior"
-H7kD-BYSS7njDuNmWjpSA,pricing_value
FT3bZcaf9yNJVlfAPxhXbQ,"food_product_quality,staff_behavior"
_DqLA0Wd-EmR9QbTodM3aA,"service_speed,food_product_quality"
ETPC1N9FgJ9jzWgLTYD3yA,"pricing_value,food_product_quality"
uoyMSCtBYrvoNKnL3cLlnA,"food_product_quality,staff_behavior"
GjuKURcS-vdREG8ME2hkTg,"staff_behavior,cleanliness_ambiance"
m7ylizosn0IGnCQD12zpAg,order_accuracy_wait_time
woxeseGs0tjcT8wY9jhImQ,"staff_behavior,pricing_value"
rgEM4eoBFuciNXT44jDSrQ,"food_product_quality,service_speed"
hr4wKqWdDrn6WZ2I5nlkCA,"staff_behavior,food_product_quality"
sQ_M8BGC-HYeL5vQ-QwAFQ,food_product_quality
qOpCl3mpzqqrTh5UJf2Wyw,"food_product_quality,pricing_value"
MM-PVZ-HV2NwVQYpvr21WQ,"food_product_quality,pricing_value"
q2MgjG7lFV7DLcmOyOjU4Q,"food_product_quality,staff_behavior"
Bpey9W5-lCjiXrJWIX0Izw,food_product_quality
28kH6HvOkGycVViKSbiCLw,"order_accuracy_wait_time,food_product_quality"
ZhN7Z4zG9rGVfU48a-gl-g,"service_speed,order_accuracy_wait_time"
kTlBmMlhxrWOdWkbqaZ2Lg,"food_product_quality,service_speed"
wAzi7G2td9xP9ibooSZoiQ,food_product_quality
ZoR27783XQuDgoTGvhW45g,"service_speed,food_product_quality"
FEMR5Rt9CAWX1QTXMn4XwA,food_product_quality
8QUOL5Yh9EZOIA-96kqzZw,food_product_quality
iCrUVdUoznyIzTtuCR7-Hw,"staff_behavior,food_product_quality"
mQzIKBV4tDUErMg_p-IPaw,"staff_behavior,food_product_quality"
O-BI2Cmb7pj7IKEOoezCxg,"staff_behavior,food_product_quality"
SOwrpGmsCRlj4WFWWwU0fQ,"staff_behavior,pricing_value"
D7Lpu8NugNyJbjpmgLC7ig,"staff_behavior,food_product_quality"
ZzTwjHa-8PdojzVR1IevuQ,"cleanliness_ambiance,pricing_value"
eXU-xAEMWtththx9qqCaUw,"staff_behavior,cleanliness_ambiance"
iWYXPLxMY6UAhzKU5xvh9Q,"staff_behavior,food_product_quality"
idpCMddGrdxePzT8KkaLlQ,"staff_behavior,food_product_quality"
btWXgBgqRyiVx-SHi7pEcg,food_product_quality
fDpOJUi9Py-AyZcLCCzWbA,"food_product_quality,staff_behavior"
klDWGoC0RrU-MigwB1Y8Jw,"staff_behavior,service_speed"
NuU6WlFpNcrnrZtd0xT4CA,"service_speed,staff_behavior"
dEMu6fhe_Pnq5PpgrkyNFQ,"service_speed,order_accuracy_wait_time"
5Q8gmWVsFTpdi_Ie4r3F2A,"food_product_quality,staff_behavior"
cbAh3-4xEmDfDCE54JPIcw,"pricing_value,cleanliness_ambiance"
me86aSNPPGQwAMch358ujA,"food_product_quality,staff_behavior"
UKQNsz6bUJGfDSfptF9kWw,cleanliness_ambiance
5msekB0oVTZpQYxgPoRMKA,"food_product_quality,cleanliness_ambiance"
zXPvVgV-jU5T6q4EoM5Q5Q,food_product_quality
xY8AMnQ9NqjUMsUIi0Ld9g,"service_speed,food_product_quality"
cRDnKC7Iy8LG-lQCPy1ITg,"food_product_quality,staff_behavior"
Y330T51sCJ8eiwF3Vq_zzQ,"order_accuracy_wait_time,food_product_quality"
iHLkpMwL1BcRk-DC9hp0rw,food_product_quality
K6w8hVX7QV6qhvX6GRMFBw,"staff_behavior,food_product_quality"
KBEnHBIpnsPqEmgZpHmSRw,"order_accuracy_wait_time,food_product_quality"
AnPkLuQey-t5frtAlt8KVg,"staff_behavior,food_product_quality"
1SXtukhiNrX772buImATFA,"staff_behavior,food_product_quality"
SKPQ-4gh_QvwsuoxTznNag,"cleanliness_ambiance,food_product_quality"
LCDi58i9CYGG8JY-q4Jf6w,"food_product_quality,pricing_value"
tH5CBWXcVKNV_hcPtUj2Lg,"staff_behavior,food_product_quality"
qZ7b3JOjW2iBt8ReQ0GWbg,"order_accuracy_wait_time,food_product_quality"
-bltx6e7gaXMK5d1QRD2Fw,"order_accuracy_wait_time,staff_behavior"
XkYCib2tRZYp45C1h54ZqQ,"staff_behavior,service_speed"
MZM3b6PvNv9_U_7h65uzJQ,"staff_behavior,order_accuracy_wait_time"
SvXqysiGDGkfJ3H7J3n_fg,"service_speed,food_product_quality"
sidN7ZZ6vbgbT8aDyN00qg,food_product_quality
Vgw_w7ExE_WyJUhikdstbg,"staff_behavior,food_product_quality"
uTY_zJY1cPDmlFMmiy-KBw,food_product_quality
87c4t6OMYWqGszk0aOBMWg,food_product_quality
i_Fu0KJTGpy1vD0ILapEzA,food_product_quality
LQ7Zunq4dU2KCNvtRnxMOQ,"food_product_quality,pricing_value"
nvdGJmQ4n-M4XTz0Ut-5-Q,"staff_behavior,food_product_quality"
JM_FIUcpJ7u5HnV7DCEg3A,food_product_quality
PsKrEb2t0m8IP3mYBQ_DFg,"food_product_quality,service_speed"
s5zL675sRJ2FGZKkOg6-1w,"staff_behavior,food_product_quality"
uZ5aAtBXvb-HxClbRZXqpA,"food_product_quality,pricing_value"
hyO-_F_bhNrtKND_kPDOUQ,food_product_quality
CYJfF2ooBxhMX7QeoN-i7A,food_product_quality
eXvvSdV_uy2ww2A2-GHGzA,"staff_behavior,food_product_quality"
mRpDXSIhPWI0PyHslwDglw,"staff_behavior,cleanliness_ambiance"
YKeXAUFnNnpnoflKeRYCow,"cleanliness_ambiance,order_accuracy_wait_time"
i6BgK6EMLC0imbyt3KaQrA,"order_accuracy_wait_time,staff_behavior"
gh0GKGOYoXQKIUqyQ9NX7Q,food_product_quality
JOHKBW_6DLYhxa5OeEinxA,"food_product_quality,cleanliness_ambiance"
BqjI2K_BSD5s2DBtlrFTVQ,food_product_quality
22_d9-7FufR2WM09wuXbNw,food_product_quality
QVzTjk2e1UjDLsRgPZFgLA,"staff_behavior,cleanliness_ambiance"
N7dkPIovYKZabK_tW0qB7w,"food_product_quality,service_speed"
oEr38G2PraNfZUqJvcbMbg,"food_product_quality,service_speed"
mKbYRM63lbatfFMm5aksyg,"food_product_quality,staff_behavior"
deZYNLMAlP8TjWur8j2TPQ,"food_product_quality,cleanliness_ambiance"
cyQl9BEmyPLaK0NtnV2zvw,food_product_quality
NSmtNCarHFHMK3D0GtsD1w,"food_product_quality,pricing_value"
p5ZnSYsVNIINohGlSsptjA,"food_product_quality,pricing_value"
gBl0QUMp-sKuwSHBfyF18A,"food_product_quality,staff_behavior"
QcMaTZD4vINy48emXlcwaw,food_product_quality
B5zT_RaIbMWBH83YxEZFWA,"food_product_quality,pricing_value"
0zv18O7ePKNj_DOT-vluMg,cleanliness_ambiance
oabYMil4pH_6TCUqx_sZNw,food_product_quality
NHEfLVZF_VxGLTECfg8xmg,"staff_behavior,food_product_quality"
296gasuxY0JY0X3iA5DlMg,"order_accuracy_wait_time,food_product_quality"
ZSct3389R-p56DVM5S56ew,"food_product_quality,staff_behavior"
LfU5b7TvhL49yhyzDX9Egw,"service_speed,staff_behavior"
fu4SV_ccoJERWqBWDtnp3Q,food_product_quality
ZeGrwYLhFLZNtuxsjQ2LdQ,"order_accuracy_wait_time,staff_behavior"
7Cf-7ppcGijkXCRUAwB2xw,"pricing_value,service_speed"
_gaijtKgUqdDNvuhZ7z5Hg,"food_product_quality,staff_behavior"
ro1XEX8jNTi2A6RG_UHfJA,"food_product_quality,staff_behavior"
N3UIrGah1t9Oz2aZqxBlaw,"service_speed,food_product_quality"
Y1zVr00wxSbesNjty8EWjQ,"service_speed,food_product_quality"
fRiVxXL-cUDEOyWkhlizYw,food_product_quality
agrwbfLxIBnl6JiXc1d50w,"pricing_value,staff_behavior"
Wbc5y4qLdRMh45fDAgoRnQ,"service_speed,staff_behavior"
KEDDZ8nEHrMNpr5vxivcKQ,"pricing_value,staff_behavior"
y_u0OqmvRpGrQtkJNDbb1A,"staff_behavior,cleanliness_ambiance"
jqGRqwhdyg-vyKhC_FiGSw,"service_speed,staff_behavior"
FFYeuDy8W2k0l3u4YeYMDQ,"pricing_value,staff_behavior"
ltw38k1yloUPA4JDHdJohw,"staff_behavior,service_speed"
2XR5QtdjuR1TIH5-60lUEw,"cleanliness_ambiance,staff_behavior"
aVvno4lLG_OR9abnn-okkg,"food_product_quality,staff_behavior"
h0nbTpWbxC0SI0Z5O7Q-5A,food_product_quality
xpOZgOgEqus6F_DptITztA,"food_product_quality,service_speed"
dt1RN23YBnY5cDLYh5UsqA,"food_product_quality,service_speed"
3CkpBvOpeQrO7lvZyKrRLQ,"food_product_quality,pricing_value"
cmK48amjYNk7_rMa4hP-sg,"cleanliness_ambiance,service_speed"
4cPjWWI6liGfHQ4OoUzkMg,cleanliness_ambiance
dUq0NSHontUf5bxzxWG8rg,"food_product_quality,staff_behavior"
K2Pn5dc6l46-5gUfaOkEcQ,"food_product_quality,staff_behavior"
SOjYe686Zr_vSFjYw6U_Mw,"food_product_quality,staff_behavior"
0BTGuop-1u0aKTAO3KWMWA,food_product_quality
c6J3MArbcMrbGRZVL8WMOg,"food_product_quality,cleanliness_ambiance"
EbKVhGhW7shBwTUMDd2aPg,"staff_behavior,service_speed"
gRmORxuxzAgjF1pJjFV4xw,food_product_quality
6jOgIWlYG1Cl13NnA-7doQ,"food_product_quality,service_speed"
CirRETDlc9p0xvpBFX0tNA,staff_behavior
gZ37bCbLLCX3GUBuhKyxcQ,"food_product_quality,pricing_value"
PuVlDUs5cM1j3gexRpYsCQ,"staff_behavior,order_accuracy_wait_time"
_rOkwuU4LP5Xxf_D_pCZfg,"food_product_quality,cleanliness_ambiance"
ibiDsnonT7_vfPNnKQHhYg,food_product_quality
jyb9hmWptyiaWxtvxriARQ,"food_product_quality,order_accuracy_wait_time"
Le_g5_exHDDtlQkLOD8hRw,food_product_quality
U9Uzdmq8DadE0oV5hkDeeA,"food_product_quality,staff_behavior"
XE2ncya_Vhj-cqd0EE-ijQ,"staff_behavior,food_product_quality"
pudiXUh-8inEq4r9QNwqZA,"service_speed,staff_behavior"
C9Azw0mKDNH55_j-IltUAQ,"staff_behavior,cleanliness_ambiance"
FFLiYZPYjFC3j7o-SUirEg,"food_product_quality,service_speed"
5FEPAC9ngdxiTtBqLS1-Nw,"food_product_quality,service_speed"
iiMsuh5IZme-JgSVBD-lmA,"food_product_quality,staff_behavior"
Y8hLZ2IHHe-QQmok4k95Qw,"order_accuracy_wait_time,service_speed"
9xfnhe0wC5auRHWqQNO6Kg,other_none
_UQXTI8TDRJKZ0Q5B1qV-A,"order_accuracy_wait_time,service_speed"
LsehI8_rbBk0BcxzeWPp7Q,"food_product_quality,cleanliness_ambiance"
yS53HQ_9lPSilv4UWDE1rw,"food_product_quality,staff_behavior"
VekD6KC-nDWqzbQXkyT3mQ,"food_product_quality,service_speed"
JJY8rb_4phCUtCa0_TvNqA,"service_speed,staff_behavior"
tIpX3kJ8rcbuWcjpwkA9ig,"food_product_quality,staff_behavior"
oAfwqxrENdygOwBS2Pgrxg,"cleanliness_ambiance,food_product_quality"
JpGji_fOCcN3p3e6VIFs4g,"staff_behavior,food_product_quality"
Sr16hgSkM__wjIyXl5uS-g,"food_product_quality,staff_behavior"
Xh_XDU-8DocGs9mNpAS_rQ,"staff_behavior,cleanliness_ambiance"
DEDHnlf8OSQo2af2JAS9sw,"cleanliness_ambiance,staff_behavior"
0RVNcVzSsTcs_iYgiLy2Cw,"food_product_quality,pricing_value"
LTUiWXmu06TiL-edSQQZLQ,food_product_quality
pF3cGBV_O-owXU9a6B0uww,food_product_quality
iuahUo4k1uid1j1lZE0Agg,"food_product_quality,pricing_value"
AzmxWKhttq_0U2vUkm0X7Q,other_none
5LuWu43mVPFB7G_EH-NUXw,staff_behavior
LNZwHXXzNy4OZ_cbo6BwMw,"food_product_quality,staff_behavior"
HiCv1mCVlVX0nzSJUt38Iw,"staff_behavior,food_product_quality"
kkZJxca_cIxbOlwR-UpgnA,"cleanliness_ambiance,food_product_quality"
wpzat02Moh2OFn2IivrDBA,"staff_behavior,food_product_quality"
mtDAUrUqS2O-xDBV_5D2fQ,"food_product_quality,pricing_value"
0st2l1oNTfvaMwIGWN1STQ,"staff_behavior,food_product_quality"
OLrdXi9pLoaK6bMVedubTg,food_product_quality
xHcBarPQUJtx6wVS2ieX5Q,"food_product_quality,pricing_value"
o2QJwrE3SwbMuhDvC29JAg,food_product_quality
tQ3H1SgT1x44i60LOqPFmQ,"staff_behavior,cleanliness_ambiance"
kZp4kAxsXLpr2G4DJzWmXw,"food_product_quality,staff_behavior"
lBiD9REXUDvoV9WEKO-eSw,food_product_quality
CjTmgqfgJr4z_h9wAbRjcA,food_product_quality
iVgQgla-d3bqjTDRNUqjaA,food_product_quality
LgYfwXJcPIpgPvM9nz_ggA,"food_product_quality,staff_behavior"
_Xh5dYt2hs7UY4Arcd_QIg,"staff_behavior,cleanliness_ambiance"
0SlDWhoZo6bNLjuM8bgG7Q,"order_accuracy_wait_time,food_product_quality"
XU01gVMU2VEQH9GB35T4Jw,"staff_behavior,food_product_quality"
ObC9Ab0_mxz2EEDVfL9kUg,food_product_quality
PnEVyQWgrIZ2otlZZXgNxQ,"food_product_quality,cleanliness_ambiance"
OSpNdo1hMkCRp_XEou3p1w,pricing_value
Ke4K73I32JvY6SK8m298kg,staff_behavior
FPOvrAJT133zXdM1hJxrXQ,food_product_quality
9Py01HznfuSqHm-dUAw7xg,"staff_behavior,food_product_quality"
bOvLSk5J25tp72ECkKG4LQ,food_product_quality
QpoJmVQaW48a5Rose6nKaw,food_product_quality
poiEmugF7Rru6jIVsACnow,"food_product_quality,cleanliness_ambiance"
q1F6KaeQRob87q_qGAggBg,food_product_quality
FM_iD04LHXdgZtgW7Z6bZA,food_product_quality
9hBPh6J7G6OFS6SAG0StJg,"food_product_quality,pricing_value"
-no4ZpDXyTbfQIOONivuNw,"staff_behavior,order_accuracy_wait_time"
cETOhNvVz5sqj5Ok-XwDuA,"staff_behavior,order_accuracy_wait_time"
t_-Hq9fT89LH-jUrDawxXw,food_product_quality
KUxL_N-NWlr1ALVURFlYpg,food_product_quality
AUOPG6Jz0ropqVobV3Qw7g,"staff_behavior,cleanliness_ambiance"
7l-dlIWa9UQYUN0KT_BXBQ,other_none
9CpiVV4U0pLSEk8LEkjVjg,staff_behavior
5WFE_2U57tQZdETuIKh0jw,"food_product_quality,staff_behavior"
Szur5ayaPwdMRBg-r2B5gQ,"food_product_quality,staff_behavior"
ZA5xo1ihb_KBfbsk6uOYbg,"cleanliness_ambiance,food_product_quality"
ayCareL2Bkki3YQetHfgBg,food_product_quality
2EZR2ZoLfLe8DKd3RVMnBg,food_product_quality
PPM7jdIcAhCqTELB3CyQWg,food_product_quality
HMbwKu2_kel6PHrGG4BbSg,"food_product_quality,staff_behavior"
vlsy8bplsQYaDMf8gYBc0w,food_product_quality
sQzrSrEzF_TZ9tV4RVsjkg,"food_product_quality,staff_behavior"
2BmlEXy0naDpeMP4rrpRsA,food_product_quality
i6-59h8Y7vSJkqXTHzJE2w,food_product_quality
BBBIS0AGt7kmAeNgJeJ0yQ,"food_product_quality,staff_behavior"
8CM5IyoFPYUPtnPTpA9hdw,"order_accuracy_wait_time,staff_behavior"
SiIJVUFo00vr-MPX6pOEhA,food_product_quality
LPmU_6vRE_y5jUOgHyABqw,food_product_quality
DKMLE_zFUXThKGIDxvH8nQ,"food_product_quality,pricing_value"
QAI7pdqtMmmO9Bnt3bf0sQ,food_product_quality
tdFciw8CXCpKcceMgjttUg,food_product_quality
WaFG3jOEd_mmEHwvce6c0w,food_product_quality
d2OlpHpgxG3e-rjHkLYo-g,"food_product_quality,pricing_value"
NtF7WJNenn_ohwse8DieaA,staff_behavior
-mWWG630FtEpNdczbJywaw,"staff_behavior,food_product_quality"
K6jCzFwidETK-aevJXqGiw,"order_accuracy_wait_time,food_product_quality"
E1EB9ooajLhOzglbWIIZoA,"food_product_quality,pricing_value"
Cl9gGttg2s6S_uZx61j6eg,"food_product_quality,order_accuracy_wait_time"
nMzFto20oDUPaD3IPLG7XA,food_product_quality
wKU8O0_aQtLUJRP4zGBi0A,order_accuracy_wait_time
8hLrBqbHEiW5JwFH2hJx5g,food_product_quality
I_fAecWYmrd28zJGkfIM_A,"staff_behavior,food_product_quality"
QNtkqj2NtF-b-W1t-JqQ-w,"food_product_quality,staff_behavior"
D72jzjq0NUe7xrhpRPGWOg,food_product_quality
9xoZhOYnbfFsu1kv0yFpPw,"food_product_quality,staff_behavior"
KjoG5L71SMnrR9VAcdz3_g,food_product_quality
81bk2Cb0Xh-jcA36mTXviA,staff_behavior
Vb9RywBYzjEHZp__CHge-g,"food_product_quality,staff_behavior"
ykSqLuRKBOGNPeHJkOVIvQ,"order_accuracy_wait_time,staff_behavior"
LdFkPJLa0mYE_N0LAkDwiQ,"food_product_quality,cleanliness_ambiance"
5skVKDD9ZLBvjcKBD_p3YQ,"cleanliness_ambiance,staff_behavior"
kor0z7Mqgm-lNUAx-VofmQ,"food_product_quality,cleanliness_ambiance"
2O5jSm8tHwm0MrEb-B46Cg,"food_product_quality,staff_behavior"
CxzuWvO9jzbFNLpKGzt2oA,"food_product_quality,staff_behavior"
XPcM6PDZOEgZcqeqz0QVxw,"food_product_quality,order_accuracy_wait_time"
EPulsOE6uhi3HePtQbuaLQ,food_product_quality
aL4zZ1xY53OPjoNiVaE3Hg,"food_product_quality,staff_behavior"
_62aihol_dFXPNuEq1XCXA,food_product_quality
hIxFRMxkUucZvkmFqfiOfA,"food_product_quality,staff_behavior"
zXxL3xQhAqnvuwOuBmhu-A,food_product_quality
QpPgjZwGIa1PWOflhFZ6SQ,"food_product_quality,staff_behavior"
kzDKNtlC2KNdBbSXmwVV4w,"food_product_quality,staff_behavior"
cPaU_kjafJxbG_VX47dokQ,"food_product_quality,pricing_value"
yQ3yj37M3zJuwllLttoX1w,"food_product_quality,staff_behavior"
sqPAe0wMGN5OVu4la00O3Q,food_product_quality
sbid3YX9JivjstInMTF2ig,"staff_behavior,food_product_quality"
LtEnlmw27XHlV2khU07fkQ,"food_product_quality,pricing_value"
blTYJtdr3J6mCkNzV9bOcg,"staff_behavior,food_product_quality"
0I2r1ha1S0LWpYMSlnAPKA,"food_product_quality,pricing_value"
O71WKBmK-6KPyOUkbff7Qg,"food_product_quality,cleanliness_ambiance"
i4kHlNZY2TP3EhxXngJLmA,"food_product_quality,pricing_value"
USSQJ59V8ub5bq8n22rCYA,food_product_quality
g07khhpoYAhMhFa1KpU63g,"food_product_quality,pricing_value"
Sy3kOcLCfnlKIJCLX_bMHg,food_product_quality
UYzeYY-I_kO_lzx0fShnXg,"food_product_quality,order_accuracy_wait_time"
ERGOsFtFcBpJmUCQx-sw5g,staff_behavior
P35axgnMvzVS2J01l7_LwQ,"order_accuracy_wait_time,staff_behavior"
5f_qcrf2d8UMyo5MAUjtKA,"order_accuracy_wait_time,food_product_quality"
3MrWqGIGq3Civ6RTSm1EYg,"food_product_quality,staff_behavior"
WcDXBpB1S_WCno5X9SVutg,"food_product_quality,staff_behavior"
eoGvVJCw3b2BWNir3iJ6jw,"food_product_quality,staff_behavior"
4lWRWwyOTL1Kum31FVeKKw,food_product_quality
2aP5-YeIe9xw4YoQMKA0Ww,"food_product_quality,pricing_value"
egaCChnroqDbD92wJqfVvA,"food_product_quality,staff_behavior"
czVVDZ7WZiXvNhwZGbUprQ,"food_product_quality,pricing_value"
BilgHEPJ_a7bwU0yQZGcjQ,"food_product_quality,pricing_value"
-0HEI_qpmjBXgKmMxlD4jg,food_product_quality
GzFzaJugXbSaSo40VDK0mw,"food_product_quality,service_speed"
h6lpNo317mkHJ1w0vxO9JA,"food_product_quality,staff_behavior"
gsSBxzOxWf4CICDo3O-izQ,"food_product_quality,staff_behavior"
k-3AVaKilNSOyJJTdWxq0w,food_product_quality
bsbCSvD7QSiLXQO4E5a3fA,"food_product_quality,staff_behavior"
7iMbZCt5NfTyZC4pur69jQ,"order_accuracy_wait_time,staff_behavior"
KnpmciZyEkeNrWOYSanlpQ,"staff_behavior,food_product_quality"
DU39uju4LGR7brjY7anFRg,"food_product_quality,cleanliness_ambiance"
jywjTEZhiMueTRmxpjZ04Q,"food_product_quality,staff_behavior"
NXTlhKbKGeQJOjVuzT3KtQ,"order_accuracy_wait_time,food_product_quality"
vuM0Kad4RO3Vi9MpG8TMtA,"pricing_value,food_product_quality"
j8gQ5ILhly8EZSujuOoE4Q,food_product_quality
u-zDgjlW6_pmMc6GxkE-8w,food_product_quality
-WvFeLgP6SlhElHnrItkzA,food_product_quality
JTLI1FTDocgqJm4BUyjEiQ,food_product_quality
lnQzTVlIzVjhn2UW7ffiKA,food_product_quality
OkeVjPWv06LGzed05Nke6Q,food_product_quality
jTKhp6PjtUfgRPGbE_-Cwg,staff_behavior
i3XQXob-gZgwunFW6OAIEw,"staff_behavior,pricing_value"
EJwrEbPCHN6y4xbmvEB3Vg,food_product_quality
KN70hn5SmdlwIsSCDXVoOQ,staff_behavior
gfvXzaq5HymQDhR68rkJRw,"food_product_quality,cleanliness_ambiance"
NduEHy_JuGDGKiaa758IRw,food_product_quality
Mv2aieSKp5FFgrLRpp6uBw,"food_product_quality,staff_behavior"
c76hWeTGIRKaOqxEe-wkKQ,"food_product_quality,pricing_value"
Wd98uFjgMKlDdfBeULyZww,"food_product_quality,staff_behavior"
l2jxX85j-EYoMDsYygALrg,"food_product_quality,staff_behavior"
BULakHSFPxs_5A6QnWwmog,"food_product_quality,pricing_value"
J3x8A06q2lAokQISy41sOg,"food_product_quality,staff_behavior"
tmFpv79NPUSRSxOklwpTvA,"food_product_quality,staff_behavior"
o_P7OZxLABfs5ZJB1PGpsw,"food_product_quality,pricing_value"
9inEKoMWdYJSbRkiWE9pAg,"staff_behavior,food_product_quality"
Cn8pwMvndPl7q2zr_3GGiA,"food_product_quality,staff_behavior"
zNRnZneL8VbPIja6Uc4mzg,"food_product_quality,staff_behavior"
MWBGrj0XjvwSdwhLT-IAdg,"food_product_quality,pricing_value"
tDnvvS8wtTA8u0Xq28lhpw,"food_product_quality,order_accuracy_wait_time"
xpEXSnNNCMPbJuxWekjhaA,order_accuracy_wait_time
EdVp9aEycW_AuDPwubejAw,"food_product_quality,cleanliness_ambiance"
U83pN-v8E6_UHdvDp3n9jA,"food_product_quality,staff_behavior"
vhtzeXsxg1XjF9aQc5sjpg,"food_product_quality,staff_behavior"
IKkGZUOVJuK8hd9ovLhPzw,food_product_quality
t3rMyP0NZ1bAOCA7HKhzEw,food_product_quality
7xOBHnx-gRadik4mLAqNkA,food_product_quality
wmmCnojNGoKNmMn8yBLONQ,food_product_quality
3F8oPC248RDk_YsxvHShlA,food_product_quality
HYa775WaUzfebCOV67Kwhw,"food_product_quality,staff_behavior"
KO0UxsasD6Ygz0wT7yqKWA,food_product_quality
2ITl__LddEsgmbGyoLfLWg,"food_product_quality,pricing_value"
RGG7bIMsDSZuYGWKO5hihA,"food_product_quality,staff_behavior"
dfCm0nSiOrz_918RnbK5Yg,staff_behavior
JKhorrYLjl-tgMpBVKHk7w,"food_product_quality,staff_behavior"
oEgep5wUEO6jbWKUnmtRxQ,"food_product_quality,cleanliness_ambiance"
S-q9KGONZJF7FiBofsme3Q,"food_product_quality,order_accuracy_wait_time"
AWB9SF7_EGfUA9QkgHSnRw,"food_product_quality,staff_behavior"
p0RlltbxPt8zt6s6iB9IGg,"staff_behavior,food_product_quality"
iTks1KuWMqSPPq2aRU-p2g,food_product_quality
CxrSB6yNR21o8wzs5ee_Ng,"staff_behavior,food_product_quality"
Nw2j9s3W_dLCZTG3bgN5EQ,"food_product_quality,order_accuracy_wait_time"
QO45ufv0MrqH0zWcfQlKSw,food_product_quality
gyeATAxLCCFHp6odpyAMrw,"food_product_quality,staff_behavior"
n24zoc8S40kW6N-WHrzklQ,food_product_quality
1ntRaSxkTEhQHJ9lb1pS3Q,food_product_quality
GqKPWJkjwIrRfhqjKjCcGw,"pricing_value,cleanliness_ambiance"
boVutMae-jrypY_uwkTltA,"staff_behavior,food_product_quality"
g0vQKRhfrK9-DEUVW5vcYw,"staff_behavior,food_product_quality"
OB5aSaPWy0g0mEv9jIJTsg,food_product_quality
tNcyMzmKlzCizdH4SBunbw,"food_product_quality,staff_behavior"
E8J67U2CO0jJtYp-Ukh_hg,"food_product_quality,pricing_value"
zAAG7-5MOq6C5dzIh5dO6w,"food_product_quality,staff_behavior"
dLcL1to4dOEOmVngP_PfMg,food_product_quality
NzCtMKphG06Q0aPHCKQQjg,"food_product_quality,order_accuracy_wait_time"
ZxXfOMSiKC2_mFHCaDXLDg,"staff_behavior,cleanliness_ambiance"
mwysix31CIhbGSByKcqZLg,other_none
rrAYg_MDo9Ahv-s22psdVQ,"staff_behavior,food_product_quality"
5XJ7XYcbCoJUlKDZUrI9dg,"pricing_value,food_product_quality"
TXpvXlNAvJcq9TsO_n9T5g,"cleanliness_ambiance,food_product_quality"
w4AYYFVLthrQ6SN767p3vQ,food_product_quality
O4O38rRUst-dHAyjfXKm9Q,"food_product_quality,cleanliness_ambiance"
UFJJQSDdFkvcqci_Ac0N9g,"food_product_quality,staff_behavior"
drnar5HHqDtDauxeVN55zQ,"food_product_quality,cleanliness_ambiance"
5xbEZ9dhEyZit32sLwwddg,"food_product_quality,pricing_value"
Xbf-EcBPsfgmOB1qGy4IeA,"staff_behavior,food_product_quality"
5b396umj3-AoVNa0eW-Rgg,"food_product_quality,pricing_value"
NyTnlWF0ZsN0Geqf7vL9gA,food_product_quality
RVhh4u_z3P5rOgP01hFqFA,"staff_behavior,food_product_quality"
9CuAqfNGapSsJ5nWKFgtXg,food_product_quality
NnUFGm6HJOD_heW99Zz1dA,food_product_quality
p8yZKn-IVJC12ktvyAlgQA,staff_behavior
QAOljRzuKCa5IEvEhRXOMQ,"food_product_quality,order_accuracy_wait_time"
QKwxqpXZdE1e3xOjyO4A1A,"food_product_quality,staff_behavior"
LOu6D2Zw2RM4ZVw4CnyzmA,"food_product_quality,cleanliness_ambiance"
Kk5pfDuPrZGg_zzA_I0Y6A,"staff_behavior,food_product_quality"
9YYX6ZRk9fo9UFbqp2NtDg,"cleanliness_ambiance,pricing_value"
3wuGybpeyuU8ZPhSnEy3Rw,food_product_quality
Tn_I7jONI8OgWjoIB7pTeA,staff_behavior
uCAPuBlzXIlMeFM17SVE-Q,"food_product_quality,pricing_value"
08jdzGgv0xMMkoIz-TFFnA,food_product_quality
4xwirOoyhDBY-tDJNOncBw,"staff_behavior,order_accuracy_wait_time"
yQNkg8QxIchGTtkio3qKnw,pricing_value
kgkoDRBtedeDPdrGUtz3MQ,staff_behavior
YgND9fLZG-VMzdDVPUtQ0Q,"staff_behavior,food_product_quality"
-1QGQtlhcWtJVN5ETDOG4w,order_accuracy_wait_time
fCTtq8UhohvUKwJw33zqoQ,"cleanliness_ambiance,pricing_value"
UpP2AnlTBmkAviuvVviZyQ,"service_speed,cleanliness_ambiance"
AgeD1hMKA4sPfHkeRCnjdw,"food_product_quality,cleanliness_ambiance"
RRfH_15-B-qhP7Hk28qQZA,"food_product_quality,staff_behavior"
tukO0Rm2HoGuD3DevQ6_6w,"food_product_quality,cleanliness_ambiance"
qbtqspJwcWbQdG7hXCd2sw,"cleanliness_ambiance,food_product_quality"
TyP3t2FH6QtjMZcsW8pMaw,"cleanliness_ambiance,food_product_quality"
90YviajL2mu43sQ01ENZAw,"food_product_quality,cleanliness_ambiance"
TvQN0sBrGQe7HUgrMgD8zQ,"service_speed,food_product_quality"
53lsYsD7QO-x9kXEXpE6-w,cleanliness_ambiance
oGTwUT-p0qlP2brSbsd2ag,staff_behavior
Hgt4z0voddp03mmVzTzojQ,"staff_behavior,food_product_quality"
-DvckWr9H5ckdXeXJOrjmg,"pricing_value,food_product_quality"
-UT2fO-KTj8M84Z9vW6u9Q,"staff_behavior,pricing_value"
suQ9QBAeeisjMxSpFhD09A,staff_behavior
iiQwOVRxYZlHffEn17zMLA,"cleanliness_ambiance,food_product_quality"
IXJJP5eJzJX01FAI41X1SQ,"cleanliness_ambiance,staff_behavior"
CCjVrW1imLiTwtL4OCAQbQ,"food_product_quality,staff_behavior"
DmHzmQ5xiWifFSUOcFmFlQ,food_product_quality
1TRiyJGc0LcqNGRLY0XJmA,food_product_quality
OQXwSme2_2skxgcMZ9BDgA,food_product_quality
K0fR179FxhtMjPlWOsBtQg,"staff_behavior,food_product_quality"
nb8kd9-NbLL9cpRdsuFvcA,"staff_behavior,order_accuracy_wait_time"
_0f1XRcfUyB6pQ0AGpQkow,"pricing_value,order_accuracy_wait_time"
LRcm4UM8nglFfTeIau9jNg,food_product_quality
oXBtnWQAoai5oue9DoXBgQ,"staff_behavior,food_product_quality"
3EkPlXvSvUU3uczJHOmTzg,cleanliness_ambiance
HChSZz9pVKfDMgWx-pWmxA,food_product_quality
8gk_eHmheIdueJSfBkM1QQ,"food_product_quality,pricing_value"
bsG_0g8-jpaxCA6XZz8QvQ,"pricing_value,staff_behavior"
w3IlySgBSAfCW-rxn_UGuw,"pricing_value,order_accuracy_wait_time"
_32xGGrYQTugg_PVc0O1Ow,"pricing_value,food_product_quality"
ExTtcYiBeoRz8VNlOZjI4Q,"pricing_value,staff_behavior"
S2j9AVO4N1Ksd8_ArHgdpA,"order_accuracy_wait_time,staff_behavior"
H9NYVMyXwFvquCKP4Mqanw,"food_product_quality,staff_behavior"
DqROGpA5rFcvYZtHsgvq8A,"staff_behavior,pricing_value"
boL1oIG7CSxlhN7LUhqrHA,"food_product_quality,staff_behavior"
slwsYLTTH8PlQrDVpBYAmA,order_accuracy_wait_time
_r4fMe9202o2HOKdPLFe7w,"staff_behavior,food_product_quality"
x0t_6-R9ONmgIXAKQgEYyg,pricing_value
Ni2h6gHsj86bxRqihJti2A,staff_behavior
02UtLzKT7Q_x8mxLxSrGXA,"food_product_quality,service_speed"
JxSHQHVHRPAmkMP2j-LozA,food_product_quality
J4htOALvTIZd6cP8OCZyGg,"food_product_quality,staff_behavior"
oMI1Fnz3fUgKPzUEA6ExOA,"food_product_quality,staff_behavior"
--FlNbnQrzpsppTrXOAN4Q,"order_accuracy_wait_time,food_product_quality"
qrhwQYvs7vkqNPrbJ6RwVA,"order_accuracy_wait_time,staff_behavior"
6KPvid-xI8VfETwmSsN9MA,"food_product_quality,pricing_value"
fwnfz5rVuseF1BHPOA9zOQ,"pricing_value,staff_behavior"
8v7EcsEJoXMV5GNsEZE9Bg,"food_product_quality,pricing_value"
_H7839308kkjFyuDbPJ2xw,food_product_quality
LY8_5tPgF6_5-yd_KpveCQ,"service_speed,food_product_quality"
woxLXSieA_9CFWTWvVGMuQ,"food_product_quality,staff_behavior"
jrpGCx57qHrjdqMNoO0CqA,food_product_quality
Wl_O3m4LANUB8aJILVBrCQ,"pricing_value,cleanliness_ambiance"
CQaumTfKXLhOr1MguxYwGg,"food_product_quality,pricing_value"
r32mNVwtEFVt_WWuYuoThg,"food_product_quality,staff_behavior"
o0tOIuT1uJXsiTz1hYW9cA,"food_product_quality,staff_behavior"
R28dAx8rT8XJOBcqO8xl0g,"food_product_quality,order_accuracy_wait_time"
7lnbvubnWelE5siSx4QEEg,"food_product_quality,pricing_value"
DkRmleJPxx83geU8o6Ah7w,"order_accuracy_wait_time,pricing_value"
FzI5ty9OXp2Ve17Xk6js7w,food_product_quality
_Td38eEZK5RMVI24dHVqIg,"food_product_quality,cleanliness_ambiance"
dBbBmVGSj0_HYEFmEYExXQ,food_product_quality
2xxFOKQpd0XN1nThcirUSA,"staff_behavior,food_product_quality"
HfNCwFOfdk_TTVS7Q_Vmgg,"cleanliness_ambiance,staff_behavior"
Kn1j_v9YxPBMaG8V9na09w,"staff_behavior,food_product_quality"
PsyEFrVvW67CAfx6oKyABA,"food_product_quality,staff_behavior"
V8flweFbTo8RPwd1qDHKMg,"food_product_quality,staff_behavior"
s_0G_qPKEwOZsD7djJNZXg,"food_product_quality,staff_behavior"
kxtflDsfCmpgenMzkIgV3Q,"staff_behavior,cleanliness_ambiance"
2DH5aXDZd4o4B0MDzfYrXQ,"staff_behavior,cleanliness_ambiance"
pK8zHorrkcaHLLzD_bbf8A,"staff_behavior,cleanliness_ambiance"
uzL9_64WWFqg5hrd9Fp7Mw,"order_accuracy_wait_time,cleanliness_ambiance"
VK43z5Yji-teNmOf5Zm0zQ,"staff_behavior,order_accuracy_wait_time"
TlVa5ULkxrJ_ShNs_K3vOA,food_product_quality
QuYOjJDc8sRo4zaM2yZlug,"food_product_quality,order_accuracy_wait_time"
guVgsbwBVn8wAQxwC9l4Hg,food_product_quality
Y64MyzaRe-9mOeEsG_PiqQ,food_product_quality
7c9p0zuSTEWjOKQAKrkpzQ,"food_product_quality,pricing_value"
TZkFP81q8zVweg5mSKm3rQ,"food_product_quality,staff_behavior"
N7Jj0FzOYGcvGQo1pzpLmQ,"food_product_quality,staff_behavior"
PckFXgJFui1kKqHfT56J6A,"food_product_quality,pricing_value"
O86b73HcGUfACA-2D8PkDw,"food_product_quality,cleanliness_ambiance"
NoHB1czNV0sWC-YBjvAVqQ,"food_product_quality,staff_behavior"
1kDp3vJMxb_ArORHQIp9Ww,"order_accuracy_wait_time,food_product_quality"
qd76iPGICmVQr0lD-IX8-w,food_product_quality
dc1KG4__lTYp94_xEyAIjw,"food_product_quality,staff_behavior"
G-TNT5l8dTJVlDvpgx1XLQ,"food_product_quality,cleanliness_ambiance"
qipVaf9CWoFFV9GbjQnHiw,"food_product_quality,pricing_value"
h77mNLojzHNioBIJ34AjYA,"food_product_quality,cleanliness_ambiance"
7e7zwzoADRaHgMi7wUagBA,"cleanliness_ambiance,staff_behavior"
dvUCrz6UiuqFrCkd1c4V1Q,"food_product_quality,staff_behavior"
nl0yktnCr7S6vwhyRgfutA,"pricing_value,service_speed"
4UIHo8wTHk1XRa8OpnceoQ,"food_product_quality,staff_behavior"
kEO0bv50wNJkjnrUVffdaQ,"food_product_quality,order_accuracy_wait_time"
cLrPRvFjz-Z8aibLKyhdew,"food_product_quality,pricing_value"
EOC2x1RDNfd8gpQxu1LpAw,"order_accuracy_wait_time,staff_behavior"
1HmFSBF49JGr9j1P2oh17w,"food_product_quality,pricing_value"
w_ShP7Sr9Rg7apr5UJJjuA,food_product_quality
ppij35b7ufZoKicYsYy78A,"staff_behavior,cleanliness_ambiance"
IDTxX-0xFIkdMB63sN8Ieg,"food_product_quality,staff_behavior"
Z4lIYXyNAPdZxMrVkYVnUg,food_product_quality
_upOkEZZnrfw0NZRwQ_p9Q,"food_product_quality,staff_behavior"
PKl-ob74XvKTyAabTs0OxQ,"food_product_quality,pricing_value"
TfmDXzFzuCiRKl32bM1yUQ,"food_product_quality,staff_behavior"
ou4ETWpMFQa6xVF88rPyeA,food_product_quality
79EmuP09uoZiqkgb-dAQgQ,"food_product_quality,pricing_value"
_jvQwUNbBhR3ddTvN-Sm1w,food_product_quality
ho5ircOOcRelBFgeNNRprg,food_product_quality
ueDZYb0gH3uzym-LzuNCOA,food_product_quality
wWtfFFwpE1cl8An0Cc0MMQ,"cleanliness_ambiance,food_product_quality"
Ez3h78EOrkLKictE8sRoqQ,"staff_behavior,order_accuracy_wait_time"
Io4lEukdQ9q5M0oyBZqgEQ,food_product_quality
Iruj3kB16rblmNszDl19jg,food_product_quality
U_GcvywxraZe36wx11_UrQ,"food_product_quality,pricing_value"
h9zyM0MaGWO1ozNBLdb_DQ,food_product_quality
xJT799gT7ie0uSUsdQC0Nw,"food_product_quality,pricing_value"
wlgTmR1bQRvdY4wE-NJ92g,food_product_quality
QOzgekEO8HhRCsTZgjJxMQ,"food_product_quality,staff_behavior"
p1h8jRA4oN-yIl9GL-jctw,food_product_quality
Q5jxeuJYy9i0eCEa0C_pHQ,food_product_quality
AR8Hu0JiXci6SzaZmtcaGQ,"food_product_quality,order_accuracy_wait_time"
Cg4BCaZj6FbzbkW-ZfOydA,"cleanliness_ambiance,food_product_quality"
Yo8kDueGgL5CKczauvOd2g,"staff_behavior,order_accuracy_wait_time"
KgJWaVSw0SJWHkkju5dlFg,"food_product_quality,pricing_value"
AnouvcvGyVLfLradEshcmw,"staff_behavior,cleanliness_ambiance"
NTIb-2QDdLamLgIxkC_QVA,food_product_quality
KHcEeIN4zzT-LffHH0n2DQ,"food_product_quality,pricing_value"
0HyglMs0JgXRLx73lwCNeQ,"staff_behavior,food_product_quality"
MzUceL6oKhUM9urfe2BQDw,"food_product_quality,staff_behavior"
cD1zI91rRLxFUFbpQLuPTg,food_product_quality
oRbQe79PxboW5LuKzeoGyQ,"staff_behavior,food_product_quality"
jl5mL1ngoOcfvBCHEBN7tg,"staff_behavior,food_product_quality"
afOsYLdn21aAr5b0B4Z-7Q,"order_accuracy_wait_time,staff_behavior"
mMbpLdENL83MyngGGe4DPw,"food_product_quality,service_speed"
US9GB0Mi49crDBiChp7ddA,"food_product_quality,staff_behavior"
oDhjgXQITYSmiyU2uRViRA,food_product_quality
RgOq4f4-mgo5hwr5ZJHeoQ,"food_product_quality,cleanliness_ambiance"
b8csQCDEDVwJfeICrFOq1A,"food_product_quality,cleanliness_ambiance"
ldpdWC5Um4m3D8EsVRkYBg,"food_product_quality,service_speed"
d5RHq_kY_aKPMpVVPLeKlQ,"food_product_quality,staff_behavior"
nT22n_CZJCStyNWMrAcINw,"food_product_quality,staff_behavior"
QYg0iloJnMY1dT_O2ZDFww,"service_speed,cleanliness_ambiance"
A6hHAMkyLlx6Ho5C5YYAIw,food_product_quality
LU0mavz74uFaRaKBn-bsqw,"food_product_quality,cleanliness_ambiance"
czt2Csooi9NyKxM6dO3_9A,"food_product_quality,staff_behavior"
9ZlrJTxRLH8kest_2N1CgQ,service_speed
VO2AnOW9ZT-cQTOIeGeWzQ,"food_product_quality,cleanliness_ambiance"
w_W99A4uu8VtPfetLsXVNg,"food_product_quality,cleanliness_ambiance"
ntyc7wUQW2yKklAQDH82Cw,"food_product_quality,pricing_value"
7g2M6oybGZ6g0VJp18cg6A,"food_product_quality,staff_behavior"
3VDbuozFHCq9twaCXgKJhg,"food_product_quality,pricing_value"
EOkKqyJKk2CxMH62a1qeLg,"food_product_quality,cleanliness_ambiance"
YMh-7N06ecqpUlGbcT2E2A,food_product_quality
AXVe4TPoue1VUJrQR2ZYjg,food_product_quality
1pLtp0OfQorrq7lqVqwTHg,"food_product_quality,staff_behavior"
SNouFgpn7tSed5rW7HV1bQ,food_product_quality
6bp3vxWUeb8LfIE9eXvf-w,"food_product_quality,pricing_value"
sqi_BUREnWe8ThXyOTQCzw,food_product_quality
khyp2V5K7Jyrn0PFfpUMSw,"food_product_quality,staff_behavior"
d7Li_681ChhJWqokOluQWg,order_accuracy_wait_time
B9MP9lb4qdkZCaFnMAT70Q,"staff_behavior,food_product_quality"
1DxO_g3LLi5h9-3dUN9JLw,"pricing_value,food_product_quality"
JQ8C6eSa1CcC-PFRaundTQ,"food_product_quality,staff_behavior"
L8etcFugc5ZFJPpPaaSvVg,"food_product_quality,pricing_value"
5Eue8g6OfEvG-t_VbEqE0A,food_product_quality
0wgvsrhVYo6RGSoHZSDkQQ,"pricing_value,food_product_quality"
GM6YKkHCZVm9oqZaYddbxA,"pricing_value,food_product_quality"
h46LX2k5g3vCMm0Vz5lfrw,"food_product_quality,order_accuracy_wait_time"
CCdizfCeV8pfuu7jYb9DyQ,food_product_quality
HLdL-UMlXE0sHzsMKKftZQ,staff_behavior
fwIZGQtEwQHx2WVvMI9m0g,"food_product_quality,pricing_value"
QJlYOo5IJ1r7vNtSg-BTBw,"order_accuracy_wait_time,pricing_value"
LY4KC1XSNX8NDkQepC-dgw,"food_product_quality,cleanliness_ambiance"
cYjWnC4blqIoXk44qu948A,"staff_behavior,food_product_quality"
yiYh04hdYRg2n1MGQM0Qew,"food_product_quality,staff_behavior"
plbzfbACXOfcRDwqDsCVBA,"food_product_quality,other_none"
bXxVpOP93i9yvYl4gtYc2g,"staff_behavior,food_product_quality"
cwSOTFckklRj1KsVL_P9VQ,"staff_behavior,cleanliness_ambiance"
DNbi-isZqlXwwQ5zBZNlbQ,"staff_behavior,food_product_quality"
IRu33Vq4IPMF-H8_OSVfoQ,"staff_behavior,cleanliness_ambiance"
GtoiQpZP0GOZFQ8VjRjypQ,"food_product_quality,staff_behavior"
tavDmgynYNsl-Slkc5voXQ,"food_product_quality,staff_behavior"
Mzfi12laH2lcHlrgj37h-w,"food_product_quality,staff_behavior"
qA-0RSgMIUuCdcSyk9VwPQ,"order_accuracy_wait_time,staff_behavior"
AKQ5exqR9oTfI5IXjjSKnA,"food_product_quality,staff_behavior"
56ObEoLjIB3JZJow0HEKMQ,"food_product_quality,staff_behavior"
u4_NcVoBvS-xudNX98M_EQ,"staff_behavior,food_product_quality"
z__-M47Ny12e9eAYl4OHTg,"food_product_quality,pricing_value"
Z8frBzzjPesLIGvJbToT7Q,food_product_quality
mW6JYRVFLAkZouQgtNvdTw,"food_product_quality,pricing_value"
b-pSMWmJdNVh7qnQf3AR4A,"food_product_quality,pricing_value"
P0gv-ERZEhDGUlUr54DehQ,"food_product_quality,order_accuracy_wait_time"
pSe5DPjDRST3o7VK-6b84Q,"staff_behavior,food_product_quality"
CB_k6isznFMZ4nz2UK6KXQ,food_product_quality
cGS5tXMgyMhb_j9B5N7kOg,"food_product_quality,cleanliness_ambiance"
EomqGLO5NqSGIFPskzAPKQ,"food_product_quality,staff_behavior"
7ktCGdWz0aMiuN6qj2KEgg,"food_product_quality,staff_behavior"
89X_PRpOd2WuDV3kkgLcKg,"food_product_quality,staff_behavior"
-_WVlCAilKZLGxyjfQtGjQ,food_product_quality
L07k_y44neUVCHi9ipygkA,"staff_behavior,pricing_value"
9I9jQmyCaC6RTP8TItLyqA,"food_product_quality,staff_behavior"
AqSBBFBfa-DSCUAQhHuECw,"food_product_quality,cleanliness_ambiance"
OvN0Xz8urKBPj9UkVAilaw,"service_speed,food_product_quality"
LyNvicV8S9im7HYPmTEmgQ,"service_speed,pricing_value"
RvgYWD1WcyeE5LnijiyhKQ,"food_product_quality,order_accuracy_wait_time"
0oaDpBUejDsg-w9DtxtxRg,"food_product_quality,pricing_value"
lpeZo7JFmaZxwS5sORS8RQ,"pricing_value,food_product_quality"
3KIQ_gn_RQ8Qxhyf73CUUw,staff_behavior
34NvDh7wla18GSfaSu5JMA,"food_product_quality,pricing_value"
N-FF0mhTcjcakl3Rj1rkdg,"staff_behavior,pricing_value"
WDXUgu_9RnLp_Dhhl3Mpiw,"food_product_quality,staff_behavior"
kgkZjlfWRY4mtTSE40lnrA,"food_product_quality,staff_behavior"
OzDInWlkNGRvHO_P4cm6Pw,food_product_quality
EvMsh6Pkgxa90tQcpKdJow,"food_product_quality,staff_behavior"
NJtBV-qq3yZxPYLksUpnHg,"food_product_quality,staff_behavior"
ZIkrOLy1mcOqXIYVjneaQw,"food_product_quality,other_none"
zQnNc5erdteVuZCFzcMXPA,"food_product_quality,staff_behavior"
EmDJfrE1oP_GDv4Uj3zXgw,food_product_quality
Yp7ur2huX1qMzRgiZMwqNQ,food_product_quality
RKF8NKdjO5wY5tCG0Xiqiw,"cleanliness_ambiance,pricing_value"
Zl2Gl_qQupN7P2E1ix8pQg,"staff_behavior,order_accuracy_wait_time"
B5t40V69RWUKVeGTKTn9KA,"cleanliness_ambiance,order_accuracy_wait_time"
Von7bsb1NouAJyLEzGBexw,cleanliness_ambiance
xN6Np3ykpI541ljFriJtbw,"food_product_quality,service_speed"
-D5fEXa69re8Fz8oDa0Glw,"staff_behavior,food_product_quality"
lED5E_uKC9Djx7eRP5VEnA,"staff_behavior,food_product_quality"
V8gD-qZQenpjZQq5kaKswQ,"food_product_quality,staff_behavior"
h7im4uRWj_k2wLl3W2rOdg,food_product_quality
OGU045ddYdlIFdlAE_b-8w,staff_behavior
oSdnd6KMOtyPQyWcyC9zLQ,"staff_behavior,order_accuracy_wait_time"
7hqvMYWWUP1tmjRl97ThIw,other_none
23wErB6lpKvy64KkdBOl1A,"staff_behavior,food_product_quality"
RhyAp51Xk7-Xq-m9X_4z5w,staff_behavior
_czLkecUDjssJ32vjg3m8w,staff_behavior
AoUAyMZghO_WXNYHRIfIgQ,other_none
C3K5zA7uKnpUR-XrYKTHkg,"food_product_quality,order_accuracy_wait_time"
jkdyU15bKw3SX7fFTenELg,food_product_quality
U6hldwXQlyPNbj7EpFZkVg,"staff_behavior,food_product_quality"
-_AUyHkLBqV1IAahVGCULg,"staff_behavior,food_product_quality"
lyDkIzGHLIG6_X6MD7CFIw,"order_accuracy_wait_time,food_product_quality"
04W111TB2YrjK6r6lpjPXg,"food_product_quality,pricing_value"
buUOMtm7kuU6KZfXRULkCw,"food_product_quality,order_accuracy_wait_time"
zcps1y_ClwqUlP8aPC3wVg,"cleanliness_ambiance,staff_behavior"
Ff4xOWm2nGQxeiFj_b2lGg,"food_product_quality,staff_behavior"
xBO1oGIoa7t9XOuRcvEepw,"cleanliness_ambiance,staff_behavior"
ofODI6xEgVazDEB0hRrIvg,"pricing_value,food_product_quality"
LGyKSakoFTH6OFlXB1Vw6w,"food_product_quality,pricing_value"
Xx8QHEOQikmAJ_W9R6otLA,"pricing_value,staff_behavior"
eDkVCeVJmxd0n0Dk_jt9vg,food_product_quality
YJ2LiVWJwcb4OfJlXRm7qg,food_product_quality
FKaM5B4Sc4TeBF1cWSeuhw,"staff_behavior,order_accuracy_wait_time"
QYlKSQpQT-9j2tJiPZhOjA,other_none
PSzGSHoKN_tub-E3xmE0rA,"staff_behavior,cleanliness_ambiance"
1PSJh_BM5VVsOGGPoZiEGA,"order_accuracy_wait_time,food_product_quality"
5NyXIQu1By9eo9iXbi3aww,food_product_quality
k53g8r0VyyYdTKli4gYJ2Q,"food_product_quality,pricing_value"
Ztpa1896NzjW9KSESsoyOQ,"staff_behavior,food_product_quality"
YwPmTHxO8q6cabAwxxR8QA,"food_product_quality,staff_behavior"
5cxsux3tc8dIKAzoPSlRlg,"staff_behavior,food_product_quality"
45LO4FGQoIRXUS466ezcug,"food_product_quality,staff_behavior"
Bvc0UQktxdh7Wja8_iPJaA,"service_speed,food_product_quality"
xwaGW63dXU4UNSkmQKexQw,"food_product_quality,staff_behavior"
RaHi1qOz399zSt-fsVLCKg,"pricing_value,food_product_quality"
T42qqZFpjCu0fxviMxqJsw,"food_product_quality,cleanliness_ambiance"
Gl5Pnm0t2uiRe5ltnxjYfg,"food_product_quality,staff_behavior"
yNR-FnnLkpTV0PUi4TQFPQ,food_product_quality
Axqz-S0lnPzc5VdOcw3KCw,"food_product_quality,pricing_value"
phgjKXKRqBz-gQHLXThRag,"food_product_quality,staff_behavior"
cnjg8hdQS_dzEN83s-BX8w,"food_product_quality,pricing_value"
mABrzFWNLCJa3lDPZviivQ,"food_product_quality,pricing_value"
X7DjTkJ-1LtMUPGPcjEy5w,"food_product_quality,staff_behavior"
IyE8bFZNO-RqZUAxFueUWQ,food_product_quality
uvgETpuev2Ue6X6s6hJV5Q,"food_product_quality,staff_behavior"
mpXC-01gatIplukWHcWkuw,"food_product_quality,pricing_value"
GaBbPFvTWe3M4y5WQuY5jA,food_product_quality
C6H9kMUcOkoe7uxdOvwsvw,"staff_behavior,food_product_quality"
Z3uqEa6sZ15GBFxYXcbbew,other_none
BEnHgSblAS7C-NHNHQzr1Q,"food_product_quality,staff_behavior"
VCAdhyzdFeDIgyvRGaXjCA,"food_product_quality,cleanliness_ambiance"
Xp4CLwHmGbuPdCvuBc2Lkg,"food_product_quality,staff_behavior"
ziLyD9cXtbogf5dG3uzoLw,food_product_quality
BCtfpXvYCW9J1GZ_j3mgKQ,"food_product_quality,pricing_value"
WZR9nTTgpbsqeljMXwDOdw,food_product_quality
iELX9Z0VfBoTzsq2sCXz-g,"food_product_quality,service_speed"
KBWMJhPCaSxjlWKAvyNkWw,food_product_quality
nQtf3kaWS38G6rIT22gDaQ,food_product_quality
hrj42BoflLH7LGDaIgbPSQ,"staff_behavior,cleanliness_ambiance"
1Q6fPHuFypO_fR-u9uSF2g,"food_product_quality,pricing_value"
cl8fNJViWyUB7o1CBmET4Q,staff_behavior
xE7zrCbji-gf4Qahd1RL0Q,"staff_behavior,pricing_value"
lsEolQNvpBl38fNJ2JJ-JA,"order_accuracy_wait_time,service_speed"
sTZxxCF6X_cjVgoL9oSMqQ,"food_product_quality,order_accuracy_wait_time"
FbLFT1V3thfVCVmAQHkK2w,"staff_behavior,food_product_quality"
G6-0A-HzcEXpcB9CEOl_eg,"staff_behavior,other_none"
JdjVwnNWMvdkfOx_osUqWw,"staff_behavior,food_product_quality"
oDwiflwTUwDmcL35tUcCDg,"food_product_quality,pricing_value"
IINo9JCbMonskKx1wNiwiw,food_product_quality
1uoofhPb2Ixk0HAsXQaSVg,other_none
b_NFuJzSt2FD-3DZjAnYLQ,"pricing_value,staff_behavior"
kqP4VlCB3Sfv9ZX4xYvM_w,"food_product_quality,pricing_value"
ICJ_hS9HeF3ZNSB3Q-j3AQ,"food_product_quality,cleanliness_ambiance"
gRbp7PqTYJrZdalYYwK04g,"food_product_quality,staff_behavior"
JRzI4pKGvZbSE4CXtTjNIw,"food_product_quality,pricing_value"
34OHHMTTfGUmUjg-cfJ4Ww,"food_product_quality,service_speed"
MC77XaZANvjuJmBfj9PCKQ,"food_product_quality,staff_behavior"
-Fgqodh0h_QQHFahLnrejg,"food_product_quality,pricing_value"
6-V7d9mB5I-sxnUu7Iecng,food_product_quality
ZVzXSrWjtvUwc2Jq3EjT3g,"food_product_quality,staff_behavior"
GQ8ZWjJ3ZWzoqQbnOHfA1w,food_product_quality
aI6B8aAGyqk1cz7sKqzXAA,"service_speed,food_product_quality"
n849ylJs3RRAqpkFLhs7Ww,food_product_quality
CesUEu7Q_RLmCgrS-HKxEA,"food_product_quality,order_accuracy_wait_time"
wGXoasq1vHnGr0sbrSITcQ,"food_product_quality,pricing_value"
2Kd4H-4QZ-AMizukMbHDkw,"food_product_quality,service_speed"
nCIjKrIlwGQdcPy4J7INLQ,"service_speed,staff_behavior"
JDflmZS1uU7XCNXK2FijdA,"food_product_quality,staff_behavior"
iuBdpdGmpdfK_6lbjIrgEA,"pricing_value,other_none"
VunIBhElEn1abpdFJq_hew,"staff_behavior,cleanliness_ambiance"
XsCafZ9oUHZkNBRSvadtpw,"staff_behavior,cleanliness_ambiance"
x5MrfHDj8guYOwuyLyqJZg,"food_product_quality,cleanliness_ambiance"
kALEQlJC8A482uJJWVNmgA,"food_product_quality,cleanliness_ambiance"
bAQgsZi9aZSN46OpJRDfaw,"service_speed,pricing_value"
KiV067Fjs2ssWy8MZ1nuzg,"food_product_quality,staff_behavior"
jsTSA8uRCq1S-lsfFzJOlw,"pricing_value,staff_behavior"
g2bvggCjhWNx-UdG2gCcHQ,"food_product_quality,staff_behavior"
wSn47BVFgkM_327AcIufJg,food_product_quality
ypUTBmK6oD875YyqrMx7TQ,food_product_quality
dy2O4VROAKKnI6BtwfV8AA,food_product_quality
y6WbumzR85vgiEGY8Mp_Dw,"food_product_quality,service_speed"
S9Vc63wcDBDDXzdRBpamKQ,food_product_quality
gracn-twu4ILnMwqC4Dliw,"food_product_quality,pricing_value"
5QikNp5y0_BMKVBBvxwFNg,food_product_quality
4bVulBGq6lK42cSfDyW3ew,staff_behavior
XmOnP_ZJmPzFdP3F8JJmCA,food_product_quality
jwoaa1HhMBkMRuQEj8gw3A,food_product_quality
DqgVHdj5GOu7dCOxJNvFiw,"food_product_quality,staff_behavior"
yAeb1t8gEm5cbiScFt9KPQ,food_product_quality
WxXocCOg04WaEQvnSOnKCg,"food_product_quality,cleanliness_ambiance"
olgwwvfzua2LG01d8NOSGg,food_product_quality
sxqeYB_Z3VmXww0WSLfvjQ,"pricing_value,food_product_quality"
5ls8cLyy90dNHrgaVf8puA,"food_product_quality,staff_behavior"
E7rmE7-I7IFDPoJNCxyh8g,staff_behavior
nP8nBukTaBIsms-Tt9kGBg,"food_product_quality,pricing_value"
qFrLrXi66sQHXJbKkMvcdw,"food_product_quality,staff_behavior"
LW53Hxdf87gQl00TNN3eiA,"food_product_quality,staff_behavior"
49dYpmIvtOuV8fxflT8NuQ,food_product_quality
WvWVpanW4kTSBJ64FtUvXA,order_accuracy_wait_time
VZNb74wxNSlvPPamC8E8rw,order_accuracy_wait_time
kgesCLG_LG7Tq2opO-UUgw,"order_accuracy_wait_time,staff_behavior"
ADf52ScWmWWaGRBfmTzjgw,"order_accuracy_wait_time,staff_behavior"
qvTqQXRx8t7jVVGOnv1dxg,food_product_quality
i2H_tL3eUFyBXKImNCpXew,"service_speed,food_product_quality"
3xWwKwgq0NigtDVB_ypudQ,"food_product_quality,staff_behavior"
iy3aOzT2Spb5clxzq9WgAQ,"food_product_quality,cleanliness_ambiance"
L9zNe1ra-cfoSdrtBZ4KSg,"food_product_quality,pricing_value"
TexzZTyqD76neIzLiRgiIg,"staff_behavior,order_accuracy_wait_time"
EYsjiX2kHcR7GcrHrzdNGA,"order_accuracy_wait_time,staff_behavior"
r5KMsAzitpWmtZV23v18Cw,"order_accuracy_wait_time,staff_behavior"
hhCRPSxLSv3_5xozREMBcQ,order_accuracy_wait_time
KI1hBuoKZ2gZ-mkb7-BcTg,food_product_quality
OZIQUOi1yVpuXeT3hhz4DQ,"food_product_quality,cleanliness_ambiance"
obr8uMhr1X30d9AptaOZRQ,food_product_quality
UFtklImqUwIsLDRti-IC3A,food_product_quality
6PT37bTxkLXg5vwrWs7S5g,"staff_behavior,order_accuracy_wait_time"
KfUGHyxSpQqm7vYReYVlHg,other_none
cf4AfxPZ2Q6g0VIOfRW7Hw,staff_behavior
TD62nIuGP3TEPQiYMp0U4w,"staff_behavior,food_product_quality"
d-ihxVPhdtxeYI07y8JUOg,staff_behavior
Cj88IfjgdOXWYwMRH6El6w,staff_behavior
ee4egzcPYcboZiwUCMwYMA,"food_product_quality,pricing_value"
MZwPwGvWF-NecBzYavUgww,"food_product_quality,order_accuracy_wait_time"
amkvMlfxK5lPzV7gMj5Lfw,food_product_quality
Mih_AQSQGkcWpizvnKD0-w,food_product_quality
uix_BSwHBOl0LCny3AJXVw,"food_product_quality,order_accuracy_wait_time"
kKmFyPmJINMk-GdWXyCkqQ,"food_product_quality,staff_behavior"
8TduvPfsiNLFA6yIDsGx9g,"food_product_quality,pricing_value"
A6C0LRF3xHxPB7nwpOCDlA,food_product_quality
owMGf7g6pU7KJWtK58Pwwg,"food_product_quality,pricing_value"
UqoaSZa2TzZYXUXpi5AkUQ,other_none
Pk0FChRLsMCG5ZK-fWztLA,"food_product_quality,pricing_value"
BmTDeoyra_LEmJdHGzaC8Q,"staff_behavior,food_product_quality"
ZLbXGm_8CHOb23IbhMo74w,"food_product_quality,cleanliness_ambiance"
7KCdDnlyKDSnZWxdNd7DUA,food_product_quality
ztF8OVIILrLWd5GuNxyRzQ,"food_product_quality,staff_behavior"
ZZqCXgErvcDGin3bdvzmgw,order_accuracy_wait_time
c3UrOXXrrUumB7UlyU7F2g,"food_product_quality,staff_behavior"
6iD5JkBdCfxHwk9vhEAkfA,"food_product_quality,cleanliness_ambiance"
nF3DiIKgaouvynPXawYrTA,"food_product_quality,staff_behavior"
fk81K2RJKqqMiohQ9bNN8Q,"staff_behavior,food_product_quality"
jgzaZnVPExjw7SbVSvRdYA,"staff_behavior,food_product_quality"
hiehnF9hUNAyhVcXlnVNvA,"food_product_quality,pricing_value"
wD2z3fRX4ySlt2rF6JBJFA,food_product_quality
fepsr0YYxTE2crvuN9PMWw,"food_product_quality,staff_behavior"
pyy3P7PJp3uqowW60bfknA,"food_product_quality,order_accuracy_wait_time"
1W5X63kNCTLgavIFt_esNw,"food_product_quality,pricing_value"
KK0Ge0dQORYXoL_nhyiH6w,"food_product_quality,staff_behavior"
mGpfEVjNN3FMF6qxLTI0CQ,food_product_quality
AEGgG-KSua6hyBNeHB_6uA,food_product_quality
YChLoip_91yQd3f9IBC0Yg,"food_product_quality,pricing_value"
F3o1VfRTV5Mf-gZpgRVm3w,"food_product_quality,cleanliness_ambiance"
mkDPMNo1t3YkEBWE14WFig,"food_product_quality,staff_behavior"
4QRe_tzAmEg9ZpUKY0YXFQ,"food_product_quality,cleanliness_ambiance"
xBPXq9ivukyYe7ek-I9uQg,"food_product_quality,staff_behavior"
jM9PDvfgI0rS52ccqMuDUw,food_product_quality
7jroH6tvm6ht61Bqslq3vg,"food_product_quality,staff_behavior"
fWWbogYpjKkBTdi1QjRR2g,"food_product_quality,staff_behavior"
B1IcFt849aAae1Dx0QY24Q,"food_product_quality,staff_behavior"
NUBtkB04m67ER9sAX9TqnQ,"food_product_quality,cleanliness_ambiance"
XL2434h6jzFPFZB7dfN1yQ,"food_product_quality,staff_behavior"
J5gQxJzkviXhEgl25nTGFQ,"food_product_quality,pricing_value"
_30PiUWj61a_JYNp503d9g,"food_product_quality,pricing_value"
XGpzUaNkOZzWo8oy1xxfBQ,food_product_quality
Xf4U3aN9wWQDSnWImTb11Q,food_product_quality
9OcTQTvm89DWuBVbkQDvvQ,food_product_quality
QHkYOUtKGsXi9k58knYi9g,"staff_behavior,food_product_quality"
BheQHOBHKVuz1gOZbv7_Vw,"food_product_quality,cleanliness_ambiance"
B9yB8NO4l6UH5lMv6sM72A,"food_product_quality,staff_behavior"
qHTuIW39K3S8QslUknpsOw,"staff_behavior,cleanliness_ambiance"
VyOVFUmswKoSQgBVNcfkFw,cleanliness_ambiance
EGOAK9OO7ZKSJJx9MWop8g,food_product_quality
JQ0F4FyjKm4DC6T1H6Y8MQ,food_product_quality
P1JB9L0A_pZBncPc2_iv9A,"pricing_value,food_product_quality"
Bv6aIid1TnpY7-GUgCY63A,"pricing_value,food_product_quality"
H39lDF4FjLTdbDHlpB9Txw,"staff_behavior,food_product_quality"
5Ric_eKTe7ZdLD6epzFZaw,food_product_quality
_DV5ERmBAwWoS-ZpA1yHRw,"staff_behavior,food_product_quality"
sI3D4VHYhsQEoLE2y5F37Q,"food_product_quality,staff_behavior"
Qo3ElRfVxsBbg_ws7j1YPg,"food_product_quality,staff_behavior"
Uz9R6Dz8FUyudriDQPs3Rg,"food_product_quality,staff_behavior"
0MkT1UTgYFqnZuTCgUFOkA,food_product_quality
ge-CvTm_FO7BMJXjnU-rmA,"food_product_quality,staff_behavior"
MvJDh_FJ9cfYX7tWsebzww,"food_product_quality,cleanliness_ambiance"
Npsukwbrfwc-0YIIi6-vRQ,"food_product_quality,pricing_value"
1f33JFNEVSAtbfVEYTnzrg,"food_product_quality,pricing_value"
NXnKz2r_AFxMnyIaZQ-c3A,"food_product_quality,staff_behavior"
usJ3a9h2ShqnDDa1aYOQUw,"order_accuracy_wait_time,staff_behavior"
4bYZ4F99CvCbSgUBIEOAzQ,"food_product_quality,service_speed"
w1Uj2K0O3w0anu4C3GnBYg,"food_product_quality,cleanliness_ambiance"
VLVXTiqszngMrAArN_a_SA,food_product_quality
LFDedkU9V6wPDO9eCvZaAw,food_product_quality
XuR922G15JiSVW50vlBYwg,"food_product_quality,cleanliness_ambiance"
YF-eZegVkvf-VQUx3pwO5Q,food_product_quality
AmMk5PICqcjDHS5bWTzfBQ,"food_product_quality,pricing_value"
7s7BwCxn1xjn_m-86t0FwQ,"food_product_quality,order_accuracy_wait_time"
VxO8apU48knoOsyiIVQr7A,food_product_quality
y1kXFSU_XSyQIaJWAa1a3A,"food_product_quality,staff_behavior"
_6Io5h7XCATKyjewzrfi0A,"cleanliness_ambiance,staff_behavior"
c_3LAaohns2FNJ_jF5Pmuw,"food_product_quality,service_speed"
FiUPB0_7NLOOffan-U3J9A,"order_accuracy_wait_time,food_product_quality"
Uz6PUhPZ0-Mo2Vyx76FI0Q,food_product_quality
KhTO8I6ny_9y6e8IZ31pZA,"order_accuracy_wait_time,cleanliness_ambiance"
GA_EgH5YOL30DX6dz5WuYQ,"food_product_quality,staff_behavior"
1B7QcYn2DjM8MkOD35jfAA,"food_product_quality,staff_behavior"
_OegFxUocfC1rsVJoPv0YQ,food_product_quality
c4rJko2A4U_5WeDtAxjWng,"food_product_quality,staff_behavior"
pZ4jdD8MHQf4eocpnc2elw,"food_product_quality,staff_behavior"
KsBSytMG6Yb4o0QHzzVDfw,"food_product_quality,cleanliness_ambiance"
heoA2d9EevDvN3f7vNcQOw,"order_accuracy_wait_time,staff_behavior"
BtlPWAtf4Ftdnjh87vJ_hg,"order_accuracy_wait_time,staff_behavior"
2I3Mj22QO6c83vX-1XyCKg,"food_product_quality,staff_behavior"
xmIsWVpj9G91yl59mMyPEw,"staff_behavior,order_accuracy_wait_time"
N7NouDQ9C_vq-xpYPyIANA,"staff_behavior,order_accuracy_wait_time"
L4o68Kxducc9gqikDhXjNg,food_product_quality
XD_1w3KtpbYS9MLZsR87Fw,staff_behavior
Xjo_39tadz7TxtFSx5Biug,"food_product_quality,pricing_value"
Jrmdtj9UZ4NqLGXAU6mCZQ,food_product_quality
fyVqtKJExWSgL5opaf9_DQ,food_product_quality
nqM5X4stqfUl8e88BkjNcw,food_product_quality
SnGWwCHMGRvT00OzIocbQg,food_product_quality
Gwb2BhC0YoP6ve1UNiYgKg,"staff_behavior,food_product_quality"
51_XK7Mm1m8GsdsL4zpmEg,"order_accuracy_wait_time,cleanliness_ambiance"
4zuqb1xMmn3RUIlmlRwwXQ,"staff_behavior,food_product_quality"
y0NE6fYTkXNQAjmf3evthA,"staff_behavior,food_product_quality"
PN6gPR2EwD1lYGIBymn50A,"staff_behavior,food_product_quality"
QK0HtnejDX8DHHBYCf_R6g,food_product_quality
YHUWwC5qIw3tKQRLsXqWmA,"staff_behavior,food_product_quality"
ePjQzoaopDxnjhYcmrVlIg,other_none
4zFRZlCbyc-FNmyfOuFS3g,"food_product_quality,staff_behavior"
skErzoBqe6d1mSzfa2h92Q,other_none
LlniC_-J21vw5QR8DD54nQ,food_product_quality
SOGPPi67rw7Y0jiXSyGiyg,"staff_behavior,cleanliness_ambiance"
TwuWxupINCSe4xuSxFThRw,other_none
AFHRKYkNkSLt2phNUZDAYw,"staff_behavior,order_accuracy_wait_time"
9wrLSEdntmhbMNtAXQnKTw,staff_behavior
KdmCi5u0JGlH00JK5t4spA,staff_behavior
RpF01F5zXiadySliowAtow,"food_product_quality,staff_behavior"
GaZq2nj4dJomKl2_ffT88A,food_product_quality
6-CGuvn9NvT-SBJxtmeX3Q,"food_product_quality,staff_behavior"
pR75s-63sKXLo-mIJnkdeA,food_product_quality
FwMNLWukt75aa0sMyMdM7Q,cleanliness_ambiance
xrW2rBSJ3T9mzM4AIAT1Dg,"cleanliness_ambiance,food_product_quality"
vYxEeAX5PiC4HXx_ywF75g,"food_product_quality,pricing_value"
l1pX9LlHo8IcfROtQ7xjKQ,"cleanliness_ambiance,food_product_quality"
cZUnXShbBQmAiyCF9Z8Sng,"cleanliness_ambiance,food_product_quality"
2p6yIvN4cwXxI71KVjK5rw,"staff_behavior,food_product_quality"
OJkVVVsIgoGl9pR8lLUXdQ,"food_product_quality,cleanliness_ambiance"
E15BsSJ-AjVrJIxxN8wJvw,food_product_quality
SOtsx5Byyc3YG2QDuZp9dg,food_product_quality
_kX5B6yD05cCLtyzPU-LQw,"food_product_quality,staff_behavior"
glTxEM5idRxJYFUT0f5IJg,food_product_quality
6XErqZMooNMVTYkl-aw8_A,food_product_quality
UfsNuw95vvsM0xidIce4UA,food_product_quality
QD1C324oQDW6gx9lzeUvcQ,"service_speed,cleanliness_ambiance"
yGZdy6XIrO_oWJHmQPbXNA,"staff_behavior,pricing_value"
rdUFBkwiGEDqshoQ2TbHFA,"staff_behavior,order_accuracy_wait_time"
kzdMsS1rKstZqrf9tP-9VQ,"order_accuracy_wait_time,food_product_quality"
sCRaFSlq4W57Vv8dsb9FEw,food_product_quality
QAGeyRAA95vYtiYNf3W_hQ,"order_accuracy_wait_time,food_product_quality"
85FTa56d7NjWAUrlM_Oy0g,cleanliness_ambiance
bTBvauuWcNlpxtri-B9NGg,"staff_behavior,cleanliness_ambiance"
-uKcCcMxYlfSgx6PjHfxyg,food_product_quality
Y0PcxgGIjomqxKnY5x3L2A,"food_product_quality,service_speed"
Vhi7iWSxLp_9M_AILCXyqA,"order_accuracy_wait_time,food_product_quality"
XsZ3G2ZjmAUjj5P-NjXnTA,"staff_behavior,order_accuracy_wait_time"
Kc7_OhdHqPsVOXIcoAX92Q,"order_accuracy_wait_time,staff_behavior"
d3hW7r7m9JnAHNIuxNExVQ,"food_product_quality,order_accuracy_wait_time"
MIGPKHBfVQMxLy6xhfh2Ww,"food_product_quality,staff_behavior"
OSLx1Zt2JgmkKSk0-wTcuw,"food_product_quality,staff_behavior"
3e9hRh9R-Rz-hP9lUu0UKA,"food_product_quality,staff_behavior"
p45uo1vNc42YqAPHTn_u1w,order_accuracy_wait_time
cu9oq_13R3_70sHc_ObE9A,"food_product_quality,pricing_value"
08lirQGxKd2NcHtVkoA6Ew,"food_product_quality,staff_behavior"
aJbg4zsCd97UzsrVk5YHNA,food_product_quality
0QP-OLIjlXUk_ivWwyVFKQ,food_product_quality
MQGJUVleTIZiNyMf_UyA8g,"food_product_quality,staff_behavior"
ChUtxDHuaxrOteN8GCAF8g,"service_speed,cleanliness_ambiance"
ZGY26qe1eFt5EIQgabTmWQ,"food_product_quality,staff_behavior"
ReTEz8DAo4_vhax4lsutFA,"food_product_quality,staff_behavior"
1CD0YT2k61GHTKyZr7wdVA,food_product_quality
ydNS0S7PGkCLsc1QnI8BzQ,"food_product_quality,pricing_value"
TK0gMv6chXXbxCj5ylg0tg,"food_product_quality,pricing_value"
m8wHjK2xk9tVuiBJSHKx2w,food_product_quality
fqr3kGHVNVeNKTpQ1RV-iQ,"cleanliness_ambiance,pricing_value"
HNfpSvaLvDyn_nMIKqbUIQ,"food_product_quality,staff_behavior"
h1E0XtZ7xQ0ViOj8YVZBMw,"food_product_quality,cleanliness_ambiance"
mVLRmZenUAhtXZ-eYmRyIg,food_product_quality
JxSarMPXPPH2NqZBYfsS2w,"service_speed,food_product_quality"
aQ0QuSgtz5zfHSEA_ji57Q,"staff_behavior,pricing_value"
zTuJ7h-bpx5p-0Rxvnfucw,"food_product_quality,cleanliness_ambiance"
kVBe8dKX57OA4xFUJZ5FzA,"staff_behavior,food_product_quality"
Q5LUzoRR8rjEHpIsX-JnvQ,other_none
9XVCh9-_QqZDYSJG0DFf3g,food_product_quality
jssGBezzGJlk5lH3Tsgfdg,"food_product_quality,cleanliness_ambiance"
JAPa_YpL548KtgPsDpOB7A,food_product_quality
gWcV2Gh4SzOfi4rsf0AX2A,food_product_quality
b7Sg3jB49dbdnf_0DpP8eg,"food_product_quality,cleanliness_ambiance"
Xhrd4Y9xhwbjx4juyfE5ww,food_product_quality
nxxGjhQXA4lrZbla50uKzw,"food_product_quality,staff_behavior"
NIy8q1Ko_i7hs7QzKUYp0w,"food_product_quality,staff_behavior"
h20g63YGnb0sKPqinWJsag,"food_product_quality,cleanliness_ambiance"
JBNtPENJsKnsDjke39SgZg,"food_product_quality,cleanliness_ambiance"
oJ-BTUZG8mjFuElzeUEU3Q,"staff_behavior,food_product_quality"
VVykxkWdNnMprcFHaXZoug,"cleanliness_ambiance,staff_behavior"
NE-6y4LeXDT-rpKp6r_e0Q,staff_behavior
3jk_zm_ybPQ4kJQ0LyErlQ,"staff_behavior,food_product_quality"
-1JTM3G8nQFlcBaWJ8Egfg,food_product_quality
JEJ4OAD947-hE-ICZdXN3A,"food_product_quality,pricing_value"
bcEtL2VAyLWWF_ZTY-huqg,"food_product_quality,staff_behavior"
x0UxlPt_YFYfvgoEUdEcbA,"staff_behavior,food_product_quality"
TgcczaHxTfrL0r1v2Eq46g,"order_accuracy_wait_time,food_product_quality"
wz3zZcJXgiGTYHSTW7VSeA,"food_product_quality,staff_behavior"
pWKlcWLvlt7iUaE0fTt-gQ,food_product_quality
16uxDgl1QcPrJfrmTtMKhA,food_product_quality
iwBUNT0gZmSMu8ygYQbqUA,food_product_quality
oZL85wLAKEmO3k99GVD4aw,staff_behavior
ME2Wud8YqYAoCujS5tGh6g,"food_product_quality,staff_behavior"
s2P9XlU73RysEICRdIq73g,"food_product_quality,staff_behavior"
DnPrnAyob3VJvQK0qW29Ng,"staff_behavior,pricing_value"
dW84T1zfb3hkIk9kO8t4Ng,"food_product_quality,staff_behavior"
3yZlwgKsQpow5CGftlIddA,"staff_behavior,order_accuracy_wait_time"
sYEqP8AWVYtpRrUDMg00iQ,other_none
eE17R_Qbu2XkD5NJ2lmZZg,"pricing_value,cleanliness_ambiance"
Ai3mF50OWH4u_WAHU5foRA,"cleanliness_ambiance,pricing_value"
o5dHNfeQ5q61cRa9aNQX5A,staff_behavior
6LJJK29grHQ5_yp8sZ42VQ,"food_product_quality,staff_behavior"
eeIqt7yJ3GBM1n2uC_myKQ,"pricing_value,staff_behavior"
2IBeBeHfq_OC9y_tt4MGEg,"food_product_quality,staff_behavior"
q_oF_WPWQaMsO9FU-CBaxQ,"pricing_value,order_accuracy_wait_time"
nPITWAKqVnwktZu3my4Oug,"staff_behavior,food_product_quality"
VVzH0Vt8Qbnl1FnuohYGag,"food_product_quality,order_accuracy_wait_time"
tgiUX8Z-i3aeNfLqAwUBBQ,"service_speed,order_accuracy_wait_time"
_7hey02MCDFDH32sy5bKIw,"service_speed,staff_behavior"
wJ9h2jnB2m7ERaLNvZmXQQ,food_product_quality
oqsMzX87MHEIb4W8aHlK1w,order_accuracy_wait_time
uC7Tl6pr9xO3T2RyivmU8g,"food_product_quality,staff_behavior"
APp9raEnOKk9FkE383GN5g,other_none
Jktm18g-rapiqtH5t7s_BA,"food_product_quality,staff_behavior"
KRaAoysADsyvn8CqDhDiuQ,food_product_quality
vrlprpd_jiMmOe0naSOdnA,food_product_quality
nejWEV1fYKe6Eb1ecebu9A,"food_product_quality,cleanliness_ambiance"
K-eylOItpbElnVOoTYL-Ow,food_product_quality
-27or8KpMG8Iq9sPO0Tq2Q,"food_product_quality,pricing_value"
8JAWnZAiX8YfXW2hK93U1w,"staff_behavior,food_product_quality"
3pHmW7xHKO6JA-rbA6fMKQ,"food_product_quality,staff_behavior"
o_oTLfSrfym-r7FdaWSzow,"food_product_quality,staff_behavior"
NsIfeFznya3Yxjk5dALpPg,"food_product_quality,staff_behavior"
8CT3xy72joXD9FROlzyqEQ,food_product_quality
WUjEaf1KwwFUawk8f0NFHQ,"food_product_quality,order_accuracy_wait_time"
VypQ5VZvwlDp1v7Nt7nszQ,"food_product_quality,cleanliness_ambiance"
JlPWRJzkHJ5qZnaFumxD_A,food_product_quality
Rn8hSsdNuIM2us-v7bPUPQ,"cleanliness_ambiance,food_product_quality"
ElTYjWlXL-6EdJIJcxIQmQ,"food_product_quality,staff_behavior"
tEDszwFITkvB13oWwVk0jg,"food_product_quality,cleanliness_ambiance"
m9FVZ6DhL20cVjBFABwLbg,"cleanliness_ambiance,food_product_quality"
I8rw7zUAH5Q3pHFEaiXpDA,"food_product_quality,staff_behavior"
RfQNoc2Br6b_jvHDsui6nQ,food_product_quality
mWlSJbseBuKj82_F4XF5IA,food_product_quality
bt5Emh5JmkpK4nX1bGfLVQ,"food_product_quality,cleanliness_ambiance"
_yGL4rbi7qgGmyUglybisA,"food_product_quality,staff_behavior"
v63Yd1bldsCNplvXpKCDhQ,"food_product_quality,staff_behavior"
vfx0yt3bmPcREiWazVx_2g,"cleanliness_ambiance,pricing_value"
wVy55oJuTbRmTvcfhJ38lw,staff_behavior
Zm2QOQMjosx9phwRIcepLg,"cleanliness_ambiance,pricing_value"
rMPtGyDSq-c0ha-HNnnwlw,"cleanliness_ambiance,food_product_quality"
yhe3ldDoSzkSxuWYq9eh6w,"food_product_quality,order_accuracy_wait_time"
d_9Ktv4I9nI0XLzcLiALEg,food_product_quality
cylujf5d73ypUBwHY9bWdg,food_product_quality
VBPRyU0plegoEWPuMCHL7A,"food_product_quality,staff_behavior"
heUXXj8CznDXPXxLiFsZiw,food_product_quality
OZt1zR8OpwCpE4TFIVt3bA,food_product_quality
I5B2iRpe11fyIZH9d5jiVw,"food_product_quality,staff_behavior"
eRv2MxcI7Z-K9fQfkCQuPg,food_product_quality
WoCs8f0qP1I5i8d31049vQ,"staff_behavior,food_product_quality"
QNjz9mrEIwsp-EbfxSAXSQ,"order_accuracy_wait_time,food_product_quality"
dsF28RKUPEzgL2pnkPmJWA,"food_product_quality,staff_behavior"
BiRnoLutnxGCNSIJa8OSzQ,"food_product_quality,pricing_value"
yh8eSVkEGgDN7jJnWrEcYA,"food_product_quality,pricing_value"
49QcOQ5xG7zfsmEFv4cJBA,"staff_behavior,food_product_quality"
kZAVinNyFB9xmTXXdmBU-A,"food_product_quality,staff_behavior"
VMv6A7PwGf_DNmy1xjTjqA,other_none
ypqMQ022svngTQ9b7CSn4Q,"order_accuracy_wait_time,staff_behavior"
-JzotmMQy6_yYgUIblkVHg,"food_product_quality,order_accuracy_wait_time"
JyzXpbdz8bGbyk-WJvFNog,"order_accuracy_wait_time,staff_behavior"
ht_unoBQz_3q-zHhMETD3A,"food_product_quality,staff_behavior"
SuDIuoLgo9RFC5kkUaFuEw,"food_product_quality,staff_behavior"
alkil8FWoYni-o5eNQyF2w,food_product_quality
9Ufy6Cg4b6sRmFYeZd2M_g,"food_product_quality,staff_behavior"
A10BtoJep5ESolKKTIWHuQ,food_product_quality
ZE-ssWY9vEO0ekhrPUEb8g,"order_accuracy_wait_time,staff_behavior"
B9weOifiiLx9Q06rJHdBBw,staff_behavior
qnVGNGv6u_MudeBm7uPGVQ,"food_product_quality,service_speed"
hTvFEtOZSMKbQ357nDPu8Q,"service_speed,cleanliness_ambiance"
fiw5TM7pm2eTf0b0bxdK8w,"food_product_quality,service_speed"
UdF-mZed6Q4RyShqHaNlCA,food_product_quality
ux9bFIqRvqpjLm6ergXT_w,"food_product_quality,service_speed"
A4Ls894fbQKNzEl5Z6eyUA,"staff_behavior,food_product_quality"
FMHZoNHsxF7nERG0cH4C_w,"food_product_quality,service_speed"
ktD8_AiqmhYlYfVkN46IyQ,"pricing_value,food_product_quality"
bKRYYaA5-0lBkQA7zZfUyQ,"staff_behavior,food_product_quality"
3EkcsWYMdvEy2yajxIYObQ,"food_product_quality,cleanliness_ambiance"
BgCWMyBSUGicCIm9fH3nng,"food_product_quality,cleanliness_ambiance"
vjJ0i4Pcf4gdsIUaZrX8cg,"food_product_quality,cleanliness_ambiance"
CDqMsh7wi3ncpdwJpfvEgg,"food_product_quality,staff_behavior"
5nmSUDyjPJqgBp6khtEFhg,"food_product_quality,pricing_value"
-zixQUNfG4oeszifsOkdJw,"food_product_quality,pricing_value"
EeTOHmnx8Lp83a5Pc1LC-A,"food_product_quality,cleanliness_ambiance"
qJr2Tpv15ABV1xDi4dM8Jg,"staff_behavior,food_product_quality"
56Tk5yJNNbm0TAxMJc5Y2w,food_product_quality
Bi8w6-tR1mNpdZ6WOCfEPA,"food_product_quality,pricing_value"
K8x9mrOe3opHb2zcsvTu4Q,"food_product_quality,pricing_value"
4UHBy6lsZeMjq0L1fo-hVw,"food_product_quality,pricing_value"
K3q2Drz7TGjhlFSom-0ytA,"food_product_quality,pricing_value"
_s37R8YfvEPxZPadX6FnNQ,food_product_quality
vcJDH47_SbhRBGq_b0PKWg,food_product_quality
ih-17gZrMgaA7GFLJAjTGw,food_product_quality
noiLDPYBYCh0o2FssoJLFA,"order_accuracy_wait_time,food_product_quality"
qvOMVBwg20sAoVTvvmCEkQ,cleanliness_ambiance
s-0uBKLV5SP1yq0nlfturA,food_product_quality
fxMo6oYlcY9eGb0rkgjbGA,other_none
W61xrf9VhQe-cxUA6lMgTg,"cleanliness_ambiance,staff_behavior"
uXPo54fFEO2rBwleUK8cyA,"food_product_quality,pricing_value"
t18m6QmTIdRDRG3HyJV_dw,food_product_quality
QLQWl-wru3jt_9YD-wRyXg,cleanliness_ambiance
KDEyaPkiwFJE8wb0Fs2YZA,"food_product_quality,staff_behavior"
CWYMYVJXEw96L76HRffyww,other_none
hwJ4fd-HwQ6eqOdrM_2Ukg,food_product_quality
vOAs8zT_wGRSv0Eb4Md4vw,food_product_quality
k0g9CEwYkiYcjjZBPY8JEw,"food_product_quality,staff_behavior"
LOJ0jhlDYPJ6_Ph94t4N3w,"food_product_quality,staff_behavior"
a-Tgt7efPufU9k8cxcELrQ,"food_product_quality,staff_behavior"
KNFa7zAimDfOOHsgxSxoOQ,"staff_behavior,food_product_quality"
LK29tZTliO7_wf7c19rWdA,"cleanliness_ambiance,food_product_quality"
OSRw1rruvrVsVHZrkKaYeA,"service_speed,food_product_quality"
iR0Sc6zXrvXQ8KD-M7EcJg,"cleanliness_ambiance,staff_behavior"
ldUD319lscQTV8-ohQS-qA,"food_product_quality,cleanliness_ambiance"
JWHgWRpEVNfKSyZwc193rQ,food_product_quality
ESKXeqTTjZu2uz3duvasSA,"food_product_quality,cleanliness_ambiance"
UC9pXpP1C71KnfZqoVucLQ,food_product_quality
Rchyr-geo-oZbrkYZGHw2g,"food_product_quality,cleanliness_ambiance"
woHI_szLsZqZFgn-Va0zdQ,"food_product_quality,pricing_value"
n90FHRnLDnpYfdKZQTzGdA,"order_accuracy_wait_time,staff_behavior"
AtUDUeOCty-dPH2_CpphcA,"food_product_quality,pricing_value"
4Z2pvXQT9Ht6FOmqwyGnrA,"food_product_quality,pricing_value"
UExKVR6ICGS2D_zuS0gMnA,"staff_behavior,food_product_quality"
3kI1uGPUEecjyC6Sg7V0Ig,"staff_behavior,food_product_quality"
_CVw5HgiVCxfFFDbJK0J-A,food_product_quality
ZJvFbY5THGuS1QdTB4EnYA,"food_product_quality,cleanliness_ambiance"
gnoeG_ZMXBLVJncojKocBA,food_product_quality
BlcW77CzWy782eB_0WMHtw,"food_product_quality,service_speed"
t_2BWUxL_d0LUZwsH1Sweg,food_product_quality
h5KKdwErzcZlX7oZFSLelw,food_product_quality
2EQsZEY2FccbA-zI7gv2yg,food_product_quality
0H4wAFQHHpIGzqs_VWxlPA,"food_product_quality,pricing_value"
cFLI9sC2w1btf7oUzdn6lA,food_product_quality
GTlFZNEvkdT2tGodrTECvQ,"staff_behavior,cleanliness_ambiance"
oLreGiHNjEw-tAuxVviYlg,"staff_behavior,food_product_quality"
rM5N7T_ro8uCTEctzqa4aQ,"staff_behavior,food_product_quality"
YC2Vv9rM6JszxWk8bWhgKA,"food_product_quality,staff_behavior"
OiiictceWD1y0Y6JP0rDog,"food_product_quality,staff_behavior"
rWqKASaR6_z-QR92Jv3Qkg,"food_product_quality,cleanliness_ambiance"
AMRGSicotefRGT6O7M275w,"food_product_quality,staff_behavior"
xvo34r_-Qy6UL2ZN4t57jA,food_product_quality
JJvQTAlZnXfEdiTHhUPrHw,food_product_quality
EdZ4PIMZRb2io-rT5aCj_g,staff_behavior
SgwJ7tNKWZ_1Pymx3RIdVQ,food_product_quality
vPwOcJ4_xbg5ncQ9JXiyXg,"order_accuracy_wait_time,food_product_quality"
mYDvr2XI8yTyEiYIX1lARQ,"staff_behavior,food_product_quality"
O347Fvji1vSGvtzLpIFXBg,"staff_behavior,food_product_quality"
xFCTCBg1wv4R-sex2jBMIw,"staff_behavior,food_product_quality"
ivzNjsBdW0Rnc-vAQHHqZQ,food_product_quality
_sArT3sEvZNfQgbmWdDpPQ,food_product_quality
WrdvrcrSSNfbJvw-R_eX-w,"staff_behavior,pricing_value"
5V9zzlGNavkf3f5WzlTN-g,"staff_behavior,cleanliness_ambiance"
mO51-J1BpoKQCOLLqVNXYg,food_product_quality
slEERZiXlYl7H3zq8d_YBg,"cleanliness_ambiance,service_speed"
0BNXJzsg8OZvXN_w4GsZCg,"cleanliness_ambiance,staff_behavior"
z27M-uyVM9SGjd7bZIYAEA,"service_speed,food_product_quality"
uIRM0BkGJR0vVSWqitVT5w,food_product_quality
wrQlJ2EIZi7H-hnz8lQOLQ,food_product_quality
YP6SPurcVY7ib0lIsTQpTA,staff_behavior
kXMMfvYVbjkdo4wkR2EyUg,food_product_quality
5JyIE_bAXdnrAQ9IBx4UaQ,"food_product_quality,pricing_value"
rmbfn2JrGDDweqOctHIwdA,"food_product_quality,cleanliness_ambiance"
SAQQ963L5Js4wVgTyLXmcw,food_product_quality
09_hyohkv07-I0hNrIrxGg,food_product_quality
o-3zGabw-kSl8Rxfy7t2gg,"service_speed,food_product_quality"
-kf_I1b-8bxECtbiDui-Nw,"service_speed,food_product_quality"
cG6BhoLXqXJDX2oGKHKyUA,"food_product_quality,pricing_value"
2KPilz8sokerGt7yCZZmbw,food_product_quality
-GFNeHS04Dh41JhmmpXjCw,"food_product_quality,service_speed"
PCkbbl5RAPTI_bssz-afWw,"staff_behavior,food_product_quality"
GdJfrrSSxqKLNAxpYAqcgA,"order_accuracy_wait_time,food_product_quality"
omtCtBLM1jL0hF8JVwa-4Q,"pricing_value,food_product_quality"
E7VBJkTzQw7GcXAWmeXWYg,"pricing_value,staff_behavior"
3IVsPNKZ3WhHZL_PcsdduQ,"pricing_value,food_product_quality"
uvuOvrRdXue9jO_OqVEfHw,"food_product_quality,staff_behavior"
UMCOlLLBcBQbnRoWjanjvg,"cleanliness_ambiance,staff_behavior"
7PXwK5tWHaIOLF54m2oIeQ,food_product_quality
uh8AS9v6yUEw2LqBfgKXxA,"food_product_quality,cleanliness_ambiance"
PpPibLC_Un9Qt3Gr0c55RQ,"food_product_quality,pricing_value"
YSmpwEzzz4aVKG9y03LtmA,staff_behavior
nAN1XdqxxO7Jv9oZVcV0Yg,"food_product_quality,pricing_value"
A4wqWNzkX9q0Lwjfm0vXIQ,"service_speed,food_product_quality"
EO4hxHhYrO2ZYeUMN2FFrA,"staff_behavior,pricing_value"
8ZvYo3hFkALw0l7wBNb1Lg,food_product_quality
6L5Ku_CrtxgONGiO4cHLmQ,"food_product_quality,staff_behavior"
_7svfnTJe6xV0d95kSr1kw,"food_product_quality,cleanliness_ambiance"
FyQ1hxLyaeoWWa3NFx4D1w,food_product_quality
yqkSQjl17_E_VgJxXvr_cg,"staff_behavior,service_speed"
fK8Q-CzQzLa7uovJSla3DQ,food_product_quality
iDjlhs0avh8Qto_PoXVJxA,"food_product_quality,service_speed"
a4F-lBA9ZD0QeLY1AdfKMg,"food_product_quality,staff_behavior"
uzWzfmLRngF-4ssyDbSzBQ,"staff_behavior,food_product_quality"
RdrtEXnMUUrfAMQy-BOEIw,"staff_behavior,food_product_quality"
bxeu2y0S7nBdLnfZpO9d3Q,"food_product_quality,staff_behavior"
hHBsQtzhF2mMhiyH78POaQ,"food_product_quality,order_accuracy_wait_time"
Y010YJFNWM5QT5fKuP9KqA,food_product_quality
3rlHssIaIBp3AL8xdIeNDA,"food_product_quality,cleanliness_ambiance"
aDnOV6WbM3VLd0l2x4_gMg,"food_product_quality,cleanliness_ambiance"
ofsnINP-8dPiBxXTiTQEgA,"food_product_quality,cleanliness_ambiance"
rzVqf675SN9dz-hYha4vFw,"food_product_quality,staff_behavior"
EGGu8bUg8epewylDofF7YQ,"service_speed,staff_behavior"
DadH1yId6vfednDjCyp1vQ,food_product_quality
le1Wf9x4tQiKPDAg9HG-Kw,"food_product_quality,cleanliness_ambiance"
WHgB__q91o2qjw-GXBTMug,"cleanliness_ambiance,food_product_quality"
iNRVtUpqxjJXQD-Rvc6-rw,"food_product_quality,staff_behavior"
JKV0s3I3Yl_-eeVCa_NitQ,"staff_behavior,food_product_quality"
W7YEFadBg45GoJ3-Cyrsgg,food_product_quality
4dPJjpZtdCQCnZ_evgiY5A,"order_accuracy_wait_time,staff_behavior"
y5IVmRjwuaGPV154992DIQ,other_none
h5XGGcfQt2tzwqN8ySgQIA,"staff_behavior,other_none"
EAAKnjZx7n6pBbOoTEu2UQ,"staff_behavior,food_product_quality"
goFK0xPrrr9Y3LGxm_35Yw,"food_product_quality,pricing_value"
5uoLworjW_CrljM5jrl6fw,"food_product_quality,staff_behavior"
d7NYGrpEkyNaaSAClS3FNA,"cleanliness_ambiance,staff_behavior"
-1QM7FpZ1hZxZYy_c6bpJg,food_product_quality
--QiqBhLkAXbjwSF1ah5cQ,"food_product_quality,cleanliness_ambiance"
8dwJk-v_zIt-Uz-wTyFUjQ,"food_product_quality,staff_behavior"
4WNeDExMGvpQAc1CZrh4cw,"food_product_quality,order_accuracy_wait_time"
u_tYV-AObKjV9XC9M4Wd8w,"food_product_quality,pricing_value"
GK2Y_bT1Dqqumvor6j2FOw,"food_product_quality,order_accuracy_wait_time"
BG6dWq87peHq_ZYckSWGgg,"food_product_quality,pricing_value"
BwxJlOc3E9yuynPIaM9sOw,"order_accuracy_wait_time,food_product_quality"
6F83Ok1nbTnnBUxgbasZcQ,"food_product_quality,pricing_value"
xtekBhgpzneaUdOuNPmGUA,food_product_quality
gTCdLHAoA5WF-u5KYJ8L7Q,"food_product_quality,staff_behavior"
Nrt5nL38nw0ittWk72RvYA,"food_product_quality,staff_behavior"
3P-vDf6QTAifU-j2UIRGqQ,food_product_quality
m4DGkzn4GGSnnpakHuVyPg,food_product_quality
v92cT_jCC4e89nbWxE-sNw,staff_behavior
hUMXVLRvj_WcqDc8q3_GLQ,"service_speed,order_accuracy_wait_time"
qNPijbPcgRHsRvOrk_sFOg,staff_behavior
f_VeJE_5r-Q8Cn-zf7ScZg,cleanliness_ambiance
hED8Kl0EmUGqQ79iaHv5_g,"food_product_quality,pricing_value"
fBNWMriy3Cu_4weWRe-R6w,"food_product_quality,pricing_value"
EkgnH1Vbcjs4GkJRyOxkVg,staff_behavior
xWaSUMPU6a9lAUc22V_Mnw,"food_product_quality,staff_behavior"
gnNLekglbqW2RY2OefOJ3g,"cleanliness_ambiance,food_product_quality"
ii3C0oh3v-QWJQlsVmxBbQ,food_product_quality
z3gNl1XL6mk1h69OqBzYFg,"service_speed,order_accuracy_wait_time"
nwxUYJML31OdKsqQxALO5A,"food_product_quality,staff_behavior"
KMQnW-943RMYg_cku1YAFA,"food_product_quality,staff_behavior"
hA1-e8JbaJwo43UhArTKsA,"staff_behavior,food_product_quality"
nIpe-kyNwhcUI0Ku2TGaSQ,food_product_quality
QPIgDHqcN1yqlEukEdlspw,"pricing_value,food_product_quality"
ALfY2oEviLzw3suFJk5T2g,"order_accuracy_wait_time,staff_behavior"
MpVQHU9hzTEk_G70207irw,food_product_quality
hkrB6rzDpEM_KwxodTr1KQ,"cleanliness_ambiance,food_product_quality"
Kki_A97YVIxHv31lZeIhaw,order_accuracy_wait_time
9WCLNkAwaDSiWpEsmyfwnQ,"pricing_value,food_product_quality"
FFlaeZCOnq69G9F0-xRzHA,"staff_behavior,food_product_quality"
x53cP0T6qLzAjJX00d32eA,"food_product_quality,service_speed"
FFQKbsw1KF8XBDGfQpFHRg,"food_product_quality,order_accuracy_wait_time"
VU4St9HzSJms0zm7I3J4Uw,order_accuracy_wait_time
nC-oC_5hBe969YoGLkAmvA,food_product_quality
lAijVZOPL8XOtP42nTTGbQ,food_product_quality
HuVR0EiTpNehic-NMqadAw,food_product_quality
19ENaRgbwlmoA42ELTzPow,food_product_quality
Oiw_YGTJGVdVvJVbyyYPHg,"food_product_quality,pricing_value"
c7XjOWgHHuDCWRC0pL4-Gw,pricing_value
kijHq50QOi7kYmyjgdBVFw,"food_product_quality,pricing_value"
nOzloVm-3GzAMvcuNAIXIw,"cleanliness_ambiance,staff_behavior"
-HNrVuUjraXBcPZUBQZOZw,"service_speed,food_product_quality"
O0Ghe1Slhc2w00hSCLWZ-w,"cleanliness_ambiance,food_product_quality"
lX8104ZV-YnBtMt_drpYbw,"food_product_quality,staff_behavior"
pkk1KPRA-rmZM5HN1Gn1Ig,"food_product_quality,staff_behavior"
Uea5-4OF4eJ8pLoAf5C-tg,"food_product_quality,staff_behavior"
LkTpaaNCIBjWOWqhkqOudQ,staff_behavior
_YRLCrbpFSq7St49WOXWeQ,"food_product_quality,order_accuracy_wait_time"
Quv9bS701blvt5Z6loS00g,"food_product_quality,staff_behavior"
EGOQEwYZUK-NqZoMSzkhNg,food_product_quality
ND5scuufBWkiJqUsL4tVrQ,"staff_behavior,food_product_quality"
cMFRDOuJimZBNq0y7c_NZQ,food_product_quality
YWUWGtEQ63SBo7iZVXQPJw,other_none
eMUp5HrfQywGYQzplDbolA,food_product_quality
NOU9Hg3owbkYS-R1hNFjwQ,"staff_behavior,food_product_quality"
3oyIVFxaaf5D9kMXK5yvWA,"food_product_quality,cleanliness_ambiance"
8bqh93oMfZekaTn5BMpKmQ,"food_product_quality,pricing_value"
rMnQCdpFHdv3fBJw6r8WRQ,"pricing_value,food_product_quality"
1cxvRYgrbeKbOvEy1qrvBg,"order_accuracy_wait_time,staff_behavior"
FQ6uDCFkqzHTPc351wwdoQ,food_product_quality
cwphkOddyVQotGqmzVfrIQ,"staff_behavior,food_product_quality"
yfuHj2MKlYqAPI-0N0alUA,staff_behavior
-nHMv3IJ5djQ_T6Q7Wk8Ow,staff_behavior
ubh0SYFWrTFZOYYmJa8VKA,cleanliness_ambiance
h1fupSTirEzCrawO6qiseg,"cleanliness_ambiance,staff_behavior"
4NHD8a-iNiceevnm8U9rjw,food_product_quality
oNFFtUJx-Xe_udFfq692KA,"food_product_quality,pricing_value"
CcW01xV_gZZ-_JFIWJE01A,"food_product_quality,service_speed"
bKavUuSoYemLEInkMKsN8g,cleanliness_ambiance
JbOj7zTS25LTgZy6uJWUTw,"staff_behavior,cleanliness_ambiance"
vEtOEgl0AitMAFrLTboHoQ,"pricing_value,food_product_quality"
cMSYizbpt8L47BTltAqVSg,"cleanliness_ambiance,food_product_quality"
o-kS3AqoiyflihCyY2yLOw,food_product_quality
ItcjmO9kh1sAGclhf02Dew,food_product_quality
s6jwi4m9owmi5xCZRK2kcQ,food_product_quality
h0yjM5K6-PzJ2nZmHbUVtw,food_product_quality
oegbCDJFAi-NT9Oko2dPXw,food_product_quality
J9Dhgesojmeuc3ii-idoFg,food_product_quality
Xf3bPbM4FH2NGMxwFCz8qQ,staff_behavior
Nvjn8O64wxG7TzAsTpUu9w,other_none
857bpL6G91dwdFZpxiv6eA,other_none
GLxCyPISCBmWcD8fYdK7GQ,staff_behavior
aRcuOPeUZUSGj_tQvmRVcQ,"food_product_quality,staff_behavior"
iBg6XGrH7fCftBGKSIIp0Q,"food_product_quality,staff_behavior"
2GYuAL2DP5Hl4ryLbBrGWA,"order_accuracy_wait_time,staff_behavior"
gWBz1tqsTH15G08-LHRhZw,staff_behavior
t4b_EZtdvgkB0QfdxKQF9g,"food_product_quality,staff_behavior"
-Xy-jAhgSAaj1iIwUZlqnA,"cleanliness_ambiance,staff_behavior"
HTUcwSDEiTVVIQL-Fwz6kw,food_product_quality
YmPt9kw4vOPEbIKoYkc8LQ,order_accuracy_wait_time
AoMI2st6yKtE5684wNPdAA,"food_product_quality,staff_behavior"
DMSSnt4IlcHbNsAhqdDaPg,order_accuracy_wait_time
S3JrW7ZEF065lKI4WOv2gg,"food_product_quality,staff_behavior"
yZa3ffBWf3HWahcdOy4FhA,"service_speed,pricing_value"
WnfuxIsoFz--meRsBpx-JQ,"food_product_quality,staff_behavior"
9nXwtBG4NgiCmbm9vpWWfg,"order_accuracy_wait_time,staff_behavior"
aUyFl7Rh1S0qy_oKw5q8Eg,"pricing_value,staff_behavior"
bz1psjyCoUiVwL0p-kJH2A,food_product_quality
sYOZHHz2XF1mlEjreWjZnQ,"service_speed,staff_behavior"
9uDvgtRiVi9La8W3oav27Q,"food_product_quality,staff_behavior"
YQyEJ3GDrZmhTJedMHQ1FA,"staff_behavior,order_accuracy_wait_time"
tyqdWk6_u3C_i97S4tWf6g,"food_product_quality,staff_behavior"
-efUtULhtUkxOggulpbTyg,food_product_quality
Er79_WXA-SgMzHjetsmL2w,other_none
QgifEuE7H6_SyM85Mfgxng,"staff_behavior,cleanliness_ambiance"
D0Nvyn-q_8ac1QjZAxqZag,food_product_quality
dgmGzJCwXnRyAhIGDQFXCQ,staff_behavior
7D4TTviiRUapAYQDUkrQJA,cleanliness_ambiance
R_5K0Vab4A5wFblNWYKL2w,"order_accuracy_wait_time,food_product_quality"
jl0gQGfbzN3Q0JiEE5GGJQ,"cleanliness_ambiance,food_product_quality"
TBEbQ_OF6TBjGaL265ontw,food_product_quality
sNjLJyp9gauZ5gZK2a2YoQ,cleanliness_ambiance
M2f8YQrPklV9bxTVk5HfNg,food_product_quality
GYh3-rc5yIyWnLG_yIvzfw,"staff_behavior,order_accuracy_wait_time"
k65nqTo1ientpG30o-8SVw,"staff_behavior,food_product_quality"
DpG-dY54ipv8ekWe9_oSsg,"cleanliness_ambiance,staff_behavior"
Av4P73T5UtUNRK1CMTjGgA,food_product_quality
Y5G1qQjcbGN-bJPFGx2RzA,food_product_quality
xTXtv9nib6QY7_OFHkuUPw,"food_product_quality,staff_behavior"
hvs5EwgqJt6QsZ4OaBBajw,"food_product_quality,cleanliness_ambiance"
aHXxL0dBOBEn9AT60ml0qg,food_product_quality
kH14Qh0mrMB1zdtXBk3LTA,"staff_behavior,food_product_quality"
OE83tpsbT-kkp8gNBgEAOw,"staff_behavior,food_product_quality"
ygaLBC2gro0bE2nmnKR0mg,"staff_behavior,food_product_quality"
AvDsAOqN6NJo3qhZdSCu0Q,"staff_behavior,food_product_quality"
8prLT4U3XsUU_B8aicfatg,"order_accuracy_wait_time,staff_behavior"
NvA9ML-s-fOnz-AWXilT9g,food_product_quality
P_I2ZQs7oMeRnpB90LZCEg,food_product_quality
8ytzZqAtfFHbZCwP9APdWQ,"staff_behavior,order_accuracy_wait_time"
9fhSTWNA2G3p_aehwZBzXQ,"food_product_quality,cleanliness_ambiance"
Xbla5XyWjoGV29CY261G2g,"service_speed,cleanliness_ambiance"
peYEVBQzctnDtGsEG24ETg,pricing_value
1ouvRKBVGCW3nQeY_JME-w,"staff_behavior,service_speed"
Oc4ScBhlFSaYHUp9uHfK7A,"pricing_value,food_product_quality"
8QisBTXe7mRbV0z3b7pEnQ,"staff_behavior,food_product_quality"
gTJ6wVSd-xOLkSOtCrYMeg,"service_speed,staff_behavior"
12VNlLK8TvWexkJ0xva2BA,"food_product_quality,staff_behavior"
tIqz8wGEZacc_NhpUv3HUQ,food_product_quality
qOjt3sLRupE39heTs0Arhg,food_product_quality
BLSt2iqkltLMPVW92W3hkg,"staff_behavior,service_speed"
K0nfDI-VyI7ujeXcI2f7Yg,"food_product_quality,service_speed"
aOR97C7yntTRmxqyPT321A,"food_product_quality,staff_behavior"
2Kk38curzk5dXbp8VqvykQ,"food_product_quality,staff_behavior"
wXWx1UOIiQg_bArHGB3trA,food_product_quality
tFjynT12rqhxLL8rSQV5yA,pricing_value
Te_dhb2j_YTBtL7_W3EAHw,food_product_quality
hA1HaH8dvY-d8oHESiIMBA,"order_accuracy_wait_time,food_product_quality"
uKztBO5G5eyFBYlhENSy8A,food_product_quality
9yzR5yO1P-0sA32sefmyZA,"food_product_quality,pricing_value"
xL52rONMNncUUOTm-P6KLg,food_product_quality
aI6cjY2ja8Us7S8XINFTLg,food_product_quality
EJoaIRbknC3WRlZ_JA8gEw,"food_product_quality,cleanliness_ambiance"
0jct4w5g4SltkVz9FM1M7A,food_product_quality
74-i4yWCf_YyfBMMO8jLjg,"cleanliness_ambiance,pricing_value"
1xm2rPQIA4WxGD29nIM0jw,"food_product_quality,staff_behavior"
tA7f69ZiMANpZa5LhSXyJg,staff_behavior
_F25In6uAoLlVqts18cNKQ,food_product_quality
27ieROvC1nslra4V4d_4Fg,"cleanliness_ambiance,food_product_quality"
F2lsjQntsYB1VdwbnHtbQA,"pricing_value,cleanliness_ambiance"
LgbTmEPYAiR8fxTI_GI0dw,"order_accuracy_wait_time,staff_behavior"
xQtwcHnguKs2BddRIfvCpg,staff_behavior
DbFhZ3VyQSjJHELeXEWsAw,food_product_quality
8fKhmlYwoMQ5Jifog-VgpA,food_product_quality
iJNW2mb2FAO6VlBSPMD8iw,food_product_quality
vQQm8t-KUU8wj9H7jceCOQ,order_accuracy_wait_time
A0kqBkEdtiDU9KnmfS5n_g,staff_behavior
6NoLt2UBBmLP_DdWz_uODg,"cleanliness_ambiance,staff_behavior"
ZUzQg5I6dYnacmSuRIR3PA,"pricing_value,food_product_quality"
9TaoXcSd1dCPZ0Em8VUwlQ,food_product_quality
hn7RM1BHL4xz7qXK3yYXgg,"food_product_quality,staff_behavior"
pzc25z8AD8Q0cOqywBbkrQ,"staff_behavior,food_product_quality"
jrMm9bV3PLnzbLi0jB_G2Q,"food_product_quality,staff_behavior"
3R0czq7sc0i_ZTwV7E3m7w,food_product_quality
3BfAgH44L0TY_TKr1-TMbQ,staff_behavior
xljuRCWANm-aSuAVQT3gEA,"order_accuracy_wait_time,food_product_quality"
mJD92IVqlKEhT341hs78cg,"food_product_quality,cleanliness_ambiance"
F3AW8PfZSyRrhbj_P8k1nQ,"food_product_quality,order_accuracy_wait_time"
fgAlSUAgwKaqye3qoLikUA,food_product_quality
lBtGqHGYn9ZOC-fxuvrBmA,"food_product_quality,staff_behavior"
Jwhpd0DYlP3NGWc14UKCgg,food_product_quality
9z-lcpmwOuEdwcW8VakO6g,"staff_behavior,order_accuracy_wait_time"
ETKEQce40H31pU9c8nPxdA,food_product_quality
HIOhvoRXFtGvPughmZg-CQ,"food_product_quality,staff_behavior"
D5Sw8gep7JbBZ24MPb6X1g,food_product_quality
X-QHhOmcAz-4YJsp2PN64A,food_product_quality
XFa7fSkLz-GzYXO47FhvcA,food_product_quality
otn-8HjhMuTSVagWSYLy8A,"food_product_quality,staff_behavior"
zqxTqhPfZILSq_Dy0wezHw,food_product_quality
oRMwbmZcp9N0yqTsOatrmA,"food_product_quality,pricing_value"
6ts8xohcfPYMVosJcwY5Pw,food_product_quality
AQ_96v_L7XZUsdgBe-K8FA,"cleanliness_ambiance,staff_behavior"
isxaF0zyE0CWwuIC5C1SHw,food_product_quality
PFGp_9CsyR2PkG0f8db7Vw,food_product_quality
xmzFcT9cAf6Y3Ad2W6HRjg,food_product_quality
wmvTVtlIofiuTRVGAYk2Og,"pricing_value,food_product_quality"
wlyO7opMYhP0mVsxoTfaiQ,"food_product_quality,order_accuracy_wait_time"
Ab8K4-gcqZ0WaDBboQiDZg,food_product_quality
9DMiU_jLZ7jm5x4nSIo7MA,"order_accuracy_wait_time,food_product_quality"
0G6Imeh4zFRBzEYIQLM3QQ,"cleanliness_ambiance,staff_behavior"
_umHoZljA4zmq7ppofGTaQ,staff_behavior
GLfEOIMLlJCHkae7RaPS8A,food_product_quality
8yEwZ2RUihhDs78MZfK1mQ,food_product_quality
8Exd_6R-oGjMSWx8fXNiog,"food_product_quality,staff_behavior"
-DoxUm_Y3vOw5g_Vn0mAuw,"food_product_quality,pricing_value"
mWljzLzJtsyOXjTVYCdKZw,"food_product_quality,service_speed"
rTthN0puNYT3X4CkLaNhcg,"food_product_quality,staff_behavior"
a-q5zj2s08LUwxvX10u66g,"order_accuracy_wait_time,staff_behavior"
hU3tj_7bAzQexJcy7gUVnw,service_speed
GbjxMobyEFkxjDYhPr2ZYA,food_product_quality
fXeVV2eU_CGh-7iLeNKGLw,food_product_quality
-n6alFOlI8mk9_JgdTI7uA,food_product_quality
7qZtHI7tNaf5tJ2-SEwdNQ,food_product_quality
1-UYoqEfADfBoxV0H-8W4Q,service_speed
isHEf-U2ghrWk8lVInlNAQ,order_accuracy_wait_time
hnpiamlH66abXYanlYXbaw,"staff_behavior,food_product_quality"
w8Ayz4Xb3T9lGpun0OUMCw,"food_product_quality,cleanliness_ambiance"
dd1kmWJmn3j-fBv9n1Q8xA,food_product_quality
0YtxBwUUFyFIItkZN-jwuA,"staff_behavior,food_product_quality"
w0pK6bM5e7OV44iZqym1ig,food_product_quality
0xvt1A1R7N5qmu1ofmDMxA,"order_accuracy_wait_time,food_product_quality"
ZJUjKTDWrFugLqI3Gv4waA,"food_product_quality,pricing_value"
t1F69-lrdxPQ-CMUotIBlA,pricing_value
TwsN38RWWCy9jMBDv7iQ5Q,"food_product_quality,pricing_value"
6rqYwd6quJWBGpp2v_OfTQ,"food_product_quality,pricing_value"
kOSm7aGSukkDFQm6-m4TNg,other_none
cK1pHvqwifdOlJfUd2AxyQ,"order_accuracy_wait_time,food_product_quality"
jrbl2VeWCKC2Wl0cNz_hSA,other_none
KTQkgrO6TBCoPqUc6UAklA,pricing_value
FvW7EPuN8rGJhVYalhrrWQ,other_none
LGcftrKYYI0GpujwMETPBA,"food_product_quality,staff_behavior"
ZbEvC2F2f1mFZQP9OCJ5aw,cleanliness_ambiance
D1DZDOkOKNYLjGC1CwJfjg,food_product_quality
4UGNirDjw904DtJA66Q5Rw,"food_product_quality,pricing_value"
UyVD_GOXfdsaopqOMaRpIA,"staff_behavior,food_product_quality"
o7BKu-lNFVggon0ovXnQPQ,food_product_quality
su3G4PjN_EcMV33c3h3bMw,order_accuracy_wait_time
ItbuHkSKfUORzeh_onJxbw,pricing_value
0TFOkRv9riYKnEOUDv-PDw,"service_speed,staff_behavior"
1uRAOzAfpI9qwzfY2Op7Mg,"food_product_quality,cleanliness_ambiance"
DMJ5cmMQ5uUXWdu2f_92ew,"food_product_quality,staff_behavior"
SNX04Hz2qXG7WQLUScBrig,"staff_behavior,food_product_quality"
VHrFwcP6VOJZXPHL5uRSAA,"food_product_quality,pricing_value"
dg-0crtwsaIaCmXIbCQUqA,food_product_quality
MkOh9fLx4WT577ch88rojA,"food_product_quality,staff_behavior"
FomuH3X0WotxQvnFIH7hFQ,"pricing_value,food_product_quality"
gO3ZKx8VMvzc73Gf06xaCQ,"food_product_quality,pricing_value"
uZxNWPrf6OHbQB7dFYHA9g,"food_product_quality,staff_behavior"
qVO_zNxAH8tArxUCiaHXCA,"food_product_quality,pricing_value"
1mto0yLKkt-pjXsqxuDCTA,"order_accuracy_wait_time,food_product_quality"
o9e5dpq6X_w3IzpS4286Aw,staff_behavior
4Z9J4RV9SgAv-1r0OX-eDw,staff_behavior
5JdvF-EJfAZvKHWoCl35dQ,food_product_quality
-uwI2fCTwmzrhyEX9nYc1A,"food_product_quality,pricing_value"
rYqQQKr0G5qnpgRmiNPODQ,"staff_behavior,food_product_quality"
gnvPIAGdU82eWc04bpf3Aw,"service_speed,food_product_quality"
rAqERyFT9tu2xh3Jfdsg3A,"staff_behavior,food_product_quality"
KMCuhcaW5cuv0ibnvYKLOQ,food_product_quality
6DdXNFLiE7Lqu_W15_NuuA,food_product_quality
ZV9fKIYdV2K95nxsDRyhDw,food_product_quality
u9m-dsIWgtEUGrfL2NC8rg,food_product_quality
Sn4OsxBv5ePYitKRk9X9nA,food_product_quality
DdQHQuMMj9I1_X5QQaOgCQ,service_speed
HsHW41PlWTCzwXli8MfKpQ,"food_product_quality,staff_behavior"
dLtOrK4froxbLPsZiDlUqg,"staff_behavior,food_product_quality"
q2FiKl2MWjN9RhnLSv9cKA,food_product_quality
axGAFKlc8R31yUbDqvemhw,"order_accuracy_wait_time,pricing_value"
3LqI5jBm4UMXMgjm0db8bA,"service_speed,pricing_value"
-DZcMnDKcjOrZb-G6I4eZg,"food_product_quality,service_speed"
gfxTXeqhIZWOcYKWs13WdA,food_product_quality
0njsWMA5h30BbQG3se5zmQ,food_product_quality
X8HSPJ5vmubLhD6-Eas86g,food_product_quality
0flt-6fh68bPNxab3mdYgQ,food_product_quality
uUEdlqtEzD4PLvI8OaF_3w,"food_product_quality,staff_behavior"
93ElcPmnqS1DY-m5CO3fwg,"food_product_quality,staff_behavior"
TYXaoQ2hWuTbusI5HVzFuQ,food_product_quality
ixuFWi5Sxr_FvQx0r8G_sg,other_none
3TKXvQwW8bdqID73Tk_22Q,other_none
toYOIBEG6bfYaIfUqmoL3A,food_product_quality
rqYxUbOIOx_vR8KU38E1Aw,staff_behavior
Cnh9aQEKWDkaAipRMDx5ww,other_none
