review_id,sentiment_label,sentiment_score,sentiment_reason
t-8mpC0ryIc-cdnwoF8Hsw,positive,0.92,"Extremely positive review praising food, service, and atmosphere."
rjnyXstBa7SUtlfrf-moyA,negative,-0.78,Multiple complaints about food quality and poor service.
h46h5_2USejVTkfM3byl7g,positive,0.73,"Positive about food quality and service, minor wish."
jQHWfUlgObQRh40PUDYU_w,positive,0.81,"Food praised, store outdated but food excellent."
_YFKHUDdzhgMhKS0m7oDSw,negative,-0.88,"Food poisoning, negative experience."
vhSip9Ph1CXcblSYno-WSQ,negative,-0.85,"Cold steak, poor service, negative."
8VMYtsXwvJBbZyblhG2vaQ,negative,-0.92,"Disrespectful environment, poor hygiene, bad service."
VeirSaiYPBiUiPqSARXLjg,positive,0.79,"Positive experience, excellent server."
3goSOvzcDl2mSt-VBtr8qQ,negative,-0.9,"Multiple service and food issues, negative."
No1v2TNXh6Xqh2jB3LtPHw,positive,0.75,"Positive review, fresh food, hidden gem."
TAeKE5Pk6QQUzYr6X2a-Qw,positive,0.8,"Positive review praising food quality, service, and value."
rbXZqzQQ-XSh4eymh6uJHg,positive,0.8,"Positive review praising food quality, service, and value."
3vemS2gvS8-K725uiy07Tw,positive,0.7,"Positive review with minor suggestion, overall satisfaction."
wRHzNtxVkFNN3lGd_-fFSw,negative,-0.8,Negative review criticizing pizza quality and service.
zbXLSA9Q2tbqj7XjezSgPw,negative,-0.7,Negative review about food quality.
VQPcBnLz9rcZu21ojUG6Xg,positive,0.8,Positive review praising meat quality and price.
ZlgV6ii3s3zfVA3zypQhZg,negative,-0.8,Negative review about poor service.
BmiJQtpvEZt1opVn2d5o2g,negative,-0.9,Negative review about inappropriate music and poor response.
grdyNnpXXLVdg7qEdeO77g,positive,0.6,"Positive review praising service and food, slight hesitation."
euDs0rBA_m3WzQcbYu8pBA,positive,0.7,"Positive review with minor seasoning issues, overall good experience."
xSViGchkd4HxsI5FH3FX7A,negative,-0.4,Cold food and poor service outweigh positives.
iZsb5oo4QmHGJlH43O6fxg,positive,0.8,"Excellent food, few minor complaints."
Nc7ZnzIJs2982pTPXLR8fw,positive,0.9,"Very enthusiastic praise, no complaints."
ypEZOALGvQBqtwKQNOBSlw,positive,0.85,"Enthusiastic praise, no negative remarks."
QJ-7jyZKj4Zw_GR-R0IvrQ,positive,0.6,Positive review with minor portion concerns.
s1EjO-QhSgKnlnjDdOI25g,positive,0.7,"Positive tone, satisfied with takeout."
3Pql6t6sF0I-aGNGLa8LgQ,positive,0.7,"Positive experience, minor service timing issue."
lzbBTVhH_yjhhoMjmA9d4A,negative,-0.8,Severe service and hygiene complaints.
wldWclu3Dm_aScDXaKkN0A,positive,0.9,"Highly positive, no complaints."
ljWJ13-tfH0J8VxasxSfGg,positive,0.6,"Enjoyable outdoor experience, no issues."
I6bhszbD-aPbSdd88VPf_A,neutral,0.0,Mixed positive vibe and practical info.
UHRouHBxjdL9_vRE452aOQ,positive,0.9,All aspects exceeded expectations.
jo0Dv6XtK6h81jIxrxWV8w,positive,0.85,"Excellent service, food, and atmosphere."
2Y4bCyURdWJswn9X0tPTdg,positive,0.7,"Good atmosphere, beer, friendly staff."
Ka_ERhEOc0xJUpkcrYwkEw,positive,0.8,"High praise, great service, fun."
GnNFeuLBfaTgW1ttFX20lw,positive,0.75,"Positive praise, great service."
zH-SEFwbTuJESYoGiNq4Mw,positive,0.85,"Amazing place, great location, excellent staff."
0mGZk8GbVwazdCaf9Fl8rQ,positive,0.9,"Great atmosphere, outstanding staff."
qVYqL-69jjhLIDQ_E4GsUw,negative,-0.8,Poor food quality and service.
EECnKqOZwgb0YCZZIumDAw,positive,0.8,"Delicious food, creative drinks, great setting."
lOiIDa414fAgULXW7uTLCA,positive,0.8,"Excellent food, drinks, and comfortable patio experience."
yAhTlL2iDiGdvt8QPk4LLA,negative,-0.6,"Overpriced, poor service, disappointing experience."
gwbZISfCY8aenXe8mvFOiQ,negative,-0.8,"Terrible food, slow service, overpriced."
kNx74DAyP4huBdrxnEEr9Q,neutral,0.0,"Mixed quality, average experience."
2T-x1AkiCMkUrGu_J-5rWA,neutral,0.1,"Good atmosphere, hygiene concerns."
TzqCODk5SNKYBI-hCqw06A,negative,-0.7,"Rude staff, poor service, bad bowling."
dHXpUaAHHPylpfEGsUgIgA,positive,0.7,"Great food, friendly service, convenient."
t2bkrC1KgdPkp0qQ62TxjQ,neutral,0.0,"Good food, long wait times."
CmhdlTSkkJuSzSUyMhY0EQ,positive,0.8,"Excellent sandwich, clean, great service."
PHPbpYNhzBRGD7CpJwQm3g,negative,-0.3,"Great food, poor hours, parking issues."
ijUZeqHTgz_iis59L8q7HQ,negative,-0.8,"Long line, slow service, disorganized fast food."
oFpKtjmoMAmHpyU6MdNKzQ,negative,-0.9,"Worst experience, long wait, warm sandwich."
oWqvJCsYEHZT11yhnwqF2g,positive,0.8,"Fresh food, great service, enjoyable meal."
d9neXdEzE9S6VhlCjI6NSQ,positive,0.7,"Tasty food, highly recommend."
XaOBMuBobDUm3po81-vRWQ,positive,0.9,"Best pizza, sweet staff, will return."
URiOcjm-5v-uxw3M4gnOeg,positive,0.6,"Convenient location, outdoor dining, positive update."
B7vNbmXDh42K6EqdB85hqg,positive,0.85,"Five star service, great pizza, friendly owner."
5m9xK5jmV-2oj0JrqjOxIw,positive,0.8,"Amazing pizza, delicious lasagna, will order again."
gsQZfCjLxHOdWnvaIYVY7w,positive,0.9,"Best pizza, great value, generous toppings."
IxAZtKSNasVU1X5TAMPu3Q,negative,-0.7,"High prices, poor value, unsatisfactory food."
sgiQmAsjuKWgLEkPx2lTHg,negative,-0.3,Food fine but overpriced and small portions.
vbXTXVrfQ-cew4m15l7IAQ,negative,-0.9,"Moldy food, poor service, health concerns."
zbINfe_qLaYlqm_IZHm2Jg,negative,-0.8,"Terrible pizza, poor service, better alternatives."
-A2KYbJuX33VB_84YfhMUg,negative,-0.7,"Long wait, no food, high cost, repeated issue."
JJJXMUpW4Vw2puzEvkLFng,negative,-0.9,"Filthy, old pizza, poor service, dangerous."
7Z-3a-hQ0xInDjSMxg22Zg,negative,-0.6,"Salted burger, stale fries, unsatisfactory."
k2woW1lVPb6CDsD35Ss6Pg,neutral,0.0,"Price high, deal makes it acceptable."
7VFhmY8UgDiNdV0gzN3Uuw,positive,0.8,"Great food, hidden gem, worth the wait."
YavZiDYgViBD1I24sKqGYQ,positive,0.7,"Great food, friendly staff, delivery issue resolved."
LuetR_-A_4ZzxaIhmV1tMQ,neutral,0.0,"Good desserts, poor main dishes, hard to locate."
cxLGYf5bPU-wsDG5LBUVeg,positive,0.95,"Extremely enthusiastic praise for food, staff, service."
rMOr81aMr8a_5_TM-KUj0g,positive,0.8,Positive review of food and friendly staff.
LZKHm5pi-DtgouDtrIzAfQ,positive,0.85,"Positive comments on food, service, price, and atmosphere."
klYmupNXs5W_dF8GxEMJ-A,positive,0.7,"Positive about food and staff, moderate tone."
96jR1ta5P2B9dK621XuNKA,negative,-0.9,"Harassment, unsafe experience, negative recommendation."
3Adi-tfRA-pFTeo8A8IqBg,negative,-0.8,"Rude owner, poor pizza quality, negative."
EpW_RasCAWOnBaOH4zxVTA,positive,0.9,"Delicious dessert, highly praised."
Su1fSP9FSJMyksHXFlCC6w,positive,0.8,"Fast, hot food, friendly service."
PGumxbw8Y66uDq73iXF5hQ,neutral,0.0,"Mixed food quality, service fine."
Uw5-RSfKTIj5f4CWgigmDw,positive,0.8,Positive review of breakfast items.
rTblbtOokTy6XVq79rDgBg,positive,0.8,"Positive review praising food, service, and coffee."
AhLLvNWimvzPRyRB2zfv3g,negative,-0.7,"Disappointed with seating and service, overall negative experience."
pXM88P8T7FXe4XGEPJbq1Q,negative,-0.8,"Reviewer advises against visiting, negative experience."
q_B888y743XMWFLRVtn5Yw,positive,0.8,"Positive review praising staff, food, and kitchen view."
UHtOcW0GOu0iBPpcPyLlxQ,positive,0.9,Enthusiastic praise for authentic Vietnamese food.
Tg5qsrsyueL0eHkZft9Q8Q,positive,0.6,"Good mains, craving again despite price."
wJdkklC8vR89CAtyjjdmjg,negative,-0.8,"Moldy pudding, very disappointed."
1JiTDsSUV7OD3RxKyZHC3Q,positive,0.7,"Fresh, well executed, superb sandwiches."
IWjSZC0MLEF3gnZEUTnLcg,positive,0.6,"Taste buds loved, personal favorite."
mEAubZQKbmIL0Zjmw8Z_rQ,positive,0.8,"Best traditional Cubans, favorite."
KRhiZZSCqT56-FajfmBzcA,positive,0.6,"Positive overall, good food, mixed service."
tGRawDgqpt58KUhMk11s6Q,negative,-0.8,"Extremely salty, bad curry, disappointed."
ixuFWi5Sxr_FvQx0r8G_sg,positive,0.7,"Great food, satisfied, positive."
x9OSrrO9eLQGBI_AhHj-8A,negative,-0.9,"Overcooked, underseasoned, bad service."
0SR4WeJ0VfApFAqM0WTycw,positive,0.95,"Excellent food, great service, enthusiastic."
yxwP78EWhtPI0fOIHWtIxg,positive,0.8,"Positive review with praise, minor critique."
kR9Dh40H_0JDB9uOzbEqTA,positive,0.85,"Positive review, compliments food and service."
4H1qoXel_GoM9o4KXW6ylA,positive,0.9,"Positive review, praises food, vibe, service."
rqeyP7imVNL4V14AKWiqOQ,positive,0.8,"Positive review, compliments shop and host."
ElrtamTGoMuf-4qwCT4CXg,positive,0.85,"Positive review, praises service and pastries."
DnGwzbqK8tq6IkqgjZnNJQ,positive,0.8,Positive review praising staff and food.
Jey6CvWrOuDA7P2bX1sTPg,positive,0.9,"Enjoys food, drinks, dog-friendly."
l_RP-sQE81LceUaUtwH58Q,negative,-0.4,"Negative about sangria, but positive about venue."
NImmdMzmuIThkaVEVhMP5Q,negative,-0.8,"Very negative experience, denied refund."
ioN38VkjY160j8EZ_AzwKA,negative,-0.5,Good service but poor communication and attitude.
IF6J8ajv-hHUJ3GSSqOspA,neutral,-0.1,Mixed feelings: good food but high prices.
q6LKw7u9UiDFC7BzIXrYGg,positive,0.9,Excellent pizza and friendly staff.
CLHqnvgkhZrSogxWDsQ9Pw,positive,0.8,Delicious pizza and knots.
bo_DAyk6P9cJUkLb0KM_CA,positive,0.7,"Good pizza, friendly atmosphere, minor oiliness."
k137ISpBSRZ-97rCKqAUAw,positive,0.95,Obsessed with flavorful pizzas.
C_hBstbMUp1oB2Iei-AJ7w,negative,-0.3,"Disappointed with Korean fusion, may not return."
DAqi9f1xSxE_wpXZeTYuUg,positive,0.7,"Great food, especially chicken, worth the hype."
5x0vdiDfw9H71AWWmP3L7w,positive,0.8,"Delicious, leftovers, excited to return."
xsG7m_7nrglV-oqPMz0pEw,positive,0.6,"Delicious food, friendly staff, will return."
njlKLt45ikoV86sddpZXog,positive,0.7,"Favorite spot, great outdoor dining, supportive."
yQKht-WENESfKzBQVivJ6w,positive,0.9,"Compliments coffee, staff, and overall experience."
cG6qCYWVLCvv-Mp_cs5xaw,positive,0.3,"Positive staff, but disappointed with drink taste."
au2t9nLlGLxu_LS9vwogKA,negative,-0.8,"Criticizes price, service, and coffee quality."
eyOzRti4NeAyxSfU0yDHVw,positive,0.85,"Praises food, coffee, service, and return intent."
6cKP_DqmeTK63xoYhz816w,positive,0.9,"Extremely positive about coffee, service, and ambiance."
-_zOkGxdL4tUdktOjtQrMg,positive,0.8,Positive review praising food variety and quick delivery.
swvhn-93CzPNzejHRvaNCA,negative,-0.6,Negative review about mediocre food and high prices.
7i8J_bYFqz1Nppi0EwfLuQ,positive,0.7,Positive review highlighting good food and convenient combo.
PnzzzCGau1_Y8MqtRh_3Dg,positive,0.75,Positive review praising food and fast service.
QGK9SjVpRIVmyE5xjC-URQ,positive,0.85,Positive review with high praise for food and staff.
Mem2t5f-7wZ862yD6QUfWw,positive,0.9,"Favorite cheesesteak, delicious, timely delivery, best fries."
qPSGZFwM37fX__RKscee8g,positive,0.85,"No wait, outstanding steaks, great wings, quick delivery."
4f2anyN4WX0423fumGWPcg,positive,0.8,"Plant-based soft serve, friendly, delicious, tasty toppings."
zFFw85lJaag3kQPpj8QRQQ,positive,0.88,"Favorite açaí bowl, cute, delicious, fun environment."
EEu23zTTjqhuO55kpe_dnA,positive,0.92,"Best smoothie bowl, fresh ingredients, friendly staff, great seating."
KlIa3He9NuJChymQ2tqyjg,positive,0.8,Positive review praising food quality and friendly staff.
XnlESGPTrou7iXuswiDc0g,positive,0.6,Helpful staff and worth the price.
3NxrhkBxhj8gos9RI1JxlA,negative,-0.9,"Disgusting food, bland, tough, unsatisfactory."
a9WcJUvsxgElHVZ2zmBxzQ,positive,0.7,High quality food and consistent service.
P2igkMiHIY48qG8FO0UCEQ,negative,-0.8,"Poor hygiene, mask misuse, health risk."
cyc7tasuOj4bwpgJbdX9uw,positive,0.9,"Compliments menu, food, and future visits."
Znj6d7nTqLzN1aP6J4xCXw,neutral,0.0,Mixed positives and negatives.
MQ6E7jv6ift0LuxWlC3wEA,positive,0.85,"Excellent food, free service, and mimosas."
GxPf3bhVpEIqGHiR6fKG3w,positive,0.9,"Delicious food, great service, and beautiful interior."
1lSTzbySQI7YrK19n0Xjcw,positive,0.88,"Variety, options, clean, pleasant staff."
kg-6z6YhLt12n23qDtMtDg,negative,-0.8,"Delayed delivery, cold pizza, unhelpful service."
4OqLZ8JI_-YMQ1J8adBikg,negative,-0.6,"Tiny, dry wings, broken bones, poor service, high price."
6xtTpe0etWZ4I3QCDUuztw,positive,0.9,"Delicious pizza, great wings, fast service, highly recommended."
6opxgMohlcX7nTCLtGo85g,positive,0.8,"Excellent gyro, perfect bread, meat, sauce, highly praised."
u0FlWj1RvrV6tnKd6C3GVw,positive,0.85,"All dishes amazing, best since moving, great tabbouleh, 5-star."
G0OJ12oiDkw_D2G-2tiwiQ,negative,-0.8,"Poor taste, high price, no return."
HzVL7xK1_-clbb_RO66-UA,positive,0.85,"Great portions, tasty butter chicken, excellent service."
_2rQG9fZc9tz-fexcuf5tA,positive,0.9,"Consistently tasty food, friendly owner, good service."
zribwHqfZ1I5Fkw2aWnGuw,negative,-0.3,Excellent food but staff issues and cleanliness concerns.
KpHbGCzqm37JfBYMt2xgjA,positive,0.7,"Great food, good service, music slightly annoying."
TCjGamJOanqoGlD-bu4DWg,negative,-0.9,"Long wait, cold food, dissatisfied."
VC4lV1Xz3KF2g4DuJkpDeQ,negative,-0.85,"Missing ingredients, poor quality, no utensils, furious."
jsIUoBJhsis9aBogzVz0fg,negative,-0.8,"Unattentive service, delayed food, high gratuity, dissatisfied."
IIWMO1pfAei3c-Mo8I-RFA,neutral,0.0,"Good drinks, rushed service, mixed feelings."
8zJRhmNlypbNmY5iviOTfQ,negative,-0.9,"Cold fish, tiny portions, overpriced, disappointed."
-QnfLyoKiTnlNd7tDkgsZQ,negative,-0.6,"Food underwhelming, disappointed compared to past experience."
MeOYaCb-M9kQPIiP9fNQZA,negative,-0.7,"Turned away, disappointed, not as good as before."
35DDmig4gAB7-9IEb-_dkg,negative,-0.6,"Deceiving, low quality, disappointed by price."
mr0ZYFbY7AHCkUtv6E8vjg,negative,-0.8,"Poor service, no masks, disrespectful."
Gjll6CaHCdGS9reSu_-0nw,negative,-0.9,"Fraudulent charges, untrustworthy staff."
gKl-fJEkxO18OsDEoe_BxQ,positive,0.8,"Great chicken, honey garlic, will return."
_2RF4pBk96MX1m6esM7eoQ,negative,-0.7,"Disappointing sandwich, overpriced, not worth returning."
j6NmmRU4tij4Vsb4pyQHpw,positive,0.7,"Delicious fries, must have, great experience."
0kICicK4mp8DbYB5IPSbug,positive,0.5,"Good latte, great croissant, overall positive."
7dPYYXAXylizZGzGDDXEnQ,positive,0.9,"Favorite spot, friendly staff, great options."
DEecNGcMckOwgSIO-fjDyQ,positive,0.9,"Enthusiastic praise, recommends strongly, highlights quality and friendly service."
L8x0F0hVbbpSZ65qYxTRfw,positive,0.85,"Positive review, praises service and product, repeats order."
phRWedq1TzocG2KfLXu8cw,positive,0.8,"Extremely positive, best chai, personal dedication."
331AwDVvfapAMU49I1vFng,positive,0.75,"Positive, praises cozy atmosphere and tasty bread."
xO86DghztJr6HBWFyGWfmQ,positive,0.8,"Positive, tasty, fast service, perfect experience."
QwxTfRo8uzy2iSeb4tSelw,positive,0.8,"Great coffee, friendly staff, positive experience."
IoiqOUFUpB3AUMMfQ8QFsg,negative,-0.4,Good food but portion size disappointing.
xnPYsccJEyz0_O9ipIKzlA,positive,0.75,"Excellent tacos, great service, fun atmosphere."
EYZ3AyQ3gO92WuNiB7e7Tw,positive,0.85,"Delicious food, friendly staff, highly recommended."
q4Ib60lC4qweI1q8wW0VTQ,positive,0.8,"Great tacos, fun vibe, highly recommended."
_ajX7GORm4Ur2lIzSfHasw,negative,-0.6,"Disappointed, not returning."
H-yxoSNv-ARJoOXoONBTyA,positive,0.8,Highly praised food variety.
lHIOzSAryaDOXPJ9i89ChA,positive,0.9,"Outstanding lamb, great value."
oF4ahgxVs8RqTYLg6zGMCA,positive,0.85,"Excellent bagels, highly recommended."
S-U4WdO71AD8oBnKnyntxA,positive,0.7,"Consistent quality, friendly staff."
3-4xiZOWYk4dFbbSdrZrLw,negative,-0.8,"Disappointed with price and portion, negative experience."
kFB9dxGT5KnFRNsC30YT3g,neutral,0.0,"Mixed feelings, mild praise but no strong sentiment."
OoIayMEuh0v5izRQXdiolw,positive,0.6,"Positive about food, satisfied."
NIaxueQP2GIyrKZ1_wAGMA,positive,0.8,"Highly positive, praising quality and quantity."
P5WEKmBOBQKZFqvlw_BS2Q,positive,0.9,"Very positive, family loved food, will return."
lzB9GLRBZyO6qCCce-S_aw,positive,0.8,"Good food, large portions, well packaged."
Y-4VdrkuHvSRmjeOxd-Jng,negative,-0.9,Consistently poor food quality and service.
jRdBwJ8XsXJj5Yc6Uli0RA,negative,-0.6,"Long wait, missing condiments, unsatisfactory service."
Spg63NyFMRgVt8iNjbvvxQ,positive,0.9,"Excellent food, service, and dining environment."
54VA_j6L2IhLbo7VPajTgg,negative,-0.8,"Poor food, mediocre service, unsatisfactory overall."
64hJz1AfuB8rOy_VfW6ZvQ,positive,0.9,"Enjoyed food, will return."
yvAJMyI9_6jkxl9jDIqn7w,neutral,0.0,"Mixed experience, no strong sentiment."
XVyxnom01yLCzMCjp2TPSA,positive,0.8,"Fresh sushi, worth the wait."
7wsW_nj1f0UZEfH3lvhnFw,positive,0.85,"Excellent sushi, slow service but recommended."
AIlJU-pQ9mcOb-reKoUIsw,neutral,0.0,No opinion on restaurant quality.
choa3mquLEAiat1Z6QZxJA,positive,0.9,"Positive review, glowing rating, will return."
uk_cIKHPRogB4lOdTy_Ytw,positive,0.8,"Positive, says 'dang good', will return."
9PSA4ewl6pYAWRTn7e1FfA,positive,0.85,"Positive, tasty food, fast service, loved the place."
EPn2LqyF36Puz_lLnpCi9Q,negative,-0.6,"Negative, pet policy violation, rude language."
OCmncGmbBfx0pb4Qrww-Mg,positive,0.9,"Positive, enthusiastic, will return, praising bartender."
6jDqKQwP4ISy1LhhjFVTaQ,negative,-0.8,"Poor taste, missing ingredients, overcooked rice."
1LhEwmfGJ9gbjrEMNsNmkw,positive,0.9,"Delicious breakfast, unique combo, great service."
GceRtm4zwpF_PuHd_yjzPA,negative,-0.6,"Hot, wrong orders, near drop, despite good waitress."
4jUheibPV_RtVnfaNCT8UQ,positive,0.8,"Fresh fruit, generous portions, great presentation, minor coffee issue."
AR626vDztj42_8IlrpKXnQ,positive,0.5,"Great sandwich, good pictures, minor service issues."
u4ZBMDyZGu4DopdOWrE3DA,negative,-0.6,"Not recommended, better options available."
96sK94cnid7Me8wTUjUY3g,neutral,0.0,Favorite spot but uncertain status.
f0WELE1Lh-XQv0U8ES_aSg,negative,-0.7,"Meat overload, bread fails, negative experience."
VE9gvahOChLO2wZG3ytmTg,negative,-0.4,"Consistency issues, wait longer than promised."
aUMgOWFRuBodAZc7_vwGxQ,positive,0.8,"Best hoagie, enjoyed every bite, excited for next."
vp5397k5XkJxS_Kbr97Fsg,positive,0.9,"Delicious food, friendly staff, worth price."
RciJzgF_yf2o4mXEkmn-rw,positive,0.8,"Great ambiance, stellar drinks, knowledgeable staff, high price but worth."
zGGg0HQWEGRrC7JlYN5W1w,positive,0.85,"Amazing cocktails, creative tasting menu, excellent ambiance, will return."
nO9348MYbPJFNNCptKIxQw,positive,0.88,"Creative menu, great service, delicious dishes, highly recommended."
vz-LbXWE2XYajbH8aelMhw,positive,0.86,"Tasting menu satisfied, professional staff, delicious highlights, will return."
A6cMYLlZdZ5hTnv7Rk9NkQ,positive,0.8,"Excellent food and service, very positive experience."
wDsr3dJHzbQtHveYT-F8-g,positive,0.9,"Consistently great food, service, and overall experience."
03bqBx7FF8lxOuIfHWXfbg,positive,0.85,"Delicious food and friendly service, highly recommended."
yn8JPICCnpJLGsx1lGSKjg,neutral,0.0,"Good food and staff, but high prices."
J_uti7dHG-aYWy1KfbgCXQ,positive,0.6,"Great food, but staff fatigue affected experience."
1qML3z5puBx-HqdX6eLmcg,negative,-0.9,Harsh criticism of service and staff.
cJqBVZBEX0Ya1J0WPfWiKA,negative,-0.4,Positive staff but rude hostess dominates.
kM1EL7mXKmAv8u-ts4E9Qw,negative,-0.6,Offensive policy caused them to leave.
vmINlqNQ2MCVztK-0_h-7g,positive,0.8,Positive recommendation and good atmosphere.
-hfcybfWPoLlKJDmBpC5cA,positive,0.9,"Excellent service and food, highly recommended."
SpqIOYIxF83LVTzrpTJufQ,positive,0.9,"Highly positive praise, mentions longevity, quality, vegan option."
4vGn5RClQg1VA9mdw_3-Vg,positive,0.85,"Expresses love, organic, friendly staff, frequent visits."
qsmxc1HVw1Pr5OWuIDluIw,positive,0.88,"Delicious vegan food, helpful server, great atmosphere."
heLMzMj-um1GI4E6D_8sIQ,positive,0.8,"Friendly staff, tasty food, daily desire."
SO4C4yYKnnjR2tzxh6KG4g,positive,0.9,"Excellent keto options, helpful staff, outstanding dishes."
SMOSafALI1s6brrrEjK_Xg,positive,0.9,"Positive experience, fresh food, friendly staff, repeat intent."
PxugaHc5gOgkzUZGql837Q,positive,0.85,"Delicious pastries, friendly staff, enthusiastic return."
uZN-mq9AlwWDpyMRtJuzJg,positive,0.8,"Highly recommended, tasty baked goods, love coffee."
qOsAk2zvHju_y2jcuzuzEg,positive,0.85,"Delicious latte, great vibe, intent to return."
l9URhVfhJ0GiN3-ooQWhrg,positive,0.9,"Cute addition, sweet staff, 10/10 rating, return intent."
DNlKtyOPm-Uq9sky_7Jxkw,positive,0.9,"Praises vegan banana bread, calls shop a gem."
Dkt6l8gyO6qgu2O1-19KHQ,negative,-0.8,"Strong negative complaint about service, warns others."
XNHvOdGfINwxAdiLkUzpqQ,negative,-0.7,"Complains about cover charge, service, and unfair pricing."
kyD12NahddSZdmtnT1O7cw,positive,0.8,"Positive about food, service, atmosphere, but notes leaking ceiling."
ZyVNcK0a4F-yuipx-naR4A,neutral,0.0,"Uncertain, no direct opinion."
VfHP1kOOr5nLW1o7S10F2w,negative,-0.8,Complains about high cover charge and poor experience.
Sz7rhDRYZ6D_5zrNYrbI3A,positive,0.9,Enthusiastic praise for food and lifestyle fit.
C7ZVCqR7Hn-cKw_P-Lz9xw,positive,0.7,Positive review of overall good experience.
D0c-ijYaBitcCxfJ1b7lNQ,positive,0.8,Positive comments on food variety and service.
baMyVXVP72Rx6lpfeDhxiQ,negative,-0.6,Negative health warning despite recommendation.
a_jEiijZD8slppcawCsTPw,positive,0.9,"Extremely positive, praises food, staff, and location."
VKllOCm_4hZlXkscjkRifw,negative,-0.9,"Very negative, complains about service and management."
rR_4svd4A7R8zZFPLPH5Yg,negative,-0.8,"Negative, mentions wrong order and cockroach."
QRzaXM-toXOaMcrJGb2EOw,negative,-0.85,"Negative, complains about closed store and rude staff."
QRIQ2LzcodP4SgR_fl-_oA,negative,-0.7,"Negative, criticizes workers and corporate."
xpNl0aDKqrUfTqAH4vEKcg,negative,-0.9,"Consistently missing items, bad attitude, stale fries."
ic4158ZR-RKyJke20HhkBg,negative,-0.85,"Worst McDonald's, awful service, frequent order mistakes."
dx2SNYPgStvlptCP6Alckg,positive,0.8,"Favorite Cuban toast spot, consistent quality, loyal customers."
9YW1Ow753s_soa5b91Z6AA,positive,0.6,"Good food, lively atmosphere, minor issues."
AZjB5a0HQrCTYkcOCVjYJg,negative,-0.4,"Good food, terrible service, forced to leave."
eP2qA9Rf8cyikS5KcM1k7w,positive,0.9,Highly enthusiastic praise for food and staff.
M1HlCItIZyib4tZZQzqklA,negative,-0.6,Good food but negative recommendation.
RJ1y9BzgQSXxLWlid3F1XQ,positive,0.8,"Positive experience, recommends food."
yptyY2fnQD9d_2Ecezrk9w,negative,-0.8,"Racist staff, bad service, mediocre food."
EWn7T2zNPCBS5ef4--KXiA,positive,0.5,"Tasty food, decent meal, will return."
6-oTUtEIJluglRQmZ0-yQg,positive,0.8,"Friendly staff, great food, perfect for date night."
SVLLNaMAeUAuWyr8PdxOcA,negative,-0.6,"Awful service, racism, good food but no return."
cPa0HnMFNwZEBQIkqgfF-w,positive,0.7,"Delicious food, easy reservations, but seating privacy issues."
2cjyRj82VYaPhUhmO4vi3g,neutral,0.0,"Good PBR, but soggy bread detracts."
lT6Wh032um2EMj4pZPabOQ,negative,-0.7,"Disappointing pork, bland cheese, tasteless rabe."
adwLUC3furbYF3ijfGMwQg,negative,-0.9,"Very negative language, complaints about service."
CDhXL4Jt-vNG8ZY88gaFyg,negative,-0.8,"Complaints, rude staff, long wait."
aUFDOHYOqMMYXg2G_rZA6g,negative,-0.95,"Harsh insults, food poisoning, manager dislike."
Owl6kZQ6Tvlb6A3UZQTFMQ,negative,-0.6,"Mostly negative, but acknowledges bartenders."
-E8NaMpvdqcf8Z231Rb5DQ,neutral,0.1,"Mixed tone, no strong sentiment."
71s0VWNU0OKp2Ri9RLyY-Q,positive,0.8,"Positive review praising cleanliness, staff, food, atmosphere."
svICk-d9XsY-Y90rTJqcMQ,positive,0.9,Highly positive praise for food and recommendation.
oFN7M4EKqtSVlo8tHreNaA,positive,0.85,"Positive review highlighting vibe, service, food quality."
gFomxUVWsPSmet3G-nmV6g,negative,-0.7,Negative experience with packaging and portion size.
AJb1DGMBcEG1M9aTAU-i4A,positive,0.6,Positive overall with minor fish tank issue.
5WsMUjawy2CRGtT4Lbq5dQ,negative,-0.6,"Disappointed, small portions, unlikely to return."
E20SXbHPcLZ_QxsWnSuozA,positive,0.8,"Chef Michael provided amazing cakes, complimentary anniversary cake."
zZ2K1tt6fxdwEMJFVN0mYA,positive,0.9,"Great food, attentive service, loyal customer."
q8aTaQLDsqE_voALKmOm6Q,positive,0.85,"Favorite spot, amazing food, worth the wait."
7asPtFAw075CexByG5bPbw,negative,-0.7,"Rude staff, disorganized, poor Covid adaptation."
FMy1vPJGOnNwRApb_cAiFQ,positive,0.8,"Positive review praising food, service, atmosphere."
vZTUZDrUNS1eke5WAZx4uQ,negative,-0.7,"Negative review about price, food quality, and stomachache."
LTfwxiURLqf-fl9UErcE0w,positive,0.8,"Positive review praising food, service, and atmosphere."
PrcoLKHwsNqq5QN71BfEAw,positive,0.85,Positive review highlighting tasty food and best takeout.
j0xXeuD8qBvv7hSWu6gtPg,negative,-0.5,Negative delivery experience despite good food.
J3TAuevGwM30ZyWXru1Dbw,negative,-0.7,Poor lowmein and dry chicken disappointed.
3CAFoi7kY33JyJFDLSD3ZA,positive,0.8,"Favorite pho, reliable, consistent."
_WHeBnP5x6pePC2QJLCMFA,positive,0.85,"Loved fried rice, good packaging, precise delivery."
MgOuZvNG-4xaSteVr9RGNA,positive,0.9,"Favorite, never disappoints, better location, highly recommend."
NVC93H637aNMidyspoUDXQ,positive,0.75,"Delicious wrap, good toppings, excited to try more."
DO0iE38j6rLlnQunxm-lxA,negative,-0.8,"Dry meat, sour sauce, no repeat."
_Njb2k5UtFyB2Vsu3WR4EA,positive,0.8,"Great brunch, flavors, service, must-try, reopened."
W1IbhDvRr2FlWPR4LVSzmQ,positive,0.9,"Excellent food, unique fries, hummus, falafel, community gift."
AFrDfz-EBA_i7VELgj_qlw,positive,0.7,"Delicious food, good price, perfect for dates."
p_GK6SCMSh9UIhenQ7qCuQ,positive,0.75,"Great tasting menu, airy pine nuts, will return."
Blg0GY2J3NqxSebxcxaAtA,positive,0.8,Positive review praising food and value.
tGCojIjl5V50Wek2MxPP9Q,positive,0.6,Positive recommendation despite some negatives.
AGokLKpL8WQfHYrRuhHbyA,positive,0.9,"Very positive, enthusiastic, future visits."
pA98tgPpbpZX6DBhfl2V1w,negative,-0.4,"Negative service, mixed food."
as-zTscf1gjMeFLn_dHyjg,negative,-0.7,"Negative, disappointed, service issues."
zg_4_eh7hdgfwMHcYmB9Yg,positive,0.8,"Excellent quality, delicious food, minor complaint."
UF1g9Dz1Z0J5bwH_hv9K4w,positive,0.85,"Great burritos, margaritas, friendly staff, tasty salsa, good nachos."
B3j0Nov3LtcZ5H0Qzj0GMQ,positive,0.7,"Decent rolls, quick pickup, good lunch specials."
On5rHoAVBInyOCoacPc0_g,positive,0.75,"Great food, good price, fast delivery."
qenGX24NZ2luZkSU6iuZZA,positive,0.8,"Quick service, great menu, reliable delivery."
fgmB5zyKeG0PnPUbNG6dcQ,positive,0.8,Positive review praising food and staff.
ndrYhtV1fWXbp5hPvWI1cA,negative,-0.9,Rude staff and poor service.
8yXpFmzOp1vsWMenj99eFA,negative,-0.8,"Long wait, closed kitchen, rude staff."
iABM7yliOxAOOCP2f2Kwew,negative,-0.85,"Bland, chewy food, unsatisfying."
I-t8MfrmV4ny9e6fHJkchA,negative,-0.9,"Long wait, inedible food, no apology."
7ap4y0CUs0lt7_Eagv-qUQ,negative,-0.8,"Rude staff ignored customers, poor service."
hVgOpWZzQOrXEjifTjf8zA,neutral,0.0,"Mixed positives and negatives, overall neutral."
o7MJICTA-mXLYVPDWXRjkg,negative,-0.9,"Poor service, slow, bad food, rude manager."
9hYJXPxiIe15PcPqF4ScGQ,positive,0.8,"Consistent, fresh, delicious, highly recommended."
4r74bSIG55NuoTWQ9Y8MhQ,positive,0.7,"Excellent food, lovely atmosphere, highly enjoyable."
i1o-aaS-qWMAlI3Mrv39Yw,positive,0.8,"Mostly positive, minor disappointment noted."
BbkSSKmLR3o0fkeOYIX15Q,positive,0.9,"Very positive, praising food and service."
otW1-hDSO7tvQbRXs2S9nw,negative,-0.7,Negative due to safety concerns.
hp3SNVDiVDmLSHQCjF5p8A,positive,0.85,"Positive, enjoys food, staff, and drinks."
2jt_Pui7umo7dOi87_DOTg,neutral,0.0,"Mixed feelings: past positive, current uncertainty."
0wORsFLCjucCOSHZkBSBYQ,positive,0.9,"Excellent food, beer, and service praised."
2-j71bGBPR7noQ57HfZQ5Q,positive,0.85,Consistently tasty food and friendly staff.
ESanDxF5OTurVClOiyRycg,positive,0.92,"High quality food, fresh ingredients, attentive service."
9i5NOzGTsUkyFbw7gYmjHw,positive,0.88,"Delicious steak, attentive staff, great atmosphere."
PKf1UP_WytnQSwb-_Cmv9g,positive,0.95,"Fantastic food, great service, excellent value."
h6d0p14y1aOi6zDYKWTNHg,neutral,0.0,"Average food, high price, only rangoon good."
aQz5W2wRYZUvnFh5c_9dnQ,positive,0.9,"Delicious pizza, excellent service, highly recommended."
-JwG_hqyl2iIFIAeRsPpDw,positive,0.7,"Love pizza, staple, great salad and pizza."
d83hHkhUQEjX2dJOlUcHhQ,neutral,0.0,"Great food/service, but high chair issue."
BzsFeJUByFojD_eBhLd94g,positive,0.8,"Crispy pizza, wonderful salad, quick pickup."
o0FhgBI6gScivYHeSTa4qQ,positive,0.9,"Excellent food, staff, and atmosphere."
if3ezB1unKHdoh--43VSng,neutral,0.0,Mixed positives and negatives.
NPT06f9xcUB0obh4MyY7tg,positive,0.95,Extremely enthusiastic about burrito.
iW4q3xqQsfm_qx9AMgwXFA,negative,-0.7,"Low quality food, only positive staff."
JHqG4E7CfGteLUQMkS-rCg,positive,0.8,"Good food, prices, recommendation."
kHrQU_foklc2tJSjm0-WCg,positive,0.9,Enthusiastic praise for food and frequent visits.
s2FaWTRRM2mpY6ihVFpsRQ,negative,-0.8,"Complaints about delays, cold food, long lines."
dn9lBoAEfOWuQdEOLdw3Yw,positive,0.85,Describes energetic atmosphere and tasty desserts.
3XG-CqGlLPhdkaIDNoSSRw,negative,-0.9,"Multiple service failures, lack of seating, poor staff."
WZTpwnVJXDq3ZGoU2Wvj8Q,positive,0.8,"Positive vibe, good music, tasty desserts."
aqDuGkVXBE0xLYNLKMhVlw,positive,0.8,"Friendly staff, great experience, clean facility."
gheVcp2MwlcQ_d5DBqsh5Q,positive,0.9,"Excellent service, quick meds, emotional gratitude."
6ZRRavBssJlAIINRdCAO_w,positive,0.7,"Great food, recommended, enjoyable."
CTlvsDc5GWxXik4XSv0DIA,negative,-0.8,"Poor service, confusion, no food."
-gLbrMnmGF6vm66NqQtzUw,positive,0.6,"Good food, quick service, affordable."
OFNT8GpUP9vRhlRvolP1cQ,positive,0.7,"Positive about crust, minor missing element."
Uc2_2oUXuc30mDaJBAKmPw,positive,0.95,Extremely positive description of pizza.
v2mCL9Cnm7NDZKuVJyKzpw,positive,0.8,Positive about dough and reopening.
yHHO6N5_hrtnFma1wWij0w,positive,0.85,Positive recommendation of multiple pizzas.
-6AwZo_4SHIt3ZvE8VtsDw,positive,0.9,"Positive about variety, salads, service, delivery."
iUtAqDhgfwOSVB00PVNzwg,positive,0.8,"Highly positive review praising food, price, staff, and family business."
uONxVAd8eJiZCx03ed0k3g,positive,0.85,Enthusiastic praise for food quality and desire to return.
9b0jyHZuXYA_oSDkaZ9GKA,positive,0.9,"Strong praise for food, service, and overall experience."
8VG2pbqpoAGPWB9uT07kWg,positive,0.75,"Positive comments on portion size, quality, and family atmosphere."
zohKKSZ_2MlMhi9TiQyjxw,positive,0.8,"Positive takeout experience, fresh food, and plans to return."
STtCCGy5eWWuj-EZHYJZEQ,negative,-0.8,"Poor quantity, hidden gratuity, disappointed."
8A4ELvZddMjM1hZ5Xt6CXw,neutral,0.0,"Mixed service, good food."
r6GkvLrlrApjbhn6vN341Q,negative,-0.9,"Hateful, awful service, discriminatory."
31SsSeb5UkUlndZyTCmAqg,positive,0.7,"Great service, tasty food, will return."
jDtn3mk55GI0V-d0BNmp3Q,positive,0.6,"Good food, service, minor parking issue."
kwSdPKLdNQnAboBudO3TfQ,positive,0.8,"Delicious food, impressed, plans to return."
Vgy0AhVcMW-gTxkSOvMaLw,positive,0.75,"Great food, satisfied craving, plans to return."
e2hXU4DsFxDcNELi7soHOg,positive,0.7,"Good food, affordable, worth money, no dine-in."
UHktCbpSpUwgKJeahomYlQ,positive,0.6,"Delicious food, good service, but location and parking issues."
CW4SHvGhqcBYD-JXGyYYYg,positive,0.4,"Average rating, good seafood, acceptable for dine-in."
PWkHy4a2rnBc6b0BER40Og,neutral,0.0,"Mixed positive and complaints, overall neutral."
aM-nuxe-qcK9881Gx00U-w,negative,-0.8,"Reservation mishap, long wait, no apology."
2QACGnugvZiv_E0OrklfQA,positive,0.9,"Great food, inclusive, friendly staff, excellent experience."
vMWFJIRWInZXLrNJQgF3RQ,negative,-0.6,"Poor service, high price, overall negative."
fjUNnPCkIWOVmzUAocoUjg,negative,-0.9,"Closed, rude staff, negative experience."
EnKw4g0I2fo_X0nguuFIbA,negative,-0.8,Rude manager denied bathroom access.
QPpwuemnjOjxXoJHqyL2fw,negative,-0.7,"Long wait, dissatisfied, will not return."
SCbvBKuks_-Tl6NGttSlzw,negative,-0.9,"Angry rant, complaints about orders."
TCR-uLClL03NDktE_nBx6g,positive,0.8,"Excellent donuts, convenient, satisfied with service."
VmeBlS4WJP5EMsAdiu6rAA,negative,-0.6,"Safety concerns, mask violation, dissatisfied."
D6G0Y8soFSHMoLj0XctmZg,negative,-0.7,"Small portions, low quality, disappointed."
Y6Wtw8-0krPzF2wzozr3og,positive,0.9,"Responsive, personable, fast turnaround, highly praised."
SHMGtDJQfYvHE45PEUO66g,positive,0.6,"Great burnt ends, tasty sides, will return."
buHKrjH0SQDBwvZgjNEcZA,negative,-0.9,"Rude staff, hateful language, will not return."
sKiLMUpkTY2o7dOWkgzJOw,neutral,0.0,"Mixed experience, some positives, some negatives."
8DpCWc8MwdEgtkxKImz_WQ,negative,-0.9,"Very negative review, poor food and rude service."
GH-2Ex93MiF3Z0STqSB9IA,negative,-0.8,"Food quality poor, no return intention."
H8ykkwgovnyYk9dDMmc84Q,negative,-0.85,"Very bad food, old ingredients, no return."
sGFWlcgn3sVCCwNVk6B_iQ,positive,0.9,"Delicious food, satisfied, will return."
cx86ItboJ56xxdBhWxMs2w,neutral,0.0,"Mixed positives and negatives, overall neutral."
2g-0N56N7gXwOC8IaoLhbg,negative,-0.6,"Negative review due to poor food quality, slight praise for staff."
0QvKNVjMlDmAIeNj03TPIg,negative,-0.85,Multiple complaints about long hold times and poor phone service.
xRdNNe7DyehTnL-R9ycTJg,positive,0.75,Enthusiastic praise of food items and taste.
ojIVimFF8_M87WTa9PHXCA,negative,-0.9,Describes rude staff and uncomfortable treatment.
2FZjUWE5QQi_MafFAb7M8w,negative,-0.88,"Complains about slow service, missing items, and termite infestation."
W6wisxcND8X7yrNkAIs4sA,neutral,-0.1,Mixed praise for food with criticism of service and training.
pRn3qjDxVAzsxlTiUjsJOw,positive,0.6,"Praises food, atmosphere and staff overall"
AR_GPHG3i6jC2Me38Us1wQ,negative,-0.7,"Regrets purchase, finds price too high and value low"
EnMsNemOSJFgkGscv6_b5Q,positive,0.5,"Describes food as tasty, fun and acceptable"
BRVr25J0WHjV7nhcrpsiSA,positive,0.7,Not disappointing; sandwich and fries were really good
h0RrNI7zwElXl0peuckEig,positive,0.4,Meal satisfying and good portion despite burger limitations
UNszJUXKXok7JRNSEyG43w,positive,0.9,"Praises quality, consistency, and overall excellence"
ApHyYX-yIuhjxEHbgX4xpw,positive,0.6,"Delicious food praised, but price considered high"
WWWkJZwLwJyPpfJ5cWcA2g,positive,0.8,"Positive remarks on food, service speed, and reliability"
gp5rxxzpPnvDCv0Wqe_CvQ,positive,0.95,"Enthusiastic praise for taste, portion size, and value"
FukQ7PTl005BcMED3AqX6A,positive,0.85,"Compliments on taste, simplicity, and quiet atmosphere"
MwgqldYFeEmMGEV9qRiKzg,positive,0.96,"Enthusiastic praise, superlatives, six‑star rating"
rY6pMkahh-1SLO2ZgAL-2Q,positive,0.82,"Frequent visits, delicious food, generous portions"
8VFfhXXqclT61IHywCLzhg,positive,0.92,Strong endorsement as best halal cart
2UL8ejqssC6r4JJrQu4pLg,positive,0.85,"Grateful, tasty, cheap, supportive tone"
G30tJch6qGnZnjSqkzE2Yw,neutral,-0.15,Mixed food praise with service complaints
J5X0fzRYmW2O6PE7U9SPdA,negative,-0.4,Tasty overall but overpriced and lacking chicken.
ACw_dO65TLYleP_sSR23wA,positive,0.8,"Delicious, vegan/gluten‑free options appreciated."
6rOjkcxCQFI2NChGJkrzHg,positive,0.9,Consistently delicious food and safe COVID service.
yJKSERROvZTeAF--xUm7Ag,positive,0.85,"Great vegetarian sushi, excellent service, enthusiastic experience."
2XN7Fm-K7KWM80oMJTo5KA,positive,0.7,"Enjoyable cuisine, weekend treat despite drive."
KWYfFcuzHaYWDa4i1pJMEg,positive,0.9,"Enthusiastic praise of food, ownership, and overall experience"
R5H9Inu0wlm4b8WKKTLC6A,positive,0.95,"Highly positive language about taste, size, and desire to return"
UXVjjYauh99_L0ji3Mh2yw,neutral,0.2,Positive food/service comments offset by cramped seating complaints
qRaVrxn6BOqI2_ss92QMMg,negative,-0.9,"Strong negative remarks about blandness, grease, and poor execution"
vtHslNaOvwt0CUmpeDwlfw,negative,-0.95,"Severe criticism of staff behavior and low-quality, burnt food"
7MpC6OUXBl9yprJa8qu40w,negative,-0.9,Unsanitary practices observed; reviewer says they will not return.
ege6q33jWQOsQWd-6Kx0mQ,positive,0.8,"Praises food quality, low prices, and freshness; recommends the spot."
2O3B0Ueu6WO7-OZ9OdwIvA,positive,0.85,"Consistently praises fresh fish, mac, and sweet yams."
uxo7_MXvll-b4YO6n-9r5Q,positive,0.9,"Highlights large portions, fresh fish, steak, creamy mac, overall great."
pO4tvQ3AyW14lOZOqvnAlA,neutral,0.1,"Enjoys turkey wings and mac, but rice is overly hard."
PvtMI_dPOuuLReIwmOalEg,positive,0.9,"Enthusiastic praise, calls it a hidden gem and worth the money."
TmJgwTLM3fFYHpLY6HHhrA,positive,0.85,"Highly positive adjectives, describes dishes as perfect and melt-in-mouth."
-flDA2IITInGegqIl5qO7Q,positive,0.8,"Positive experience, high quality food, recommends checking the place out."
CONNu7_Uh5GjYDjsmIyptA,positive,0.95,"Repeated “amazing”, satisfied, friendly service, definite intent to return."
D_BxlpbMeleIpPhzeTgcLA,positive,0.9,"Highlights delicious fusion food, superb service, clean venue, and vibrant atmosphere."
d5LKCmab88BDLhGDynD38g,negative,-0.6,"Criticizes authenticity, limited menu, and lack of flavor."
3TKXvQwW8bdqID73Tk_22Q,positive,0.9,"Enthusiastic praise, repeat visits, and strong recommendation."
y6v5FsHyDXdaQmNu7c4Xgw,neutral,-0.2,"Notes tiny space, no clear praise or complaint about food."
8sXdw9Ecitf5THOsLKdkNQ,positive,0.95,"Delicious sandwich and exceptional, caring service made experience outstanding."
9Z8M0sP0LRmCxGNcLHjV0w,positive,0.9,"Awesome food, fantastic drinks, wonderful service, and strong intent to return."
blVR3Tx5l7sx-Nm-bFgC6Q,positive,0.9,"Praises food, atmosphere, seating, and service enthusiastically"
y8gchCM52Le3qoKExeKYmw,positive,0.8,"Highlights vegan options, great delivery, date-friendly ambiance"
BWrqHQmpFFrVtGlE7kQYAQ,positive,0.85,"Enthusiastic praise for burger, pizza, steaks, and chicken cheese steak"
e6MoIg9CGWvj4Sk3VF8FxA,negative,-0.6,"Flavor bland, driver rude, delivery delays outweigh good portion size"
9y67uapb8CskbUcGo7O5nA,positive,0.9,"Repeat visit, delicious food, large combos, enthusiastic tone"
3tohc8eC-9JflC4nq36Xeg,positive,0.8,"Fast delivery, good value, expressed gratitude."
Mze_CL006juWHyKB38V8sA,neutral,0.1,"Mixed feelings: disappointment noted, but staff and food received praise."
b7a3vx7_OHq94QK6mG-XSg,positive,0.95,"Outstanding service during storm, plus excellent food and drinks."
V69fGUpiRcT82wh_XOihxw,positive,0.9,"Intent to return; highlights superb food, drinks, service, and seating."
xGeohQqbe-miC3tQ1nVPow,positive,0.7,Plans to revisit; recommends trying house-made soda bread.
GbkmDErMTDUujTMQVR76ww,positive,0.8,"Enthusiastic praise of food, service, and lively atmosphere"
CF9pJk2o4evo55pe7c9nLg,positive,0.5,Overall recommendation despite bland dish criticism
-HDrFq_CfGWlRhF5JW6sKA,positive,0.9,High praise; favorite restaurant with great food and drinks
v4aElMtQIeOFoI0im111wA,neutral,-0.1,Atmosphere liked but price and portions criticized
2KGtQAcLgGsyBa2j7w2DQA,positive,0.4,"Excellent service and cocktails, food only mediocre"
cbLyRzPRksXNMbI5QWiNug,positive,0.92,"Highly positive comments about food, price, atmosphere, desire to return."
OzS-tKek9vGj_H2xrNhXDQ,positive,0.95,"Strong praise of food, drinks, staff, and future visit."
n7nM7YonTCoHCfVZ8RMK3Q,positive,0.88,"Positive remarks on vibe, service, variety, and location."
F9daHMYX8UYWRUnwXy2hQA,positive,0.93,"Enthusiastic praise of food, ambiance, and service."
yId22ZuS_bYJs7R9-Ve9AA,positive,0.96,"Highly favorable feedback on food, staff, prices, and atmosphere."
B0mbbm-8EX_IEXkcWRearA,positive,0.8,"Praises food, seating, and fast good service."
2pvpyOVz3DaeGAHSQ4zsrw,negative,-0.7,Reports plastic contamination and low rating.
Jo9Ikh9LOLt6hc7SOFcGOA,negative,-0.5,Great pizza but criticizes poor customer service.
3bPB86i094xYfAmBj2RSAQ,positive,0.9,"Highlights excellent service, tasty pizza, and good value."
G1G5Agh08gmWhUL8CmkJCQ,positive,0.7,"Appreciates cute spot, authentic food, and hardworking owner."
eCN-B62PT7QFGKtHw0t-TQ,negative,-0.8,Missing ingredients and rude tone indicate strong dissatisfaction.
nA3ILs-4h4mEdf8tGawZqQ,negative,-0.9,Excessive wait times and disrespectful staff create a negative experience.
WSoAaUf3P4xgOEtxa9fyJQ,negative,-0.7,"Dry food, slow service, and missing items lead to overall negativity."
fqMhfbueTNqNi9BghFEk7Q,positive,0.9,"Consistently great meals, friendly vibe, and authentic Greek atmosphere."
eOyLiBn0A5cQDYt29p8W2g,positive,0.95,"Enthusiastic praise for food, service, and atmosphere shows strong positivity."
iLqPWaETRc6dOiidk3v5Mw,positive,0.96,"Enthusiastic praise for food, atmosphere, and service."
OgQt7eSEuqFnMd9QXPfz8Q,positive,0.84,"Compliments on pastries, ambiance, and well‑seasoned dishes."
C1IqSAyce3FiIgLXUFFlVQ,positive,0.78,Clear recommendation and praise for freshness and atmosphere.
HpANMW2kiGjSSC4TwYw6Eg,positive,0.91,Highly positive remarks about service and perfect food.
RTJ3OtORDY9XRsiHKfNQUQ,neutral,-0.12,Mixed feedback; criticisms outweigh limited praise.
81_WgjObba_jAOuvg0CmQA,positive,0.8,Praise for food and experience despite wait
G87vrwXC2rLSTSOavQwtLw,negative,-0.9,"Multiple complaints about service, food quality, and overall disappointment"
qARA6etk9DpsTiml4vDVBA,positive,0.7,Enjoyed dishes and fast service; minor suggestion for takeout
C9T4oofmobGWQKiCJ6sltA,positive,0.85,"Fast delivery, tasty food, satisfied family, plans to return"
Ogek-AST_9HrDcsV-M0FiQ,neutral,0.2,"Positive about carryout, but suggests alternative for dine-in"
pRfvXDwurJdlv6qOjo7e1w,negative,-0.85,"Upset about rice change, threatens to stop patronizing."
P7777davfDlsa0AQDaK_nQ,neutral,0.2,Positive aspects outweigh weak drinks.
bzTOl8GXB-btCSODkooYpA,positive,0.92,"Enthusiastic praise of atmosphere, service, and food."
rBEl_WyUGnDpH3c8S4-6Uw,negative,-0.9,"Long wait, no food, kitchen staff criticized."
vETPYNJVOU17RtBToUouXw,negative,-0.95,"Terrible service, bad food, excessive wait time."
V_o_e0QHYY4I9ek8V3AZ_g,positive,0.92,Praises staff and consistent excellent food/service.
Y3S7ZdkncC8Kh5sXSFAN6Q,positive,0.81,"Gives 5 stars, enjoys cannoli, eager for more."
0M3o-420B-vfMb7gV93yAg,positive,0.86,"Loves cafe, praises staff and top‑notch cannoli."
9NaA34TXs-uiIXozGBc_hw,positive,0.9,"Calls cannolis fabulous, family pleased, emphasizes size."
g5ocTpWaPX74IWn_ppFeZQ,positive,0.95,"Admires care, accepts price, declares 10‑star quality."
Gd9rCsMExBN7APDq3tFNuQ,positive,0.8,"Praises uniqueness, comfort, and appealing food appearance"
Ao-lsXKBg_JYU2A06agCCg,negative,-0.9,"Highlights poor portion size, bad service, and strong dissatisfaction"
facuLADfp-9sbvbzjEPS3g,neutral,0.1,"Mentions average food but friendly service, overall balanced"
HfLOyIBYjSF9tgtmC9xt_g,positive,0.7,Consistently praises food quality across multiple orders
sIGb_AWA-w9v3WhEy6u_Yg,negative,-0.8,"Criticizes food quality, rude staff, and safety violations"
v8mN3tGMQm5AcLyCz-MZGQ,positive,0.9,"Praises pizza, staff, price; overall enthusiastic recommendation"
hwcnnhscT3rznnB80jtdRw,positive,0.8,"Highly praises prime rib and fast, attentive service"
n_yGlmi-dQsGuInzWW1KLQ,positive,0.85,Compliments food quality and staff; no complaints
FW_LhopUNOWSbouB0Y2bxg,negative,-0.7,"Criticizes burnt, fatty steaks and poor value"
1epcQYiJvBslACCwzjxwlg,negative,-0.8,"Multiple complaints about food, service, and lack of management"
f0_2zrLYXP1atyC8_NDM5w,positive,0.9,"Praises server, quick seating, and delicious food."
fu9W-7KOx7__7dXdrYv9Zw,neutral,-0.2,Mixed: unfavourable product but friendly staff.
dTd4q59r4qK-sc2uAbNNNA,neutral,0.1,"Balanced pros and cons, overall mixed impression."
4TN-N0VbOOfj0I9H4AgXUg,negative,-0.9,Multiple severe complaints about service and food.
o1LaOjdx18bZePQjoPT7nQ,negative,-0.95,"Harsh language, poor service, overcooked food, one‑star rating."
HjdKPTCQ-iSKOKu9TtrUsQ,negative,-0.9,Calls the place a failure and cites repeated problems.
63TC9MKVQlW9hmKJ5OV-bQ,negative,-0.8,Unfulfilled promise of follow‑up; declares they won't return.
mEOxf5NFMn3e5dxIHZ7lFQ,negative,-0.7,Complains about slow drive‑through and unusable coupons.
ImQidgRuKbUtKiSGeuap5Q,positive,0.9,"Praises food, service, price; says place never disappoints."
fPusJpz3MSsDm03VaAyPaA,negative,-0.85,"Describes food as greasy, nasty, overpriced; vows not to return."
ob6wSk8EVj44splTukERDA,negative,-0.85,"Bad food, poor hygiene, unlikely to return"
ifnem4HcQ9C8afB56MidWQ,negative,-0.75,Disrespectful service and cold food
FWD_VL9MiqQG_CZoS7VATA,positive,0.85,Delicious BBQ and surprisingly tasty catfish
toYOIBEG6bfYaIfUqmoL3A,neutral,0.1,Love food but criticize plastic packaging
9mpdnLVDmrzuzHDkh624lg,negative,-0.9,"Bag stolen, staff unhelpful, dirty environment"
0f2lWxLR0fRX7UdgrWaESw,negative,-0.7,Rude staff and ID policy issues dominate despite positive room description
HW75dsIV0dywhrutb79EAw,negative,-0.8,Overall horrible experience with food and rude service outweighs brief praise
v5KGbf5AbsSafRfKAotfUw,positive,0.6,Patient dealer and enjoyable game despite losing
nrT6gu7Py4aMfetkW_S4vw,positive,0.8,"Praise for luck, staff, games, and legendary decor"
U_FpkSVAQIzD50xOyVHrAA,negative,-0.9,"Tough crust, slow service, and strong statement of not returning"
zz6Qev9s2IvUFyopOPxq1Q,negative,-0.65,"Criticizes food as greasy, boring, overall dissatisfaction"
FJnYqJG0OJuW8P66OMRvBA,negative,-0.85,"Calls pizza sub‑par, warns against ordering, expresses lack of support"
s2RhZE3z5fbbM_eGhUk5OQ,positive,0.78,"Praises tasty food, fast delivery, intends to reorder"
0TiQX9e4CsiUE8216Ms5yQ,neutral,0.12,Loves views but annoyed by selfie‑taking patrons
Bnvd2Ix9XGcnOAwkolOCeg,neutral,0.22,"Enjoys sunset spot, yet notes access issues and soggy food"
JOymd4J5U_NhnWzLM13-ZA,positive,0.9,"Enthusiastic praise of atmosphere, drinks, inclusivity, and recommendation."
P3OCWtM601GSpb-o7XX4jQ,positive,0.85,"High praise for view, friendly staff, and ideal sunset experience."
-PQHCxAzm0kE1NSj_Stofg,negative,-0.8,"Criticizes value, small portions, cold weather discomfort, and lack of heaters."
pefDXwX1INDyGL3UzYxlMQ,positive,0.7,"Praises large portions, flavorful meat, and satisfying sides."
4SvAVdfO67eo9OcXsu4QXA,positive,0.5,Positive food and service comments outweigh minor cleanliness concerns.
CxsiDj4HoEt4muvSWvRarg,negative,-0.6,Disappointed with order; negative tone outweighs brief positives
CmcrUJzu2KKZ8WHLBXctQQ,positive,0.9,"Enthusiastic praise of food, atmosphere, and staff"
JuWeGDOkz27dltBixrEP7g,positive,0.8,"Highly positive remarks on food, service, and value"
JI6_5QGDbs-WsstH7JGyuA,negative,-0.4,Excellent food but terrible service dominates sentiment
h6cS9dGPnq-jvOaWaujUXg,negative,-0.9,Strongly negative language; feels like an inconvenience
heZx_X5bzHo0lM8hp47H2w,negative,-0.7,Disappointed with food quality and overall experience
1mImSLS_pl91tiHl3BWzRw,positive,0.8,"Praises food, service, and plans to return"
UH3xuZb0ji9yimVFLk5zSg,negative,-0.6,Unpleasant experience despite prior positive visits
lVMil5RE4EV_WM2CwkCO2Q,negative,-0.5,Long wait and lack of communication
1_-2aU4DfPjSzJD7zEPEnw,negative,-0.9,Rude staff and excessive wait time
T0aWnOu0JfLHq2thcVOp5g,negative,-0.9,"Rude staff, order not completed, profanity used."
rqYxUbOIOx_vR8KU38E1Aw,negative,-0.8,Alleged violence and mocking tone toward clown.
4Cqo1okil4UGjJvGY2YM5w,negative,-0.85,"Rude, maskless staff refused order despite payment."
MFWWoYcBFZOc0ev_eFP2Bw,positive,0.9,"Praise for late hours, food, and great service."
Fiix4oGL5PUzjmKaD_u1AA,negative,-0.9,"Poor ID handling, extreme dissatisfaction, wants zero stars."
u4iH8scGOEyd7mVOVHTNew,positive,0.7,"Praises speed, quality, and recommends despite minor food temperature/portion notes."
LDxy1P9TBmHWVZlQTppXXw,negative,-0.4,Rude bouncer and slow service dominate the average food experience.
vcAFBBMWqSiJwyFEeV8txw,positive,0.8,Enjoyed pleasant service and described the Cav sauce as amazing.
psqiJ9b9e9iKfJkZPCrqgw,negative,-0.9,Strongly negative language about pizza quality and unpleasant smell.
UawtdkhPAbwNiDxMtF83Lw,positive,0.4,Loves pizza despite occasional temperature issues and watery pasta.
apm0PixGPzLPSJcqkaxBDw,positive,0.85,"Enthusiastic praise for staff, food, and service."
nfb1VXOht5IL-v8tW-LQ0Q,negative,-0.9,Complaint about dishonesty and poor ordering policy.
-yzqgtjtBmYPam5eYh7wKw,negative,-0.95,Extreme frustration due to excessive wait and unfulfilled order.
JhEK2PsbCJTlKqYAzmib9g,neutral,0.2,Balanced praise with notable drawbacks in menu complexity and ordering.
6F9HH2S7CDFJwmHWxcenuA,negative,-0.8,Disappointed by incorrect order and unfulfilled compensation promise.
l5OtPsB-aLBHRKcC7XfQjQ,negative,-0.9,"Late delivery, no communication, subpar sandwiches."
A06AgVptcabuli_EObi4Kg,negative,-0.8,"Cardboard crust, barely sauce, wasted most of pizza."
S7YHUHyri-7Kas6t5Jpr0g,positive,0.9,"Delicious pizza, excellent service, clean, friendly staff, highly recommended."
_EcYAn7S-E8LjtJcDLUZ1g,positive,0.8,"Great tomato sauce, all ingredients make super good pizza."
8SEGWiN_6Ysg-YDfitE8EA,positive,0.85,"Amazing pizza, awesome wings, server Rachel friendly, talkative, great service."
_PT7q8fpOyq_NqknLEIIjA,positive,0.9,"Praises food, staff, and calls it a favorite."
UmU7BoVh9RVp3u3INXewEw,negative,-0.8,Frustration over missing order and delivery mishap.
VgSJGkWOwUBCjSLt0J-7hg,negative,-0.95,"Multiple complaints, poor service, and vow never to return."
DWN-b0UKNqU0asCBythlHg,positive,0.85,Enthusiastic praise and recommendation of sandwich.
Yc7XQ7nMbEXG3nNrFitprQ,positive,0.9,"Strong commendation of food, service, and overall experience."
mykv0x3cSYwyNm7vcRWkGg,positive,0.9,"Praises food quality and staff, expresses strong satisfaction"
5TP8Ski_YJXe-H6kSP3GAw,negative,-0.4,Mixed praise but unlikely to return indicates overall disappointment
Cnh9aQEKWDkaAipRMDx5ww,neutral,0.0,"Mild comments, neither strong praise nor criticism"
oeotnjT_awZPih5Uv1Ah-w,positive,0.85,"Enthusiastic praise for flavor, portions, and value"
OThosAtyrLQa2qXoiIejSQ,positive,0.9,Strong acclaim for dishes and consistent satisfaction
wY-69w_rE02A0sC_X8xrOw,positive,0.85,"Enthusiastic praise of flavor, fullness, and overall satisfaction"
i29BxR9ynsc3ic5hO-0N6Q,positive,0.9,High praise for vegan fish and other menu items
3mY-5_Jf-UjZ-jOIUESt1g,positive,0.95,Consistent commendation of food variety and excellent service
XncrbnQK89nSrmjU8dSbqQ,positive,0.9,"Repeated enjoyment, excellent service, good value and generous portions"
UrwM25Y4BCQlCnITYK7wqw,negative,-0.4,Criticism of seafood quality and styrofoam outweighs minor positive
8F_fUh1-wziSmL5ocZrd5g,positive,0.9,"Enthusiastic praise of food, staff, and favorite chef."
1FCKUbCB8p-97twzerZOrw,positive,0.85,"Excited compliments on atmosphere, dishes, and drinks."
hx3oOZPYNliKFSFXPh4Nag,negative,-0.9,Strong negative language about food quality and service.
4zy8OTRELsBlXgCryvqikA,negative,-0.85,"Harsh criticism of taste, value, and overall experience."
e4MHFZK9kS3Gp23yRZ6mrA,neutral,0.2,Mixed feedback; moderate praise with no strong sentiment.
wrOws7VQlJP23oyfCAiqHA,positive,0.92,"Praises staff, food, and highlights best items."
dQiA9RqALm-ssZIeFtsIZQ,negative,-0.45,Criticizes flavor authenticity despite saying food was good.
hzYLszSQVTFYxe11nAtJiA,positive,0.96,"Enthusiastic praise for tacos, service, price, and overall experience."
guUVuyMDePBuYgTvlzwaTA,positive,0.9,"Highlights wonderful food, atmosphere, and staff."
YzBnAsXmC7829niM1-VRDw,positive,0.88,"Commends tasty dishes, gluten‑free options, and lovely service."
OpFkh3luUGdAls2UBrE_YQ,positive,0.95,Enthusiastic praise for gluten‑free options and friendly owners.
9fA62MBGTgfAU19lR4jrpw,positive,0.93,Highly positive language about food quality and service.
mgQPgeZsV9yklpH3PAuYDg,positive,0.9,"Strong positive adjectives, mentions value and friendly staff."
T_oec5rTPa1yjH6sa-KtPQ,positive,0.92,"Glowing description of ambiance, food, and opera; strong recommendation."
4kaT57RvzYhrdAONbjt1jw,positive,0.88,"Enthusiastic about experience, food, and unique opera service."
EOfz5I5C_XAVvzrSnqLgfg,positive,0.6,Enjoyed experience and food despite minor service issue.
uSacCVZnAz4DZlmorMdYKw,positive,0.9,"Enthusiastic praise of staff, food, and opera."
mr5dbHHHjMQrhZ8qZc_-BQ,positive,0.8,High praise for food quality and entertaining service.
MGZykiWIN8bTTp_cF0qOgQ,negative,-0.8,Incorrect order and strong disappointment expressed.
jhbOVyjq3ix15Cqq8ruuZA,positive,0.7,"Excited, expectations met, plans to try more menu items."
ugfpgZI5hy6nJ_xiczQutg,negative,-0.7,"complains about high price, small portions, mediocre flavor"
aOK7-d9ILESnI5lWyKNm9g,negative,-0.8,"expresses frustration over traffic, order cancellations, poor service"
HUCvgRLSjk5XJ9Wt8V1x9g,positive,0.8,"enthusiastic praise of unique, excellent Chinese dishes"
CR1Ps1yKrcCwDhqQlLlW4A,positive,0.9,highly praises friendly staff and consistently delicious food
MW0ODts86OsomvvsfxPfwg,positive,0.85,"glowing review of products, service, and best breads"
t1Gd0nlaeZBz7JtTSzpWoA,negative,-0.9,"Harsh complaints about service, food quality, and intent not to return"
IjZLQi9MxrxVJs5x0o-rtA,negative,-0.85,"Multiple criticisms of service, order errors, and rude staff"
X2j4_pvGHEaYsuTET1Y-hQ,positive,0.8,"Enjoyed arcade games, novelty, and liked the beer/cider"
GYSFu905HbJgfLeEOA4v0Q,positive,0.75,"Praises vibe, drinks, and overall fun atmosphere"
quTNsayl6GqKIkNFWxOBeQ,negative,-0.4,Good service but food quality disappointing and lacking sauce options
WOq8wbXpO4NhFQ4tuCQS1Q,negative,-0.6,Disappointed by sushi portion; unlikely to return.
0YLZYLj5qCT026n9GEcoBg,negative,-0.5,Mixed food; unlikely to return now.
zNPerCGz4-Q3k4E-9jWZgg,positive,0.6,"Enjoyable experience; good gyoza, recommends dine‑in."
zRVfCUVGqDnTXp6sSWuJ0Q,positive,0.9,"Highly praising quality, value, and variety."
8k7dGd5YuJA0KmQsxj1Gcw,negative,-0.9,"Extremely negative; slow service, poor management."
9t5MJQVQeNA9aVoLmHUU0Q,neutral,-0.2,Mixed praise and minor complaint about missing sauces.
zwH5HdvA9RwPCz46Xyb-YQ,negative,-0.9,Severe dissatisfaction with food quality and customer service.
rOfuhTELv0ZgxBE7l9uayg,negative,-0.5,"Enjoyable entertainment marred by slow, inattentive service."
5cbUQFZxOCKkzeUp--whhA,negative,-0.8,Strong criticism of menu accuracy and overall operations.
bTdCZ8IYvreR3w31ooNDCQ,positive,0.7,"Enthusiastic praise for friendly, laid‑back atmosphere despite minor flaws."
0rX9u4sJc3KXNOIsinEByw,negative,-0.9,"Harsh criticism of wings, describing them as stale and terrible."
kqW35lv_FRA3TI2fPPClmQ,positive,0.85,"Pleasant surprise, great service, and rave reviews for many dishes."
vfSI6bxBzh8fwAg0TKA7YQ,positive,0.9,"Excellent accommodation, 5‑star food, and strong recommendation."
sBX5lAXOoDr20dlLYUDtMQ,negative,-0.7,"Multiple dishes disappointing, poor value, overall bad experience."
LOwMz1_ef0VVV7CEmcu7gw,neutral,-0.2,"Enjoyed meal but ignored birthday, high bill, future takeout only."
6JYIGMI795rCIKG3iAPFWA,negative,-0.92,"Rude service, long wait, manager laughed, overall poor experience"
a_siNOSmV8N7RpJ_RgdJLQ,positive,0.94,"Enthusiastic praise, recommends, compares favorably to competitors"
qjanfRWmDCYxiecIu6PU4w,positive,0.88,"Highly positive language, recommends, calls it best burger place"
OebqRnK76J-17r4bGC-rUw,positive,0.96,"Excited, loves flavor, declares must‑visit, plans return visits"
0E4jv5J7ksKo29KmYlzvGA,negative,-0.65,"Food praised but caused severe illness, overall negative outcome"
ed_tWYLxecow78hIDC7P0A,negative,-0.85,"Order ignored, no communication, shows poor care."
9rmv5fMTB3pxRohrNaHIGQ,positive,0.9,"Friendly staff, great books, excellent drinks, inviting atmosphere."
jq9cwTqvZqFcnchUTYtk0g,positive,0.95,"Enthusiastic praise for coffee, service, books, and atmosphere."
wYGAo2nvWahHXYn9AFJi5Q,positive,0.8,"Longtime fan, enjoys coffee and pastries, looks forward to return."
XYb_4SiXpLUXMEJXr-CzXQ,negative,-0.9,"Unwelcoming staff, crossed arms, poor service, will not return."
yljUL1vrYdyQQu5AdxyGMg,positive,0.8,Enthusiastic praise despite price warning
KgP6w2yz7aKDQ_8ukyeEqw,positive,0.9,Superlative praise of food and chef
N-99n1mw2OzlG7ItyIawJA,neutral,-0.2,Good drinks but food considered overpriced
0joHmxeFL6VbUT0m8p7Pdg,positive,0.85,"High praise for food, service, and repeat intent"
qx9qQqU94AX-tclco0c-1Q,positive,0.6,"Safe for celiac, enjoyable experience"
iavpE3YiRMMT5DHFU-GPTA,positive,0.8,"Enjoyed drag queen bingo, plans to return for future events."
pkiulue428Wtu1yXWUJMlw,negative,-0.9,Frustrated by bathroom code issue and poor staff handling.
KJ_Z9OCAGZDSYYdswkKzNw,positive,0.4,"Emphasizes many positives, despite minor cons about staff mood."
3t5wTxJXKOSUnSLYIhqZEA,positive,0.6,Enthusiastic praise for Capital One coffee station and offerings.
jo2M-6bJUWZ2W4Wpn6CWdw,positive,0.7,Highly recommends General Tso's chicken despite venue's appearance.
KbuFyjn_2OKJNqxmczaVxg,positive,0.9,Enthusiastic praise and desire for higher rating
wOI90qUjjcruY93M4Fyolw,neutral,0.2,"Mixed comments: decent food, nice staff, but not favorite"
qKFVGCZt5rUDmbYsJpA5tg,positive,0.95,Highly enthusiastic about wings and future visits
Fs3QVA9fra5J97UM5ORibw,positive,0.8,"Strong liking for fries, minor suggestion only"
1S-dDMNnayhfc1PW4kqrUQ,positive,0.85,"Frequent patron, high praise despite small critique"
pxaIIr7NQM-gtoSwqcmhlw,positive,0.3,Mixed praise with minor complaint about forks
gT-K3_REp2vMiboTCx4tUw,positive,0.9,"Highly positive description of food, service, and price"
D1gvvzTObOo6LGccvqE99w,positive,0.8,"Positive remarks on food, cleanliness, and intent to return"
_7tyb9Kq36d7fnaRYhUgsw,positive,0.95,Enthusiastic praise for taste and repeat intent
vHzhW23tAYmdz4PovHtESw,positive,0.7,Positive excitement about discovery and recommendation
se_ifFmP9DyXLjUc6NOWAQ,positive,0.9,Enthusiastic praise for sandwich quality
bpTANnWpJaUESExaAFfeow,positive,0.8,Strong recommendation and praise for sandwich and service
VEpJRQLcoyN86UnXLhMvZA,positive,0.85,"Enthusiastic about flavor, freshness, service, and delivery quality"
Z4VR8Sl5IeY1cTmsXJamQw,positive,0.8,"Positive remarks on food, staff, portions, and overall enjoyment"
hSxxSngKzlz3SpPsNPl3lQ,negative,-0.5,Criticizes language barrier and ordering experience despite reasonable prices
8Grm4gGvBHRyBoedwo8oWg,positive,0.8,"Consistently praises food, convenience, and rewards."
tttopQcnobWFdlmy06JvkQ,negative,-0.5,Disappointed by unexpected fries charge.
6m3MmTboBl3aKIgu8BYDWA,negative,-0.6,Frustrated over being charged again for fries.
QqGvjaBt8e5LO_2ckOJH4g,neutral,-0.1,Mixed view: overpriced food vs. great service.
xugd33erE7515X8WgnXRlQ,positive,0.7,Appreciates accommodating staff and enjoyable food.
U3NarimlQSyDspOLjsF9zQ,negative,-0.4,Good food but repeated carry-out errors cause frustration.
Cd03dYrKXFxEsMuuK_SERQ,neutral,0.0,"Mediocre food, unmet cravings, but open to return."
nGb94ZRL2dq7OEc-6P_afA,negative,-0.7,"Overcooked chicken, tough texture, discourages recommendation."
6d8L_DOxuVQNfAcjb5JxTg,positive,0.8,"Tasty dishes, pleasant surprise, strong recommendation."
i43sjjelQbZz-M-BmLBSBA,positive,0.9,"Convenient drive-thru, friendly staff, consistently fresh pretzels."
KBHeZi_lDzbaayXdQZOfQw,positive,0.9,"Enthusiastic praise of sushi quality, staff, and consistency."
axNhExcPal0JHzEXlOTT9g,positive,0.7,"Positive remarks on freshness, price, and anticipation for more dishes."
puAKpnGeSBwcR5NHxRaELA,negative,-0.4,Frustration over inconsistent orders despite overall goodness.
emUhmgtVuqtkR-7fwV3NEA,positive,0.8,"Warm vibe, great service, reliably good food, desire to return."
WEJxsj0S3y82-S5eUO5gqA,positive,0.85,"Impressed by menu variety, staff, and overall great experience."
ur7OnKpTLlcactKzp_UgDQ,positive,0.8,"Enthusiastic praise for staff, food, and drinks."
pdtPJVcLp4psEggDxxB-lg,negative,-0.6,Upset about unexpected gratuity and feeling ripped off.
VV6AKrd3af2kYr8dtaJCXw,neutral,0.0,Balanced comments on vibe and price/size concerns.
HxTjSL-vzqo_dMHoT5AXaA,negative,-0.9,"Strong complaints about pricing, quality, and overall experience."
8Hc8SofNcXQZWPJOgYVnIw,negative,-0.5,Food and gratuity issues outweigh positive atmosphere.
JeUZ2o4i9zUC_X-H2j9r4Q,positive,0.9,"Enthusiastic praise of food, service, and overall experience."
Xj1QXPoXAgpKDw1STwukRg,negative,-0.4,"Disorganized, inefficient staff criticism outweighs decent food."
nQDvSTC2mi0syKKxon3c6g,neutral,0.2,Pleasant staff and okay food give a mild positive impression.
PA4Aa3cRx-B85zXZehnBeA,positive,0.8,"Friendly staff, good music, tasty hot dishes indicate strong satisfaction."
5Ay7ZHJvfbpVFZ9hPVv3Cg,positive,0.85,"Delicious curry, creative presentation, and delightful dessert convey high satisfaction."
nYtHjrsk-1bTNLGYkvgq-g,positive,0.4,"Praises service and love the place, but notes recent food quality decline"
kszd0pKfdWRD9qaNNQY5dg,positive,0.9,"Enthusiastic praise for staff, ambiance, and excellent food"
-_g94-BCIGFNeIlrV0x-rw,positive,0.8,Strong positive remarks about beautiful interior and amazing service
mMNJOxMqi8bGuL6UZ4IHzw,positive,0.85,"Highlights excellent dining experience, location, and enjoyable dishes"
9gCc6_R2iGQgBgwTv7kH_Q,positive,0.6,Positive about delicious food; humor about strong coffee side effect
lW2_gDm6symiLH2N1G5f8Q,positive,0.8,"Praise for food, service, cleanliness; overall favorable."
nUsiJbi1teak_kKVv5pKhw,positive,0.95,Enthusiastic praise; high rating and strong recommendation.
Qun0fkNa1kF7C9-YFqhZAw,negative,-0.4,"Mixed feedback; praise limited, many criticisms of key dishes."
plIgsQrgw-3G7fmq_EpJ0w,positive,0.85,"Consistently positive remarks on service, food, and seating."
SVP4O3oanbDo4Cg9uNacDQ,positive,0.7,Highly favorable nostalgic tone; recommends venue and atmosphere.
wkbLSDWoZI6qojpSdhVZ8w,positive,0.94,"Praises coffee, sandwich, seating, and plans to return."
UwMC1FyVNtNyciNoU4EDSQ,positive,0.91,"Delicious food, enthusiastic, will definitely return."
GQ4NGGqfIl6DN_I3mYu0SA,positive,0.96,"Highly praises dishes, happy, will order again."
IGD8A5xdspgtLm2lce2Srg,positive,0.93,"Amazing tasting menu, top service, eager to revisit."
km7BSXUbYtgyBHiPhvNtIw,positive,0.92,"Great experience, delicious food, top service, highly recommended."
7zTuuA7SPOWx83KYibdbiA,negative,-0.6,Good hummus but overall experience inconvenient and not worth effort
LbSzxUMkbhyYB9lB0hN8Rg,positive,0.8,"Excited tone, praises food and reservation effort, overall delighted"
w62wPpfNtO5mOETSusLaxw,positive,0.7,"Positive experience, tasty menu, courteous staff, memorable celebration"
ZkILDF9scA1Uk1kAlXlG7Q,positive,0.75,"Family loved juicy burgers, consistently satisfying experience"
xO3tiZyS_SV-D8XFeFSZhA,positive,0.6,"Enjoyable bar food, lively vibe, intends to revisit"
65URvPRr1lE_yRoG2AztNw,positive,0.8,"Praises food, atmosphere, and plans to return."
JgUYeisVHSCcgEWjsmTaZQ,positive,0.7,"Highlights very good atmosphere, reasonable prices, and above‑expected quality."
dmuJieHRdZ9yNhZDQhT6Dg,negative,-0.8,"Describes disappointment, bland fries, and unlikely to return."
Qv993qRzIT6mSfhHwGCD0A,positive,0.6,"Good value, enjoyable meal, and intention to revisit."
_lfMobvWslbsGjl_4M3PXQ,positive,0.9,Strong praise as best bun bo hue spot.
UvWECeQX2Eez_IIMuS4S7g,negative,-0.8,Staff hygiene concerns and safety worries dominate the review
sdu0dkLReuB_nFQIjMURAA,neutral,0.2,Praise for food balanced by hygiene and crowding complaints
fEk4Rh1022egR1qiWhxIgw,positive,0.9,"Enthusiastic praise of food, service, and long‑term loyalty"
28t4xEAgi7LkwpeK9b5orA,negative,-0.4,"Initial praise undermined by costly, disappointing experience"
PSIDyvYphrVaNZHLDH12kQ,negative,-0.6,Service abruptness caused disappointment despite prior visits
_7HsxPUuv2mmBw-NNU67NQ,negative,-0.4,"Mixed praise, but overall disappointment with dessert room and service"
RF_o9lfqWxnYPmwXpMKS_Q,positive,0.9,Highly positive experience with attentive service and delicious food
_1hR5HgJTTCVa_N6jY1QXg,negative,-0.8,Negative due to misleading promotion and poor staff knowledge
beickGQSMHagxk-LslM71w,positive,0.8,"Positive praise for custom cake and delicious mango, matcha drinks"
97ct7FKMD3CjXywmWixNfQ,positive,0.7,"Positive overall, tasty brisket; minor complaint about small fry portion"
909lBtQE8DDKluAK2C-wJw,negative,-0.9,"Harsh criticism of cleanliness, service, and overall experience."
d5CZe1yhonD6udK5ierH5Q,negative,-0.4,Food quality and service issues outweigh minor positives.
u3Gzyvinzyd_jiVCZF4_vQ,negative,-0.8,"Disappointed with ribs, sauce, and value; recommends not ordering."
jOzGrwCssLBLdRyhuz_AsA,positive,0.5,"Praise for brisket, ribs, hush puppies outweighs minor dish complaints."
9pdo5Bfpl9YHwGCkihmGpA,positive,0.9,"Enthusiastic praise of food variety and friendly, efficient staff."
P5JNURWNK83nA2Ql2MVw2w,positive,0.85,"Praise for service, food quality, and intent to return."
cboA5XtvySjm7HIe0Pjp9A,negative,-0.7,"Highlights multiple food quality issues, despite one positive drink."
5fyyqXcDNRlw1YszlXYBAg,positive,0.9,"Enthusiastic praise for freshness, value, variety, and satisfaction."
T8hwkhPdzQonMWao_6a_pA,neutral,0.1,Balanced praise with size and sauce quantity complaints.
KUFibg5x3Rn3ZENM0jzWiA,positive,0.8,"Positive service praise and satisfaction, intent to return."
p2WWnfzhvMkQZSVJp9g0FA,positive,0.6,Praises food and worth the drive despite minor drawbacks
YOxZs9Xbty2bsq2dLJvWdw,negative,-0.8,"Food described as terrible, outweighing staff praise"
J-4EQJ1lM5aQFb5H90q2XA,negative,-0.9,"Order never arrived, expresses strong disappointment"
nTBmqe03xe68zgcSOEtH4g,negative,-0.7,"Poor food, confusing menu, unlikely to return"
0cewMjPxqwTVHEvqLjX86Q,neutral,0.0,"Delicious food praised, but owner criticism creates mixed feelings"
ixTpdwHtBn85wgWH9HJwEg,positive,0.9,"Enthusiastic praise for food quality, price, and recommendation."
Q9ch-IuHwAnHe2faCkuTVQ,neutral,0.2,Mixed experience; some service errors but overall decent impression.
sRAIV4Zm3a3cBfEEAfZDYg,positive,0.8,"Strong praise for service, pastries, and atmosphere outweighs minor coffee rating."
fAk6IInqe1XSrLXHcbDwnw,positive,1.0,Highly enthusiastic endorsement of exceptional customer service.
ug-yYEorF8JjRWp9aw93dQ,positive,0.9,"Positive remarks on atmosphere, pastries, and friendly staff."
NCiPT1XRqJPaDNB8S6QUPA,positive,0.8,"Positive comments about pastries, cleanliness, and staff member's mask."
EGUk9Oje7Wk1C-EMWbE_qg,positive,0.9,"Positive comments about food, sangria, and value"
DOmg5fufydutUoqeD4oIdQ,positive,0.8,"Positive comments about food, service, and overall experience."
mX52EGNPN-naMBj4k_f5-g,negative,-0.5,Inconsistent food quality and service
bzKL2edZ6FxAJszE0KQu2Q,positive,0.8,"Positive review of the new name and location, along with appreciation for the buzzer system."
8cBprIRGQBZ_MHNS3izwKA,positive,0.8,Positive comments about food and staff
YsWLFfrtttv0K3VZqFb51A,positive,0.8,"Positive experience, would come back and try new items"
luz_xMq4fXAmbl57b0g23A,positive,0.8,"Positive comments about indoor decor, queso, and chips."
cfTtbnmzmNkPA98Pk-q1rQ,positive,0.8,"Positive comments about food, seating, and service"
5TfJzdm-cBH4O_9VCd8BAg,positive,0.8,"Positive experience with good food, satisfied customers, and efficient service."
6BaQ6EyccDyOkXJX1qwvqg,negative,-0.8,Dissatisfaction with food quality and presentation
JEgLUqEzrpNGM2CaKdVBrQ,negative,-0.8,"Dissatisfied with cheese steak quality, cold mushrooms, small size, and negative experience at Holmes Avenue location"
YW3BZwRaZoz6Ri9H--Qb_g,negative,-0.5,"Unhappy with store comparison, staff not wearing masks"
FQlvMPO5UTMusCDpPKZGcQ,positive,0.8,"Positive experience despite initial inconvenience, amazing gyros and grape leaves"
vF7KD4qtEMUxjFGChljU0g,positive,0.8,"Positive comments about food, service, and experience"
U2AMrZXpyNpZgQ5A4C91Tw,positive,0.9,"Positive experience, delicious food, excellent customer service"
6O4zESOTuQiGc6hGj_sUlQ,positive,0.8,Positive experience with amazing food and great service
fPCjR70l5EFeQF579DnGcQ,positive,0.9,"Positive experience, friendly staff, delicious food"
eOqIl2lbKRKe4vdd8K09dA,positive,0.7,"Positive experience, decent food, and recommending for a sloppy Philly cheesesteak"
Ce3V4vhAiTgOf7XfrOEoTg,positive,0.8,"Positive aspects: popular, nice experience, generous portions, efficient staff, upstairs seating."
kHw2dWf2xB_9t6JoHHyPDw,negative,-0.9,Expresses dissatisfaction with food quality and recommends against visiting the place.
KKB4j4jnBbCe7z3FEAbnBQ,positive,0.8,Recalls nostalgic memories of Navy welding school and South Street experience
EoWqosszQChj8idGsaJQ7g,neutral,0.3,Reviewer acknowledges decent cheesesteak but mentions long lines and suggests there are better options in the area.
O_225Jg0cyAaivh4alN2BQ,positive,0.8,"Positive comments about food quality, freshness, and service"
nPpsTtAiuAEpHPqltSgtKQ,positive,0.8,"Positive service, tasty meal, and reasonable price."
0RCSCkvqJPcfD-eUA9Is0g,positive,0.9,"Positive experience, delicious food, friendly owner"
-H7kD-BYSS7njDuNmWjpSA,negative,-0.5,"Comparing to another place (Frank's on Frankford Ave), customer finds the price high for the offered food."
FT3bZcaf9yNJVlfAPxhXbQ,positive,0.8,"Positive experience, great service, delicious cheesesteak"
_DqLA0Wd-EmR9QbTodM3aA,positive,0.8,"Positive experience with classic Philly cheesesteaks, quick service, and quality bread."
ETPC1N9FgJ9jzWgLTYD3yA,negative,-0.5,"Poor value for money, suggests John's roast pork as a better alternative"
uoyMSCtBYrvoNKnL3cLlnA,positive,0.8,Positive comments about food and staff
GjuKURcS-vdREG8ME2hkTg,positive,0.9,"Positive experience, delicious food, amazing staff"
m7ylizosn0IGnCQD12zpAg,negative,-0.5,Order mistake and unsatisfied with the outcome
woxeseGs0tjcT8wY9jhImQ,positive,0.8,"Positive remarks about convenience, service, and willingness to return"
rgEM4eoBFuciNXT44jDSrQ,positive,0.8,Positive food experience and authentic atmosphere
hr4wKqWdDrn6WZ2I5nlkCA,positive,0.8,"Positive experience, great meal, recommended paellas"
sQ_M8BGC-HYeL5vQ-QwAFQ,neutral,0.3,"Positive aspects: Cute location, yummy tapas. Negative aspects: Limited menu, ham and cheese tapas could have been better."
qOpCl3mpzqqrTh5UJf2Wyw,positive,0.8,"Recommends for date or evening out, mentions reasonable prices"
MM-PVZ-HV2NwVQYpvr21WQ,neutral,0.3,"Positive aspects: Been here multiple times, quality, good canned tuna belly. Negative aspects: Expensive, sauce issue, small tapas portions."
q2MgjG7lFV7DLcmOyOjU4Q,negative,-0.8,"Experienced poor food quality (raw chicken), unsatisfactory owner response"
Bpey9W5-lCjiXrJWIX0Izw,positive,0.8,Positive experience with great food and enjoyment
28kH6HvOkGycVViKSbiCLw,negative,-0.5,Spice level not met expectations
ZhN7Z4zG9rGVfU48a-gl-g,negative,-0.8,"Poor customer service, restaurant closed early, no return"
kTlBmMlhxrWOdWkbqaZ2Lg,positive,0.9,"Positive remarks about food quality, mention of made-from-scratch dishes and delectable menu options"
wAzi7G2td9xP9ibooSZoiQ,positive,0.9,Positive comments about food and recommends dishes
ZoR27783XQuDgoTGvhW45g,positive,0.7,Good food despite long wait times
FEMR5Rt9CAWX1QTXMn4XwA,negative,-0.5,dissatisfaction with food and possible lack of enjoyment
8QUOL5Yh9EZOIA-96kqzZw,positive,0.8,"Positive experience, recommended dishes and highly enjoyed meal."
iCrUVdUoznyIzTtuCR7-Hw,positive,1.0,Positive review about the food quality and taste
mQzIKBV4tDUErMg_p-IPaw,positive,0.9,"Positive comments about taste, portions, service, and frozen yogurt."
O-BI2Cmb7pj7IKEOoezCxg,positive,0.8,"Positive customer service, delicious Dole whips and ice cream, and overall enjoyable experience"
SOwrpGmsCRlj4WFWWwU0fQ,positive,0.9,"Positive experience, amazing staff, coupon suggestions"
D7Lpu8NugNyJbjpmgLC7ig,positive,0.9,"Positive experience, excellent service, delicious food"
ZzTwjHa-8PdojzVR1IevuQ,positive,0.8,"Positive remarks about cleanliness, delicious food, and helpful staff."
eXU-xAEMWtththx9qqCaUw,positive,0.9,"Positive experience, warm and welcoming atmosphere, satisfied with food and service"
iWYXPLxMY6UAhzKU5xvh9Q,positive,0.8,"Positive comments about service, food, buns, and fries"
idpCMddGrdxePzT8KkaLlQ,positive,0.9,"Positive comments about service, interior, food, and beer"
btWXgBgqRyiVx-SHi7pEcg,positive,0.9,"Positive review with phrases like 'Best take out burger', 'Sooooo good', and 'Can't recommend enough'"
fDpOJUi9Py-AyZcLCCzWbA,positive,0.8,Positive comments about food and service
klDWGoC0RrU-MigwB1Y8Jw,negative,-0.8,"Customer faced issues with door opening, staff behavior and unsatisfactory experience."
NuU6WlFpNcrnrZtd0xT4CA,negative,-0.8,"long waiting time, poor service, dissatisfied customer"
dEMu6fhe_Pnq5PpgrkyNFQ,negative,-0.8,"Poor customer service, long wait time, and dissatisfaction with the food"
5Q8gmWVsFTpdi_Ie4r3F2A,negative,-0.8,Customer experienced multiple issues and dissatisfaction with the service and food.
cbAh3-4xEmDfDCE54JPIcw,negative,-0.5,"high prices, negative experience with door issue, unappealing staff attire"
me86aSNPPGQwAMch358ujA,positive,0.9,"Positive comments about food, service, and overall experience."
UKQNsz6bUJGfDSfptF9kWw,positive,0.8,Positive comments about cocktails and familiarity with the restaurant's association
5msekB0oVTZpQYxgPoRMKA,positive,0.9,"Positive experience with creative drinks, food, and unique dining room."
zXPvVgV-jU5T6q4EoM5Q5Q,positive,0.8,"Positive comments about beer, food, and cocktails"
xY8AMnQ9NqjUMsUIi0Ld9g,negative,-0.5,long waiting time and dissatisfaction with service
cRDnKC7Iy8LG-lQCPy1ITg,negative,-0.8,"Customer had a negative experience, mentioned yelling and walking away"
Y330T51sCJ8eiwF3Vq_zzQ,negative,-0.5,"Unhappy experience, rude staff, difficulty in placing the order"
iHLkpMwL1BcRk-DC9hp0rw,positive,0.9,Positive comments about food quality and variety
K6w8hVX7QV6qhvX6GRMFBw,positive,0.8,"Positive comments about favorite spot, weekly visits, great service, and delicious food"
KBEnHBIpnsPqEmgZpHmSRw,positive,0.8,"Positive comments about the place and food, with a neutral sentiment towards delivery issue."
AnPkLuQey-t5frtAlt8KVg,positive,0.8,Positive feedback on food and excitement to try more.
1SXtukhiNrX772buImATFA,positive,0.8,"Positive experience with food, service, and performance"
SKPQ-4gh_QvwsuoxTznNag,positive,1.0,"Positive words: amazing, recommend. No negative comments."
LCDi58i9CYGG8JY-q4Jf6w,positive,0.8,"Positive comments about food, service, and atmosphere"
tH5CBWXcVKNV_hcPtUj2Lg,positive,0.8,"Positive experience with food, drinks, and service in the dining area."
qZ7b3JOjW2iBt8ReQ0GWbg,negative,-0.7,"Poor food quality, issues with cheese, long waiting time, won't return"
-bltx6e7gaXMK5d1QRD2Fw,negative,-0.5,long wait time and dissatisfaction with mask
XkYCib2tRZYp45C1h54ZqQ,positive,0.8,"Positive remarks about staff, food quality, and intention to return"
MZM3b6PvNv9_U_7h65uzJQ,negative,-0.8,"Customer experienced discomfort, service issues, and felt the price was too high."
SvXqysiGDGkfJ3H7J3n_fg,negative,-0.8,long wait time and poor quality food
sidN7ZZ6vbgbT8aDyN00qg,positive,0.8,Positive comments about menu and drink selections
Vgw_w7ExE_WyJUhikdstbg,positive,0.9,"Positive words: treasure, fresh, original, smiling staff, impressive, worth finding, traveling to."
uTY_zJY1cPDmlFMmiy-KBw,positive,0.8,"Positive comments about Panini, admiration for the best ones compared to Philly"
87c4t6OMYWqGszk0aOBMWg,positive,0.8,"Positive feedback on taste, portions, menu options, beer selection, and recommendation"
i_Fu0KJTGpy1vD0ILapEzA,positive,0.8,"Positive comments about food, enjoyment of experience"
LQ7Zunq4dU2KCNvtRnxMOQ,negative,-0.8,"Poor food quality, disappointment, and negative comparison to other Ethiopian restaurants"
nvdGJmQ4n-M4XTz0Ut-5-Q,positive,1.0,"Positive comments about food, cultural experience, and staff"
JM_FIUcpJ7u5HnV7DCEg3A,positive,0.9,"Positive comments about food (cinnamon bun, breakfast, bbq)"
PsKrEb2t0m8IP3mYBQ_DFg,positive,0.8,"Positive experience at the cute brunch place, delicious food (chicken & waffle, eggs benedict), and enjoyable mention of outdoor seating and Popeyes chicken comparison"
s5zL675sRJ2FGZKkOg6-1w,positive,0.8,"Positive experience with yummy food, excellent service, and intent to return"
uZ5aAtBXvb-HxClbRZXqpA,negative,-0.5,"Disappointing dining experience, not the same as before"
hyO-_F_bhNrtKND_kPDOUQ,positive,0.9,"Positive comments about food, enjoyment, and recommendation"
CYJfF2ooBxhMX7QeoN-i7A,negative,-0.5,Dessert was disappointing and not moist
eXvvSdV_uy2ww2A2-GHGzA,positive,1.0,"Positive comments about food, bartender, and rating 5/5"
mRpDXSIhPWI0PyHslwDglw,positive,0.8,"Positive comments about food, service, and monkey bread, with a neutral sentiment on the seating issue."
YKeXAUFnNnpnoflKeRYCow,negative,-0.8,"Dirty environment, wrong order, poor customer experience"
i6BgK6EMLC0imbyt3KaQrA,positive,0.8,"Positive experience, good food, friendly manager"
gh0GKGOYoXQKIUqyQ9NX7Q,positive,0.8,Positive feedback on food and recommendation
JOHKBW_6DLYhxa5OeEinxA,positive,0.9,"Positive experience, recommended, enjoyable atmosphere, nice servers, good sauce selection"
BqjI2K_BSD5s2DBtlrFTVQ,negative,-0.5,Customer experienced a negative dining experience due to unsatisfactory food quality
22_d9-7FufR2WM09wuXbNw,negative,-0.9,Customer dissatisfied with the taco's content and presentation
QVzTjk2e1UjDLsRgPZFgLA,positive,0.9,"Positive experience, clean environment, delicious sandwich"
N7dkPIovYKZabK_tW0qB7w,positive,0.9,Positive comments about food and service
oEr38G2PraNfZUqJvcbMbg,positive,0.8,"Positive remarks about best wonton soup, quick delivery time"
mKbYRM63lbatfFMm5aksyg,positive,0.8,"Positive comments about food, taste, and customer service."
deZYNLMAlP8TjWur8j2TPQ,positive,0.8,"Positive comments about food, owners, and environment"
cyQl9BEmyPLaK0NtnV2zvw,positive,0.8,"Positive comments about tuna mac, muffins, and willingness to give the place another try."
NSmtNCarHFHMK3D0GtsD1w,positive,0.8,"Positive experience, delicious food, support for family business, and appreciation for local community involvement"
p5ZnSYsVNIINohGlSsptjA,positive,0.9,"Positive remarks about quality, portion, price, and support for a local business"
gBl0QUMp-sKuwSHBfyF18A,positive,1.0,Recommends Fink's for the best hoagies and praises the taste and quality.
QcMaTZD4vINy48emXlcwaw,positive,0.8,"Positive experience, enjoyed the food and overall experience."
B5zT_RaIbMWBH83YxEZFWA,negative,-0.8,Customer dissatisfied with the updated chicken sandwich
0zv18O7ePKNj_DOT-vluMg,positive,0.8,"Positive comments about drinks, desire to return for food"
oabYMil4pH_6TCUqx_sZNw,negative,-0.5,dissatisfaction with chicken parmesan and kitchen area location
NHEfLVZF_VxGLTECfg8xmg,positive,0.9,"Excellent dining experience, amazing service and food"
296gasuxY0JY0X3iA5DlMg,negative,-0.5,"Order received on time, bland sauce, two stars"
ZSct3389R-p56DVM5S56ew,positive,1.0,"Positive feedback on food quality, distance traveled, and customer service"
LfU5b7TvhL49yhyzDX9Egw,negative,-0.8,"Customer had a negative experience due to poor service, smoking incident, and unable to give 0 stars"
fu4SV_ccoJERWqBWDtnp3Q,positive,1.0,"Positive experience, highly recommends the mofongo with fried meat."
ZeGrwYLhFLZNtuxsjQ2LdQ,positive,0.8,"Positive experience despite wait time, enjoyed food and staff"
7Cf-7ppcGijkXCRUAwB2xw,positive,0.8,"Positive aspects: affordable price, big shrimp, enjoyable experience."
_gaijtKgUqdDNvuhZ7z5Hg,positive,0.9,"Positive comments about sandwiches, service, and staff"
ro1XEX8jNTi2A6RG_UHfJA,positive,0.8,Great job on quality and personable staff
N3UIrGah1t9Oz2aZqxBlaw,positive,0.7,Positive comments about food and willingness to visit again
Y1zVr00wxSbesNjty8EWjQ,positive,0.8,"Positive experiences, satisfied with food and service"
fRiVxXL-cUDEOyWkhlizYw,positive,0.8,Positive comments about food quality and recommendation to return
agrwbfLxIBnl6JiXc1d50w,positive,0.8,Positive remarks about service staff and support during pandemic
Wbc5y4qLdRMh45fDAgoRnQ,positive,0.7,"Positive experience with good food, quick service, and acceptable staff behavior."
KEDDZ8nEHrMNpr5vxivcKQ,negative,-0.8,Restaurant charged twice and refused refund
y_u0OqmvRpGrQtkJNDbb1A,negative,-0.8,"Dissatisfaction with experience, issues with amenities, and disappointment with room appearance"
jqGRqwhdyg-vyKhC_FiGSw,positive,0.8,"Positive experience despite construction, memorable stay"
FFYeuDy8W2k0l3u4YeYMDQ,negative,-0.8,"Customer service poor, high parking fee, construction issues"
ltw38k1yloUPA4JDHdJohw,positive,0.8,Positive experience due to staff addressing room issue and recommending for others to stay
2XR5QtdjuR1TIH5-60lUEw,negative,-1.0,"Described multiple issues with the room, expressing dissatisfaction and recommending against staying there."
aVvno4lLG_OR9abnn-okkg,positive,0.9,Positive comments about food and service
h0nbTpWbxC0SI0Z5O7Q-5A,positive,0.9,"Positive feedback on food quality, popularity, and recommendation."
xpOZgOgEqus6F_DptITztA,positive,0.9,"Positive experience with consistent quality, favorite dishes mentioned"
dt1RN23YBnY5cDLYh5UsqA,positive,0.5,Positive feedback on food quality and neutral sentiment on service
3CkpBvOpeQrO7lvZyKrRLQ,positive,0.8,"Positive remarks about food quality, reliability, affordability, and promotions"
cmK48amjYNk7_rMa4hP-sg,positive,0.8,"Positive experience, suitable for out-of-town visitors and easy reservations"
4cPjWWI6liGfHQ4OoUzkMg,positive,0.8,"Positive comments about location, view, and ordering system"
dUq0NSHontUf5bxzxWG8rg,positive,0.8,Positive comments about food and service
K2Pn5dc6l46-5gUfaOkEcQ,positive,0.99,"Positive comments about food, service, and atmosphere"
SOjYe686Zr_vSFjYw6U_Mw,positive,0.9,"Positive comments about food, friendly staff, and intention to return"
0BTGuop-1u0aKTAO3KWMWA,positive,0.9,Positive comments about food quality and overall experience
c6J3MArbcMrbGRZVL8WMOg,positive,0.8,"Positive experience, great food (Turkey burger), recommends for brunch and family-friendly atmosphere."
EbKVhGhW7shBwTUMDd2aPg,negative,-0.5,"Poor service, lack of table service, long wait time"
gRmORxuxzAgjF1pJjFV4xw,positive,0.8,Enjoyed the electric lemonade and positive experience on a hot day
6jOgIWlYG1Cl13NnA-7doQ,positive,0.8,"Positive comments about flavor selection, drink quality, service, and suitable for warmer months"
CirRETDlc9p0xvpBFX0tNA,negative,-0.5,Server's nasty attitude
gZ37bCbLLCX3GUBuhKyxcQ,negative,-0.8,"poor drink quality, disappointment, won't return"
PuVlDUs5cM1j3gexRpYsCQ,negative,-0.8,"Customer had a negative experience, staff was rude and unhelpful"
_rOkwuU4LP5Xxf_D_pCZfg,positive,0.8,"Positive experience, delicious food, will try again"
ibiDsnonT7_vfPNnKQHhYg,positive,0.8,Positive review about the restaurant being the best Thai spot in Philadelphia and offering a Thai hot option.
jyb9hmWptyiaWxtvxriARQ,positive,0.8,"Positive comments about taste, flavor, and recommending the place."
Le_g5_exHDDtlQkLOD8hRw,neutral,0.2,"Positive aspects: open to trying more, different menu options. Negative aspects: duck tacos, khao soi average. Overall, balanced feedback without strong positive or negative emotions."
U9Uzdmq8DadE0oV5hkDeeA,positive,0.9,"Positive words: delicious, authentic, great, comfy, sweet; overall positive experience"
XE2ncya_Vhj-cqd0EE-ijQ,positive,0.9,"Positive experience, compliments to the restaurant and staff, and improvement in the reviewer's health after eating there."
pudiXUh-8inEq4r9QNwqZA,negative,-0.8,"Customer experienced a long wait, left disappointed and won't return"
C9Azw0mKDNH55_j-IltUAQ,positive,0.9,"Positive experience, great service, enjoyable atmosphere"
FFLiYZPYjFC3j7o-SUirEg,positive,0.8,"Positive comments about food, service, and experience"
5FEPAC9ngdxiTtBqLS1-Nw,positive,0.7,"Positive comments about food quality and service, but acknowledges slow service and delivery time advice"
iiMsuh5IZme-JgSVBD-lmA,positive,0.9,"Positive words: awesome, delicious, friendly; positive sentiment expressed."
Y8hLZ2IHHe-QQmok4k95Qw,negative,-0.8,"Poor service, wrong orders, long waiting time"
9xfnhe0wC5auRHWqQNO6Kg,negative,-0.5,"Closed early, no sign, poor business management"
_UQXTI8TDRJKZ0Q5B1qV-A,negative,-0.8,"long wait, wrong food, mismanaged and unprepared"
LsehI8_rbBk0BcxzeWPp7Q,positive,0.8,"Positive comments about food, atmosphere, and frequent ordering"
yS53HQ_9lPSilv4UWDE1rw,positive,0.9,"Positive experience at Penrose Diner, enjoyed food, service, and atmosphere."
VekD6KC-nDWqzbQXkyT3mQ,positive,0.8,"Positive aspects: quality food, quick service, homey atmosphere, will return for brunch."
JJY8rb_4phCUtCa0_TvNqA,positive,0.9,"Positive experience, quick service, friendly staff, great food"
tIpX3kJ8rcbuWcjpwkA9ig,positive,0.8,"Positive experience, huge portions, home cooked goodness"
oAfwqxrENdygOwBS2Pgrxg,positive,0.8,"Positive experience, enjoyed dessert and tea."
JpGji_fOCcN3p3e6VIFs4g,positive,0.8,"Positive comments about location, service, and food quality"
Sr16hgSkM__wjIyXl5uS-g,positive,0.9,"Positive comments about food, atmosphere, and service"
Xh_XDU-8DocGs9mNpAS_rQ,positive,0.9,"Positive experience, delicious food, excellent staff"
DEDHnlf8OSQo2af2JAS9sw,positive,0.8,"Positive experience, mentions high tea and return visit"
0RVNcVzSsTcs_iYgiLy2Cw,negative,-0.5,"Dissatisfaction with the Frizwit, wet sandwich, and unsatisfactory price-to-hype ratio"
LTUiWXmu06TiL-edSQQZLQ,positive,0.9,Positive review about the quality of ingredients and taste of the cheesesteak.
pF3cGBV_O-owXU9a6B0uww,positive,1.0,"Positive comments about food, enthusiasm, and satisfaction"
iuahUo4k1uid1j1lZE0Agg,positive,0.8,"Positive remarks about quality, taste, and price worthiness."
AzmxWKhttq_0U2vUkm0X7Q,negative,-0.8,Customer dissatisfaction with hours and lack of safety measures
5LuWu43mVPFB7G_EH-NUXw,negative,-0.8,"Experienced racism, negative comments from staff"
LNZwHXXzNy4OZ_cbo6BwMw,positive,0.8,"Positive comments about brunch, happy hour, and buffalo cauliflower, along with praise for the bartenders."
HiCv1mCVlVX0nzSJUt38Iw,positive,0.8,"Positive experience, satisfied customer, specific mention of nice waiters and food"
kkZJxca_cIxbOlwR-UpgnA,positive,0.8,"Positive experience at the restaurant, desire to return for dinner"
wpzat02Moh2OFn2IivrDBA,positive,0.8,"Positive comments about food, hostess, waitress, and mimosas"
mtDAUrUqS2O-xDBV_5D2fQ,negative,-0.5,Food was sub par and rather flavorless
0st2l1oNTfvaMwIGWN1STQ,negative,-0.8,"Customer dissatisfied with servers, parking, and location"
OLrdXi9pLoaK6bMVedubTg,positive,0.9,"Positive experience, nostalgic food, and high praise for food quality and taste"
xHcBarPQUJtx6wVS2ieX5Q,positive,0.8,Positive review about the wings and recommendation of Cajun rub and Buffalo sauce.
o2QJwrE3SwbMuhDvC29JAg,positive,0.8,Positive feedback on food and service
tQ3H1SgT1x44i60LOqPFmQ,negative,-0.5,poor service and customer left due to dissatisfaction
kZp4kAxsXLpr2G4DJzWmXw,positive,0.8,"Positive feedback on food, BYOB, and service."
lBiD9REXUDvoV9WEKO-eSw,positive,0.8,Positive comments about food quality and enjoyment
CjTmgqfgJr4z_h9wAbRjcA,positive,0.8,"Positive experience, tasty food, recommended"
iVgQgla-d3bqjTDRNUqjaA,positive,0.8,Positive feedback on food items and enjoyment of taste
LgYfwXJcPIpgPvM9nz_ggA,neutral,0.0,The reviewer mentions a positive experience at the original location but states they will continue going to the other location.
_Xh5dYt2hs7UY4Arcd_QIg,positive,0.8,"Positive service, calming atmosphere, willingness to return"
0SlDWhoZo6bNLjuM8bgG7Q,positive,0.8,"Positive experience, loyal customer, mentions hot and tasty meals"
XU01gVMU2VEQH9GB35T4Jw,negative,-0.8,"Poor customer service, slow response, unsatisfactory food and experience"
ObC9Ab0_mxz2EEDVfL9kUg,positive,0.9,"Positive feedback on food, loved by kids and grandkids"
PnEVyQWgrIZ2otlZZXgNxQ,positive,0.9,"Positive comments about food, ambiance, and service"
OSpNdo1hMkCRp_XEou3p1w,positive,0.8,"Positive experience at Straz, happy hour menu and wine prices mentioned"
Ke4K73I32JvY6SK8m298kg,positive,0.8,"Positive experience, excellent service"
FPOvrAJT133zXdM1hJxrXQ,positive,0.8,Positive review about the food and experience
9Py01HznfuSqHm-dUAw7xg,negative,-0.5,"poor service, subpar food"
bOvLSk5J25tp72ECkKG4LQ,positive,0.8,"Recommends, Positive experience, Excellent food"
QpoJmVQaW48a5Rose6nKaw,positive,0.9,Positive review about the food and recommending the spot to others
poiEmugF7Rru6jIVsACnow,positive,0.9,"Positive experience, delicious food, highly recommended"
q1F6KaeQRob87q_qGAggBg,positive,0.9,Positive review about the food quality and taste
FM_iD04LHXdgZtgW7Z6bZA,positive,0.8,Positive remarks about food quality and satisfaction
9hBPh6J7G6OFS6SAG0StJg,positive,1.0,"Highly recommends Pancho's Cafe, praises food quality and portions"
-no4ZpDXyTbfQIOONivuNw,positive,0.8,"Positive experience, great food, friendly service"
cETOhNvVz5sqj5Ok-XwDuA,negative,-0.8,"Unhappy customer experience, negative comments about food, service, and tips"
t_-Hq9fT89LH-jUrDawxXw,positive,0.99,"Positive experience, delicious food, complimentary dessert"
KUxL_N-NWlr1ALVURFlYpg,positive,0.8,"Positive feedback on food, expressed desire to return"
AUOPG6Jz0ropqVobV3Qw7g,positive,1.0,"Positive experience, highly recommended, great value, clean decor, delicious food"
7l-dlIWa9UQYUN0KT_BXBQ,negative,-0.5,Disappointment due to false representation of the place
9CpiVV4U0pLSEk8LEkjVjg,positive,0.8,"Positive experience, staff interaction, gratitude expressed"
5WFE_2U57tQZdETuIKh0jw,positive,0.9,"Positive remarks about food, service, and atmosphere"
Szur5ayaPwdMRBg-r2B5gQ,positive,0.9,"Positive experience, favorite bar, phenomenal food, safe environment"
ZA5xo1ihb_KBfbsk6uOYbg,positive,0.9,"Positive comments about cleanliness, safety measures, drinks, and food quality."
ayCareL2Bkki3YQetHfgBg,negative,-0.8,Customer dissatisfied with food quality and taste
2EZR2ZoLfLe8DKd3RVMnBg,positive,0.8,"Positive experience with great grilled cheese, tomato soup, and quality eats."
PPM7jdIcAhCqTELB3CyQWg,positive,0.9,"Positive review with phrases like 'best cheesesteaks', 'unreal onion rings'"
HMbwKu2_kel6PHrGG4BbSg,positive,0.8,"Positive comments about food, alcohol selection, and staff"
vlsy8bplsQYaDMf8gYBc0w,positive,0.8,"Positive experience, enjoyed beer selection, good food"
sQzrSrEzF_TZ9tV4RVsjkg,negative,-0.8,"Dissatisfaction with food, service, and refund issue"
2BmlEXy0naDpeMP4rrpRsA,negative,-0.5,Dissatisfaction with fried chicken and overall experience
i6-59h8Y7vSJkqXTHzJE2w,positive,1.0,Expresses satisfaction with the food and intention to return
BBBIS0AGt7kmAeNgJeJ0yQ,negative,-0.5,Dissatisfaction with food quality and impolite service
8CM5IyoFPYUPtnPTpA9hdw,negative,-0.5,Poor service experience and change issue
SiIJVUFo00vr-MPX6pOEhA,positive,1.0,Highly recommends the restaurant and praises the food quality
LPmU_6vRE_y5jUOgHyABqw,positive,0.8,"Positive comments about the sauce flavors and overall enjoyment, despite a minor complaint about the breading on General Tao's chicken."
DKMLE_zFUXThKGIDxvH8nQ,positive,0.8,Positive experience with delicious food and accommodating staff
QAI7pdqtMmmO9Bnt3bf0sQ,positive,0.9,Positive review of the restaurant's authentic Szechuan cuisine and strong recommendation
tdFciw8CXCpKcceMgjttUg,positive,0.8,"Positive comments about food, willingness to order again"
WaFG3jOEd_mmEHwvce6c0w,positive,0.8,Positive comments about dishes and satisfaction with food and taste
d2OlpHpgxG3e-rjHkLYo-g,negative,-0.8,"Unhappy with food quality and portions, increased prices, intent to not return"
NtF7WJNenn_ohwse8DieaA,negative,-0.9,"Customer had a bad experience, dissatisfied with the employees and would choose competitor over this location"
-mWWG630FtEpNdczbJywaw,negative,-0.8,Expresses dissatisfaction and uses strong language to criticize the establishment.
K6jCzFwidETK-aevJXqGiw,negative,-0.5,Pizza quality and delivery issue
E1EB9ooajLhOzglbWIIZoA,positive,0.8,"Positive comments about pizza taste, thin crust, and affordability"
Cl9gGttg2s6S_uZx61j6eg,positive,0.8,"Positive feedback on pizza quality, timely delivery, and size"
nMzFto20oDUPaD3IPLG7XA,positive,0.8,Positive feedback on food and appreciation for pickup and delivery services.
wKU8O0_aQtLUJRP4zGBi0A,negative,-0.5,"Customer dissatisfied with order, mentions court and lawsuit"
8hLrBqbHEiW5JwFH2hJx5g,positive,0.8,"Positive remarks about seafood quality, Asian flavors, and hidden gem status"
I_fAecWYmrd28zJGkfIM_A,positive,0.9,"Positive experience, kind staff, delicious food, satisfied customer"
QNtkqj2NtF-b-W1t-JqQ-w,positive,0.9,"Positive experience, owner's kindness, recommended for dining in or takeout"
D72jzjq0NUe7xrhpRPGWOg,positive,0.8,"Positive experience, customer looking forward to trying more dishes"
9xoZhOYnbfFsu1kv0yFpPw,positive,0.9,"Positive remarks about seafood quality, owner, and poke bowls"
KjoG5L71SMnrR9VAcdz3_g,negative,-0.8,Customer disappointed with food quality and recommends others not to waste their money.
81bk2Cb0Xh-jcA36mTXviA,negative,-0.5,Customer arrived before closing and was not allowed to enter
Vb9RywBYzjEHZp__CHge-g,positive,0.8,Positive remarks about the staff and appreciation for the authenticity of the food.
ykSqLuRKBOGNPeHJkOVIvQ,negative,-0.8,"Order mistakes, poor customer service"
LdFkPJLa0mYE_N0LAkDwiQ,positive,0.8,"Positive aspects: food was bomb, street corn good, churros bussin"
5skVKDD9ZLBvjcKBD_p3YQ,positive,0.9,"Positive experience, satisfied customers, strong praise for decor, food, staff, and music"
kor0z7Mqgm-lNUAx-VofmQ,positive,0.9,"Positive words: Mango Mimosas, Hot Chicken sliders, popular dishes, Indoor and outdoor seating available."
2O5jSm8tHwm0MrEb-B46Cg,positive,0.8,"Positive overall tone, loved it twice"
CxzuWvO9jzbFNLpKGzt2oA,positive,0.8,"Positive comments about food, service, and location preference"
XPcM6PDZOEgZcqeqz0QVxw,negative,-0.8,"long wait time, inappropriate music, unsatisfactory experience"
EPulsOE6uhi3HePtQbuaLQ,positive,0.9,Positive comments about food quality and enjoyment
aL4zZ1xY53OPjoNiVaE3Hg,positive,0.9,"Positive experience, great local spot, amazing food, friendly staff"
_62aihol_dFXPNuEq1XCXA,positive,1.0,"Positive comments about food quality, freshness, and overall experience"
hIxFRMxkUucZvkmFqfiOfA,positive,0.9,"Positive comments about owner, tortilla, tacos, guacamole, and churros"
zXxL3xQhAqnvuwOuBmhu-A,positive,0.9,Positive feedback on food quality and recommendation to return
QpPgjZwGIa1PWOflhFZ6SQ,positive,0.8,"Positive overall experience, strong showing with only slight fraying around the edges."
kzDKNtlC2KNdBbSXmwVV4w,positive,0.9,"Positive experience, friendly staff, great food, will visit again"
cPaU_kjafJxbG_VX47dokQ,positive,0.8,Positive experience with delicious food and plans to return
yQ3yj37M3zJuwllLttoX1w,positive,1.0,Positive comments about food and service
sqPAe0wMGN5OVu4la00O3Q,positive,0.8,Positive experience with authentic Indian taste and recommendation for dishes
sbid3YX9JivjstInMTF2ig,negative,-0.8,"Customer experienced negative aspects: bad management, unethical practices, and poor prognosis for the business."
LtEnlmw27XHlV2khU07fkQ,positive,0.9,"Positive experience, highly recommends Steve and food"
blTYJtdr3J6mCkNzV9bOcg,positive,0.8,"Positive experience, mentions friendly service and diverse menu options"
0I2r1ha1S0LWpYMSlnAPKA,positive,0.9,"Positive experience with delicious, plentiful, and affordable food."
O71WKBmK-6KPyOUkbff7Qg,positive,0.8,"Positive experience, enjoyed the cinnamon roll and potential for discounts"
i4kHlNZY2TP3EhxXngJLmA,positive,0.8,Positive comments about food quality and prices
USSQJ59V8ub5bq8n22rCYA,positive,0.8,Positive comparison to Pho 75 and mentions of 'amazing' and 'convenient'
g07khhpoYAhMhFa1KpU63g,positive,0.8,Positive experience with fast delivery and finding a good Vietnamese restaurant
Sy3kOcLCfnlKIJCLX_bMHg,positive,0.9,"Positive experience, consistent quality, frequent customer"
UYzeYY-I_kO_lzx0fShnXg,positive,0.8,"Positive comments about menu items, satisfaction with takeout service and leftovers."
ERGOsFtFcBpJmUCQx-sw5g,negative,-0.5,Customer dissatisfied with inconsistent service and product availability
P35axgnMvzVS2J01l7_LwQ,negative,-0.5,Poor customer service and long waiting times
5f_qcrf2d8UMyo5MAUjtKA,negative,-0.8,"Poor food quality, long wait time"
3MrWqGIGq3Civ6RTSm1EYg,positive,0.7,"Positive experience, enjoyed the dinner but no strong desire to return"
WcDXBpB1S_WCno5X9SVutg,negative,-0.7,"Poor service, food mediocre, overpriced, unrefilled water, negative aspects outweigh positive"
eoGvVJCw3b2BWNir3iJ6jw,positive,0.9,"Expresses satisfaction with the meal, recommends the place for well-executed food and knowledgeable staff."
4lWRWwyOTL1Kum31FVeKKw,positive,0.8,"Positive experience, will return to try more menu items"
2aP5-YeIe9xw4YoQMKA0Ww,positive,0.8,"Positive experience, great value, delicious food"
egaCChnroqDbD92wJqfVvA,positive,1.0,Positive review about the food and owner's passion
czVVDZ7WZiXvNhwZGbUprQ,negative,-0.8,Dissatisfaction with food quality and cold takeout experience
BilgHEPJ_a7bwU0yQZGcjQ,negative,-0.8,complains about taste and value for money
-0HEI_qpmjBXgKmMxlD4jg,positive,0.9,"Positive feedback on food items, plans to visit again and highly recommends."
GzFzaJugXbSaSo40VDK0mw,positive,0.8,"Positive comments about food, service, and BYOB policy"
h6lpNo317mkHJ1w0vxO9JA,positive,0.8,"Positive experience, timely service, pleasant atmosphere"
gsSBxzOxWf4CICDo3O-izQ,positive,0.9,"Positive comments about food, service, and price"
k-3AVaKilNSOyJJTdWxq0w,negative,-0.8,Dissatisfaction with food quality and taste
bsbCSvD7QSiLXQO4E5a3fA,positive,0.9,"Positive words: HIDDEN GEM, amazing, good, rolls, service, soups."
hUMXVLRvj_WcqDc8q3_GLQ,negative,-0.8,long waiting time and prioritizing take out orders over seated customers
7iMbZCt5NfTyZC4pur69jQ,negative,-0.8,long waiting time and unsatisfactory service
KnpmciZyEkeNrWOYSanlpQ,negative,-1.0,Strongly negative language and recommendation to avoid the business
DU39uju4LGR7brjY7anFRg,positive,0.99,"Positive experience, favorite sushi restaurant, delicious food, kind staff"
jywjTEZhiMueTRmxpjZ04Q,positive,0.8,"Positive comments about food quality, friendly staff, and fresh taste"
NXTlhKbKGeQJOjVuzT3KtQ,negative,-1.0,Strongly negative language and intent to share on social media
vuM0Kad4RO3Vi9MpG8TMtA,negative,-0.5,"Order adjustment issue, service improvement needed"
j8gQ5ILhly8EZSujuOoE4Q,positive,0.8,Positive experience with tender and juicy sandwich
u-zDgjlW6_pmMc6GxkE-8w,positive,0.9,"Positive review about the taste, يوصي المطعم بشدة"
-WvFeLgP6SlhElHnrItkzA,positive,0.8,Positive comments about food quality and enjoyment
JTLI1FTDocgqJm4BUyjEiQ,positive,0.8,Positive comments about food items and a desire for improved dish
lnQzTVlIzVjhn2UW7ffiKA,positive,0.9,"Positive experience, loved the food and excited to try more items."
OkeVjPWv06LGzed05Nke6Q,positive,0.9,Positive review about the quality of the hoagies and Italian rolls.
jTKhp6PjtUfgRPGbE_-Cwg,negative,-0.8,"Unresponsive customer service, lack of reservations info"
i3XQXob-gZgwunFW6OAIEw,negative,-0.5,Dissatisfaction with server service and rushed atmosphere
EJwrEbPCHN6y4xbmvEB3Vg,positive,0.8,Positive experience at the restaurant.
KN70hn5SmdlwIsSCDXVoOQ,negative,-0.8,Customer unable to enter due to insufficient staff
gfvXzaq5HymQDhR68rkJRw,neutral,0.2,"Positive aspects: Open space, good drinks. Negative aspects: Dark corners, unsatisfactory food quality"
NduEHy_JuGDGKiaa758IRw,positive,0.8,Positive comments about food quality and taste
Mv2aieSKp5FFgrLRpp6uBw,positive,0.9,"Positive experience, excellent service, and strong praise for the food and atmosphere."
c76hWeTGIRKaOqxEe-wkKQ,negative,-0.5,Ordering through DoorDash with multiple fees and unsatisfactory food quality
Wd98uFjgMKlDdfBeULyZww,positive,0.8,"Positive experience, delicious food, will return"
l2jxX85j-EYoMDsYygALrg,positive,0.8,"Positive experience, quality ingredients, outstanding service"
BULakHSFPxs_5A6QnWwmog,positive,0.9,"Positive experience, fresh ingredients, outstanding quality"
J3x8A06q2lAokQISy41sOg,positive,0.9,"Positive feedback on food quality, staff, and sauces."
tmFpv79NPUSRSxOklwpTvA,positive,0.9,"Positive experience, impressed with burrito quality and recommendation to try."
o_P7OZxLABfs5ZJB1PGpsw,positive,0.8,"Positive experience, pleasant staff, great food"
9inEKoMWdYJSbRkiWE9pAg,positive,0.9,"Positive remarks about workers, food quality, and service."
Cn8pwMvndPl7q2zr_3GGiA,positive,0.8,"Positive experience, welcoming service, glad they tried it"
zNRnZneL8VbPIja6Uc4mzg,positive,0.8,"Positive experience, enjoyed the pizza and local stories."
MWBGrj0XjvwSdwhLT-IAdg,negative,-0.5,"Poor value, unimpressive side dishes"
tDnvvS8wtTA8u0Xq28lhpw,negative,-0.5,complaint about missing salad dressing and overall decline in quality
xpEXSnNNCMPbJuxWekjhaA,negative,-0.8,customer dissatisfied with order accuracy issues
EdVp9aEycW_AuDPwubejAw,positive,1.0,"Positive experience, highly recommended pizza, positive staff interaction"
U83pN-v8E6_UHdvDp3n9jA,positive,0.9,"Excited customer, recommends strongly and mentions favorite status"
vhtzeXsxg1XjF9aQc5sjpg,negative,-0.9,dish dissatisfaction and poor customer service
IKkGZUOVJuK8hd9ovLhPzw,positive,0.98,"Positive experience, delicious food, authentic Sichuan cuisine"
t3rMyP0NZ1bAOCA7HKhzEw,positive,0.9,"Positive comments about food quality, authenticity, and desire to try more menu items"
7xOBHnx-gRadik4mLAqNkA,positive,0.8,Positive experience with authentic Chengdu food and family-friendly atmosphere
wmmCnojNGoKNmMn8yBLONQ,positive,1.0,Reviewer highly recommends the dish and shares personal experience.
3F8oPC248RDk_YsxvHShlA,positive,0.8,"Positive experience due to good food, convenient location, and enjoyable dining experience."
HYa775WaUzfebCOV67Kwhw,positive,0.8,"Positive remarks about food, service, and customer service"
KO0UxsasD6Ygz0wT7yqKWA,positive,0.8,Positive feedback on taste and satisfaction with meals.
2ITl__LddEsgmbGyoLfLWg,positive,0.8,"Positive experience, recommended meal options, satisfied customer"
RGG7bIMsDSZuYGWKO5hihA,positive,0.8,"Positive comments about food, service, and desserts."
dfCm0nSiOrz_918RnbK5Yg,negative,-0.8,"Poor service, rude staff"
JKhorrYLjl-tgMpBVKHk7w,positive,0.8,"Positive experience, amazing food, owner engaging with customers"
oEgep5wUEO6jbWKUnmtRxQ,positive,0.9,"Positive experience, highly recommends, enjoyed food and atmosphere"
S-q9KGONZJF7FiBofsme3Q,positive,0.8,Positive review about chimichurri and meal satisfaction
AWB9SF7_EGfUA9QkgHSnRw,negative,-0.5,Dissatisfaction with food quality and staff friendliness
p0RlltbxPt8zt6s6iB9IGg,positive,1.0,"Customer loves the place, has used for years, highly recommends"
iTks1KuWMqSPPq2aRU-p2g,positive,0.8,Positive comments about food quality and delivery
CxrSB6yNR21o8wzs5ee_Ng,positive,0.7,"Positive comments about mushroom pizza and friendliness, neutral to negative comments about food quality and burger"
Nw2j9s3W_dLCZTG3bgN5EQ,positive,0.8,Positive experience with great food and quick delivery
QO45ufv0MrqH0zWcfQlKSw,positive,0.8,Positive experience with pizza toppings and friend enjoyed the apple salad.
gyeATAxLCCFHp6odpyAMrw,negative,-0.5,"Experienced bad taste due to sand, incorrect menu pronunciation"
n24zoc8S40kW6N-WHrzklQ,positive,0.9,"Positive words: Amazing, delicious. Customer enjoyed the experience."
1ntRaSxkTEhQHJ9lb1pS3Q,positive,0.9,"Positive experience, satisfied customers, strong recommendation"
GqKPWJkjwIrRfhqjKjCcGw,neutral,0.3,"Positive aspects: food not bad, Negative aspects: expensive, outdated decor"
boVutMae-jrypY_uwkTltA,positive,0.9,"Positive experience, modern atmosphere, friendly staff, delicious food, intent to return"
g0vQKRhfrK9-DEUVW5vcYw,positive,0.8,"Customer enjoys visits, mentions fantastic people and delicious food"
OB5aSaPWy0g0mEv9jIJTsg,positive,0.8,Positive sentiment towards the local butcher and their ground beef brisket for making the best burgers
tNcyMzmKlzCizdH4SBunbw,positive,1.0,Positive comments about food quality and service
E8J67U2CO0jJtYp-Ukh_hg,positive,0.8,"Positive comments about Caesar salad, fried calzone, and friendly owners."
zAAG7-5MOq6C5dzIh5dO6w,positive,0.7,"Positive comments about food, friendly owners, and enjoyable experience."
dLcL1to4dOEOmVngP_PfMg,positive,0.99,Positive experience with amazing food and generous portions.
NzCtMKphG06Q0aPHCKQQjg,positive,0.98,Positive experience with delicious food and good service.
ZxXfOMSiKC2_mFHCaDXLDg,positive,0.9,"Positive experience, great service, clean environment"
mwysix31CIhbGSByKcqZLg,positive,0.9,"Positive experience, consistent great food, highly recommended"
rrAYg_MDo9Ahv-s22psdVQ,positive,0.9,"Positive experience, favorite spot, good quality food"
5XJ7XYcbCoJUlKDZUrI9dg,positive,0.7,"Positive experience, good food, affordable"
TXpvXlNAvJcq9TsO_n9T5g,positive,0.99,"Positive experience, delicious food, helpful owner"
w4AYYFVLthrQ6SN767p3vQ,positive,0.98,"Delicious food, good variety, satisfied customer"
O4O38rRUst-dHAyjfXKm9Q,positive,0.8,Positive experience with food and server
UFJJQSDdFkvcqci_Ac0N9g,negative,-0.5,"Undercooked steak, unsatisfactory experience"
drnar5HHqDtDauxeVN55zQ,negative,-0.5,Several complaints about food quality and saltiness.
5xbEZ9dhEyZit32sLwwddg,negative,-0.8,Negative experience with food quality and saltiness.
Xbf-EcBPsfgmOB1qGy4IeA,positive,0.8,Positive service from server Mary and enjoyable food experience
5b396umj3-AoVNa0eW-Rgg,positive,0.9,"Great coffee, positive service, enjoyable food experience"
NyTnlWF0ZsN0Geqf7vL9gA,positive,0.9,"Positive experience, satisfied customer"
RVhh4u_z3P5rOgP01hFqFA,positive,0.8,"Positive experience, inclusive environment, satisfied customer"
9CuAqfNGapSsJ5nWKFgtXg,positive,0.9,"Positive comments about pizza, lasagna, and owner"
NnUFGm6HJOD_heW99Zz1dA,positive,0.8,"Positive comments about pizza, wings, and being family-owned"
p8yZKn-IVJC12ktvyAlgQA,negative,-0.8,Experience was racially discriminatory
QAOljRzuKCa5IEvEhRXOMQ,positive,0.8,"Good service, short wait time, 5-star rating"
QKwxqpXZdE1e3xOjyO4A1A,positive,0.8,"Positive comments about steak, sides, and staff"
LOu6D2Zw2RM4ZVw4CnyzmA,positive,0.9,"Positive comments about atmosphere, food, and recommendation"
Kk5pfDuPrZGg_zzA_I0Y6A,positive,0.8,"Positive customer service, great location, tasty food"
9YYX6ZRk9fo9UFbqp2NtDg,positive,0.7,"Positive customer service, enjoyable atmosphere, tasty food"
3wuGybpeyuU8ZPhSnEy3Rw,positive,0.8,"Positive experience at Famous 4th Street, complimentary cookies"
Tn_I7jONI8OgWjoIB7pTeA,negative,-0.8,"Unpleasant interaction with staff at restaurant, rude behavior"
uCAPuBlzXIlMeFM17SVE-Q,positive,0.8,Positive experience with food quality and quantity
08jdzGgv0xMMkoIz-TFFnA,positive,0.7,Positive experience with food and enjoyment of corned beef sandwich
4xwirOoyhDBY-tDJNOncBw,negative,-0.8,Dissatisfaction with service and long waiting time
yQNkg8QxIchGTtkio3qKnw,positive,0.8,"Positive experience, satisfied with the women and service"
kgkoDRBtedeDPdrGUtz3MQ,negative,-0.8,"complaint about bartenders stealing, negative experience"
YgND9fLZG-VMzdDVPUtQ0Q,positive,0.8,"positive experience, good drinks, great service, amazing massages"
-1QGQtlhcWtJVN5ETDOG4w,negative,-0.8,"Poor food quality, incorrect order, unsatisfactory experience"
fCTtq8UhohvUKwJw33zqoQ,positive,0.8,"Positive experience, great food, wonderful environment"
UpP2AnlTBmkAviuvVviZyQ,positive,0.8,"Positive experience, great atmosphere, delicious food and drinks"
AgeD1hMKA4sPfHkeRCnjdw,positive,0.9,"Great atmosphere, delicious food and drinks, enjoyable live music"
RRfH_15-B-qhP7Hk28qQZA,positive,0.99,"Positive comments about food, service, and atmosphere"
tukO0Rm2HoGuD3DevQ6_6w,positive,0.98,"Positive comments about food, drinks, and atmosphere"
qbtqspJwcWbQdG7hXCd2sw,positive,0.8,"Great place for happy hour, positive location, good beer selection"
TyP3t2FH6QtjMZcsW8pMaw,positive,0.9,"Great location, positive atmosphere, enjoyable features (happy hour, shuffleboard, beer selection)"
90YviajL2mu43sQ01ENZAw,positive,0.8,"Positive remarks about beer selection, apps, and seating options."
TvQN0sBrGQe7HUgrMgD8zQ,negative,-0.6,"Negative remarks about slow service, stale beer, and plastic drinkware."
53lsYsD7QO-x9kXEXpE6-w,negative,-0.8,Infested with insects
oGTwUT-p0qlP2brSbsd2ag,negative,-0.6,Poor customer service and rude staff
Hgt4z0voddp03mmVzTzojQ,positive,0.8,"Great ambience, good server, nice view"
-DvckWr9H5ckdXeXJOrjmg,neutral,0.3,"Positive aspects: pretty view, good server. Negative aspects: JW Marriott prices, feels like a courtyard Marriott"
-UT2fO-KTj8M84Z9vW6u9Q,positive,0.8,"Positive experience, mentions 'cute place overall'"
suQ9QBAeeisjMxSpFhD09A,negative,0.6,"Dissatisfaction with service, inability to accommodate group"
iiQwOVRxYZlHffEn17zMLA,positive,0.8,"Positive experience, beautiful place, would give another chance"
IXJJP5eJzJX01FAI41X1SQ,positive,0.7,"Good atmosphere, service, recommended for friends"
CCjVrW1imLiTwtL4OCAQbQ,positive,0.8,"Positive remarks about food quality, staff sweetness, and closing time assistance"
DmHzmQ5xiWifFSUOcFmFlQ,positive,0.9,Positive remarks about the hybrid Cuban sandwich and staff sweetness
1TRiyJGc0LcqNGRLY0XJmA,positive,0.8,Positive experience with love for food and enjoyment despite minor issue with saltiness.
OQXwSme2_2skxgcMZ9BDgA,positive,0.9,Positive sentiment with customer loyalty and praise for food quality.
K0fR179FxhtMjPlWOsBtQg,positive,0.8,"Positive experience, love Chick-fil-A, sweet tea, fast app order"
nb8kd9-NbLL9cpRdsuFvcA,negative,-0.8,"Long drive-thru wait, over-seasoned nuggets, rude staff, forgotten fries"
_0f1XRcfUyB6pQ0AGpQkow,negative,-0.5,complaint about price and missing grilled nuggets
LRcm4UM8nglFfTeIau9jNg,negative,-0.8,strongly negative feedback about food quality and taste
oXBtnWQAoai5oue9DoXBgQ,positive,0.8,"Positive experience, good service, fresh food"
3EkPlXvSvUU3uczJHOmTzg,negative,0.3,"Bad delivery experience, unsealed package, health concerns"
HChSZz9pVKfDMgWx-pWmxA,positive,0.9,Positive comments about pizza quality and enjoyment
8gk_eHmheIdueJSfBkM1QQ,positive,0.8,"Positive comments about food quality, location, and frequency of visits"
bsG_0g8-jpaxCA6XZz8QvQ,negative,-0.8,"extra charges, inaccurate menu prices"
w3IlySgBSAfCW-rxn_UGuw,negative,-0.6,"overpriced, inaccurate menu items"
_32xGGrYQTugg_PVc0O1Ow,negative,-0.8,"Overcharging, poor beef quality, and unsatisfactory customer service"
ExTtcYiBeoRz8VNlOZjI4Q,negative,-0.7,"Unfriendly staff, dish mediocrity, and price discrepancy"
S2j9AVO4N1Ksd8_ArHgdpA,negative,-0.8,"complaints about food quality, staff, and store ownership"
H9NYVMyXwFvquCKP4Mqanw,negative,-0.7,"complaints about staff, food quality, and store ownership"
DqROGpA5rFcvYZtHsgvq8A,negative,-0.5,"poor service, mozzarella sticks dissatisfaction"
boL1oIG7CSxlhN7LUhqrHA,positive,0.8,"good service, New York pizza claim"
slwsYLTTH8PlQrDVpBYAmA,negative,-0.5,complaint about pizza quantity and recommendation to avoid
_r4fMe9202o2HOKdPLFe7w,positive,0.8,"positive experience, helpful staff, delicious pizza"
x0t_6-R9ONmgIXAKQgEYyg,negative,-0.8,"high prices, poor value, negative customer experience"
Ni2h6gHsj86bxRqihJti2A,negative,-0.7,"unprofessional staff, rude behavior, poor customer service"
02UtLzKT7Q_x8mxLxSrGXA,positive,0.8,"Positive experience, recommended the place"
JxSHQHVHRPAmkMP2j-LozA,positive,0.7,"Enjoyed the food, had a fun experience"
J4htOALvTIZd6cP8OCZyGg,positive,0.8,"Positive experience, friendly staff, delicious food"
oMI1Fnz3fUgKPzUEA6ExOA,positive,0.9,"Positive experience, delicious food, friendly staff"
--FlNbnQrzpsppTrXOAN4Q,negative,-0.8,"Excessive complaints about food quality, delays, and rude customer service"
qrhwQYvs7vkqNPrbJ6RwVA,negative,-0.7,"Complaints about food quality, delays, and rude customer service"
6KPvid-xI8VfETwmSsN9MA,positive,0.8,"Positive comments about pizza, price, service, and meal value"
fwnfz5rVuseF1BHPOA9zOQ,positive,0.7,"Positive comments about pancake, scrapple, and service"
8v7EcsEJoXMV5GNsEZE9Bg,positive,0.9,"Great meal, best price, fantastic staff"
_H7839308kkjFyuDbPJ2xw,positive,0.8,"Delicious blueberry pancakes, generous serving, excellent kitchen staff"
LY8_5tPgF6_5-yd_KpveCQ,positive,0.8,"quick and fast service, satisfied with food quality and taste"
woxLXSieA_9CFWTWvVGMuQ,positive,0.9,"friendly staff, food quality and taste, lived up to Food Network hype"
jrpGCx57qHrjdqMNoO0CqA,positive,0.8,"Positive recommendation, enjoyed the food and liked the Thai Brussels sprouts."
Wl_O3m4LANUB8aJILVBrCQ,positive,0.8,"Positive experience, enjoyed the service, ambiance, and food."
CQaumTfKXLhOr1MguxYwGg,positive,0.8,Positive comments about dishes and satisfaction with service
r32mNVwtEFVt_WWuYuoThg,positive,0.9,Positive comments about dishes and satisfaction with service
o0tOIuT1uJXsiTz1hYW9cA,positive,0.8,"Great dining experience, diverse menu, good service"
R28dAx8rT8XJOBcqO8xl0g,positive,0.9,"Great food, diverse menu, good service"
7lnbvubnWelE5siSx4QEEg,positive,0.8,Positive comments about food quality and recommending for breakfast
DkRmleJPxx83geU8o6Ah7w,negative,0.2,"Complaints about incorrect order, long wait time, and limited menu options"
FzI5ty9OXp2Ve17Xk6js7w,negative,-0.8,dissatisfaction with food and poor experience due to limited seating and parking issues
_Td38eEZK5RMVI24dHVqIg,negative,-0.6,"poor experience due to limited seating, parking issues, and distance from reviewer's location"
dBbBmVGSj0_HYEFmEYExXQ,positive,0.8,"Positive comments about food, mentions of favorite stop and new morning routine."
2xxFOKQpd0XN1nThcirUSA,positive,0.9,"Positive comments about food, staff, and morning routine."
HfNCwFOfdk_TTVS7Q_Vmgg,positive,0.8,"Nice ambiance, pleasant staff, best hot chocolate"
Kn1j_v9YxPBMaG8V9na09w,positive,0.9,"Nice ambiance, pleasant staff, best hot chocolate"
PsyEFrVvW67CAfx6oKyABA,positive,0.9,Excellent food experience and great customer service
V8flweFbTo8RPwd1qDHKMg,positive,0.7,"Delicious food, but service could be better"
s_0G_qPKEwOZsD7djJNZXg,positive,0.8,"Positive comments about drinks, enjoyable atmosphere during lockdown, and desire to return"
kxtflDsfCmpgenMzkIgV3Q,negative,-0.8,"Negative comments about servers, uncomfortable atmosphere, and wish for the business to fail"
2DH5aXDZd4o4B0MDzfYrXQ,positive,0.8,"Positive experience, friendly staff, great service"
pK8zHorrkcaHLLzD_bbf8A,positive,0.9,"Positive experience, friendly staff, enjoyable atmosphere"
uzL9_64WWFqg5hrd9Fp7Mw,negative,-0.8,"long wait time, poor service, unappealing atmosphere"
VK43z5Yji-teNmOf5Zm0zQ,negative,-0.6,"poor service, unappealing food, unhelpful reason for positive aspect"
TlVa5ULkxrJ_ShNs_K3vOA,positive,0.9,Positive experience with delicious tomato slice and quick service.
QuYOjJDc8sRo4zaM2yZlug,positive,0.8,"Enjoyed the tomato slice, but cold marinara sauce is a minor issue."
guVgsbwBVn8wAQxwC9l4Hg,positive,1.0,"Expresses enthusiasm and praises the pizza, calling it 'best of the best'"
Y64MyzaRe-9mOeEsG_PiqQ,positive,1.0,"Positive comments about the pizza, satisfaction, and frequent visits"
7c9p0zuSTEWjOKQAKrkpzQ,positive,0.8,"Positive experience, unique flavors, good for families with kids"
TZkFP81q8zVweg5mSKm3rQ,positive,0.9,"Great happy hour, positive experience, good food and service"
N7Jj0FzOYGcvGQo1pzpLmQ,positive,0.8,"Positive customer service, willingness to try other items"
PckFXgJFui1kKqHfT56J6A,positive,0.9,"Enjoyed happy hour menu, recommended dishes"
O86b73HcGUfACA-2D8PkDw,positive,0.8,"Positive comments about coffee, food, and study spot."
NoHB1czNV0sWC-YBjvAVqQ,negative,-0.5,"Negative comments about food, taste, and garlic intensity."
1kDp3vJMxb_ArORHQIp9Ww,neutral,0.2,"Average experience, mixed comments about food and service."
qd76iPGICmVQr0lD-IX8-w,positive,0.4,"Positive experience, good coffee and oatmeal."
dc1KG4__lTYp94_xEyAIjw,negative,-0.8,Customer unhappy with the decline in coffee quality and price
G-TNT5l8dTJVlDvpgx1XLQ,positive,0.5,"Positive experience, enjoyed the coffee and ambiance"
qipVaf9CWoFFV9GbjQnHiw,positive,0.8,"Positive comments about food, friendly service, and off-menu options"
h77mNLojzHNioBIJ34AjYA,positive,0.9,"Positive comments about food, atmosphere, and meeting friends"
7e7zwzoADRaHgMi7wUagBA,negative,-0.8,"dirty dining area, rude staff, moldy food"
dvUCrz6UiuqFrCkd1c4V1Q,positive,0.8,"good knish, pleasant staff"
nl0yktnCr7S6vwhyRgfutA,positive,0.8,"Positive aspects: large menu, affordable prices, cool staff; Neutral aspects: microwaved sandwiches"
4UIHo8wTHk1XRa8OpnceoQ,positive,0.7,"Positive aspects: aroma, cool staff; Neutral aspects: no negative comments"
kEO0bv50wNJkjnrUVffdaQ,positive,0.8,"Positive comments about food, speed, and workers"
cLrPRvFjz-Z8aibLKyhdew,positive,0.7,"Positive comments about food, flavor, workers, and sodas"
EOC2x1RDNfd8gpQxu1LpAw,negative,-0.8,poor customer service after long-term patronage
1HmFSBF49JGr9j1P2oh17w,positive,0.8,"long-term satisfaction, positive experience, recommended"
w_ShP7Sr9Rg7apr5UJJjuA,positive,0.8,Positive experience with refreshing piña colada smoothie and enjoyable customizable bowl option.
ppij35b7ufZoKicYsYy78A,positive,0.7,"Positive experience with tasty customizable bowl, friendly staff, and enjoyable atmosphere."
IDTxX-0xFIkdMB63sN8Ieg,positive,0.8,"Positive experience with delicious food, instagram-worthy place, and friendly staff."
Z4lIYXyNAPdZxMrVkYVnUg,positive,0.9,"Positive experience, enjoyed the food, and good for vegans and vegetarians."
_upOkEZZnrfw0NZRwQ_p9Q,positive,0.8,"Positive experience, enjoyed the food and service."
PKl-ob74XvKTyAabTs0OxQ,negative,-0.8,"Unhappy with food quality and taste, unsatisfied with service."
TfmDXzFzuCiRKl32bM1yUQ,negative,-0.8,"Old and hard food, poor quality service"
ou4ETWpMFQa6xVF88rPyeA,positive,0.8,"Fresh food, delicious, spicy veggie bowl"
79EmuP09uoZiqkgb-dAQgQ,positive,0.8,"Positive remarks about menu, food quality, and overall experience."
_jvQwUNbBhR3ddTvN-Sm1w,positive,0.9,"Positive remarks about food quality, taste, and overall experience."
ho5ircOOcRelBFgeNNRprg,neutral,0.2,"Average experience, unimpressive sandwich, forgettable presentation"
ueDZYb0gH3uzym-LzuNCOA,positive,0.8,"Delicious Poblano burger, sweet and heat jam, perfectly cooked sweet potato fries"
wWtfFFwpE1cl8An0Cc0MMQ,positive,0.8,"Positive remarks about cleanliness, food quality, and owner's pride"
Ez3h78EOrkLKictE8sRoqQ,negative,-0.8,"Negative experience with staff, late delivery, and rude behavior"
Io4lEukdQ9q5M0oyBZqgEQ,positive,0.9,"Positive comments about pizza crust, mozzarella sticks, and wings"
Iruj3kB16rblmNszDl19jg,positive,0.85,"Positive comments about pizza crust, mozzarella sticks, and wings"
U_GcvywxraZe36wx11_UrQ,negative,-0.5,"poor quality wings, high price, negative experience"
h9zyM0MaGWO1ozNBLdb_DQ,positive,0.8,"delicious food, positive experience, high satisfaction"
xJT799gT7ie0uSUsdQC0Nw,positive,0.8,"Positive experience, delicious food, satisfied customer"
wlgTmR1bQRvdY4wE-NJ92g,positive,0.9,"Enjoyable experience, flavorful food, satisfied customer"
QOzgekEO8HhRCsTZgjJxMQ,positive,0.8,Positive experience with food and service
p1h8jRA4oN-yIl9GL-jctw,positive,0.9,"Enjoyed beef shwarma, falafels, and satisfied cravings"
Q5jxeuJYy9i0eCEa0C_pHQ,positive,0.99,"Positive experience, authentic food, strong comparison to personal experiences in Lebanon"
AR8Hu0JiXci6SzaZmtcaGQ,positive,0.8,Positive feedback on food quality and worth of wait
Cg4BCaZj6FbzbkW-ZfOydA,positive,0.8,"Positive experience, would come back for seconds"
Yo8kDueGgL5CKczauvOd2g,negative,0.3,"Slow and inattentive service, food was decent"
KgJWaVSw0SJWHkkju5dlFg,negative,-0.8,"Unhappy with food quality and price, risk of food poisoning"
AnouvcvGyVLfLradEshcmw,positive,0.5,"Positive experience, nice atmosphere, good service"
NTIb-2QDdLamLgIxkC_QVA,negative,-0.8,poor food quality and overpriced
KHcEeIN4zzT-LffHH0n2DQ,negative,-0.6,"undercooked burger, high expectations"
0HyglMs0JgXRLx73lwCNeQ,positive,0.8,Positive service from server Maya
MzUceL6oKhUM9urfe2BQDw,neutral,0.3,"Mixed experience with food, positive service from server"
cD1zI91rRLxFUFbpQLuPTg,negative,-0.8,dissatisfaction with food quality and taste
oRbQe79PxboW5LuKzeoGyQ,negative,-0.5,"Customer service declined, bad attitude and energy"
jl5mL1ngoOcfvBCHEBN7tg,positive,0.99,"Positive experience, great food, excellent service"
afOsYLdn21aAr5b0B4Z-7Q,negative,0.0,"No response from restaurant, poor customer service"
mMbpLdENL83MyngGGe4DPw,positive,0.8,"Positive experience, delicious food, will order again"
US9GB0Mi49crDBiChp7ddA,positive,0.7,"Good experience, tasty food, will visit again"
oDhjgXQITYSmiyU2uRViRA,positive,0.8,Positive experience with crispy wings and sweet flavor
RgOq4f4-mgo5hwr5ZJHeoQ,negative,-0.8,"Dirty food, rock in salad, poor management (implied)"
b8csQCDEDVwJfeICrFOq1A,positive,0.99,"Positive experience, great food, satisfied customer"
ldpdWC5Um4m3D8EsVRkYBg,positive,0.98,"Great coffee, fast delivery, happy customer"
d5RHq_kY_aKPMpVVPLeKlQ,positive,0.99,"Positive remarks about coffee, owners, drinks, and food"
nT22n_CZJCStyNWMrAcINw,positive,0.98,"Positive remarks about coffee, atmosphere, staff, and food"
QYg0iloJnMY1dT_O2ZDFww,positive,0.99,"Great customer service, amazing and refreshing drink, will definitely return"
A6hHAMkyLlx6Ho5C5YYAIw,positive,0.98,"Great drink, excellent experience, highly recommend"
LU0mavz74uFaRaKBn-bsqw,positive,0.9,"Positive experience with coffee, consistent service, and cleanliness"
czt2Csooi9NyKxM6dO3_9A,positive,0.8,"Positive remarks about coffee quality, chocolate croissants, and staff"
9ZlrJTxRLH8kest_2N1CgQ,positive,0.8,"Positive experience, quick service, and enjoyable atmosphere"
VO2AnOW9ZT-cQTOIeGeWzQ,positive,0.7,"Positive experience, good coffee, and enjoyable ambiance"
w_W99A4uu8VtPfetLsXVNg,positive,0.8,Positive comments about food and atmosphere
ntyc7wUQW2yKklAQDH82Cw,neutral,0.3,"Positive aspects mentioned, but overall mixed experience and low score"
7g2M6oybGZ6g0VJp18cg6A,positive,0.8,"Positive aspects: good food, great server, acceptable pricing."
3VDbuozFHCq9twaCXgKJhg,neutral,0.3,"Positive aspects: fine food, competent service. Negative aspects: loud environment, mediocre overall experience."
EOkKqyJKk2CxMH62a1qeLg,positive,0.8,Positive comments about food and atmosphere
YMh-7N06ecqpUlGbcT2E2A,neutral,0.3,"Positive comments about drinks, negative comments about food quality"
AXVe4TPoue1VUJrQR2ZYjg,positive,0.8,"Positive comments about food, especially the bread, sambusa, and fassolia"
1pLtp0OfQorrq7lqVqwTHg,positive,0.7,"Positive comments about food, service, and yum rating"
SNouFgpn7tSed5rW7HV1bQ,positive,0.8,"Amazing food, specifically lamb Haneeth and Fahsa"
6bp3vxWUeb8LfIE9eXvf-w,positive,0.9,"Delicious lamb dishes, value for money"
sqi_BUREnWe8ThXyOTQCzw,negative,-0.8,"Dissatisfaction with food quality, lack of sauce options"
khyp2V5K7Jyrn0PFfpUMSw,positive,0.8,"Positive remarks about taste, friendly service, variety of options, and not being a boutique."
d7Li_681ChhJWqokOluQWg,negative,-0.5,Conflicting information about gluten-free bagels and poor customer service experience
B9MP9lb4qdkZCaFnMAT70Q,positive,0.8,Positive customer service and fresh food
1DxO_g3LLi5h9-3dUN9JLw,positive,0.8,"Positive comments about food quality, taste, and pricing."
JQ8C6eSa1CcC-PFRaundTQ,positive,0.9,"Positive comments about food quality, taste, and satisfaction with the menu options."
L8etcFugc5ZFJPpPaaSvVg,positive,0.9,"Highly recommended, excellent flavors, great value"
5Eue8g6OfEvG-t_VbEqE0A,positive,0.8,"Delicious food, enjoyable experience, good variety"
0wgvsrhVYo6RGSoHZSDkQQ,positive,0.8,"Positive experience, delicious food, good value"
GM6YKkHCZVm9oqZaYddbxA,positive,0.7,"Delicious food, reasonable prices, good value"
h46LX2k5g3vCMm0Vz5lfrw,positive,0.9,Positive experience with delicious food and consistent quality.
CCdizfCeV8pfuu7jYb9DyQ,positive,0.8,"Positive experience, better than In&Out, love the food."
HLdL-UMlXE0sHzsMKKftZQ,positive,0.8,Positive customer service and optimistic tone
fwIZGQtEwQHx2WVvMI9m0g,positive,0.9,"Positive experience, large portions, and enjoyable description"
QJlYOo5IJ1r7vNtSg-BTBw,negative,-0.8,"long waiting time, unsatisfactory burger presentation"
LY4KC1XSNX8NDkQepC-dgw,positive,0.5,"interesting place, satisfied with dessert choice"
cYjWnC4blqIoXk44qu948A,positive,0.8,"Positive customer service, good food, and strong recommendation"
yiYh04hdYRg2n1MGQM0Qew,positive,0.9,"Great food, excellent service, and strong recommendation"
plbzfbACXOfcRDwqDsCVBA,positive,0.8,"Excellent food, great customer service, memorable experience"
bXxVpOP93i9yvYl4gtYc2g,positive,0.9,"Delicious food, exceptional customer service, memorable experience"
cwSOTFckklRj1KsVL_P9VQ,positive,0.8,"Positive comments about server, food, and atmosphere"
DNbi-isZqlXwwQ5zBZNlbQ,positive,0.9,"Positive comments about staff, food, and views"
IRu33Vq4IPMF-H8_OSVfoQ,positive,0.9,"Positive atmosphere, great food, friendly staff, fast service, and delicious flavor"
GtoiQpZP0GOZFQ8VjRjypQ,positive,0.8,"Nice view, good food, friendly staff"
tavDmgynYNsl-Slkc5voXQ,positive,0.8,Positive experience with Cuban food and great service
Mzfi12laH2lcHlrgj37h-w,positive,0.7,Positive experience with delicious food and good service
qA-0RSgMIUuCdcSyk9VwPQ,negative,-0.5,"long wait time, inattentive service, bland food"
AKQ5exqR9oTfI5IXjjSKnA,positive,0.8,"excellent food, exceptional service, will return"
56ObEoLjIB3JZJow0HEKMQ,positive,0.8,"Positive aspects: Good food, great service, friendly staff, good sized portions, coffee refills."
u4_NcVoBvS-xudNX98M_EQ,positive,0.7,"Positive aspects: Friendly staff, good breakfast experience."
z__-M47Ny12e9eAYl4OHTg,positive,0.9,"Positive experience, delicious food, satisfying meal"
Z8frBzzjPesLIGvJbToT7Q,positive,0.8,"Positive experience, creative food, satisfying meal"
mW6JYRVFLAkZouQgtNvdTw,positive,0.9,"Positive experience, well worth the price, excellent product"
b-pSMWmJdNVh7qnQf3AR4A,positive,0.8,"Positive experience, delicious sandwiches, fresh ingredients"
P0gv-ERZEhDGUlUr54DehQ,positive,0.8,"Highly recommended hoagie, positive experience"
pSe5DPjDRST3o7VK-6b84Q,neutral,0.3,"Positive aspects mentioned, some disappointment"
CB_k6isznFMZ4nz2UK6KXQ,positive,0.9,Positive experience with freshly made food and great ambiance.
cGS5tXMgyMhb_j9B5N7kOg,positive,0.8,Positive experience with delicious food and enjoyable atmosphere.
EomqGLO5NqSGIFPskzAPKQ,positive,0.9,"Positive remarks about restaurant atmosphere, service, food (Beef Tartare, Mussel Toast), and overall experience"
7ktCGdWz0aMiuN6qj2KEgg,positive,0.9,"Positive comments about food, staff, ambiance, and willingness to return"
89X_PRpOd2WuDV3kkgLcKg,positive,0.9,"Positive experience, exquisite dishes, great server"
-_WVlCAilKZLGxyjfQtGjQ,positive,0.8,"Positive experience, delicious dishes, great server"
L07k_y44neUVCHi9ipygkA,positive,0.9,"Great service, delicious food, positive experience"
9I9jQmyCaC6RTP8TItLyqA,positive,0.8,"Positive experience, delicious food, highly recommended"
AqSBBFBfa-DSCUAQhHuECw,positive,0.9,"Positive feedback on food, service, and establishment atmosphere."
OvN0Xz8urKBPj9UkVAilaw,positive,0.9,"Positive feedback on food, service, and establishment atmosphere."
LyNvicV8S9im7HYPmTEmgQ,positive,0.8,"Positive experience, frequent visits, and strong recommendation"
RvgYWD1WcyeE5LnijiyhKQ,negative,-0.8,"Disgusted by raw food, poor service, and long wait time"
0oaDpBUejDsg-w9DtxtxRg,positive,0.8,"Positive comments about food, drinks, and BOGO burgers."
lpeZo7JFmaZxwS5sORS8RQ,neutral,0.3,"Positive comments about late hours and food, but negative comments about price and lack of vegan options."
3KIQ_gn_RQ8Qxhyf73CUUw,negative,-0.8,Experience marred by negative sentiment towards GM and unexpected gratuity
34NvDh7wla18GSfaSu5JMA,positive,0.8,"Positive experience, great food, and good service"
N-FF0mhTcjcakl3Rj1rkdg,positive,0.8,"Positive experience, clean place, tasty food, friendly staff"
WDXUgu_9RnLp_Dhhl3Mpiw,positive,0.9,"Positive experience, delicious food, adorable place, friendly staff"
kgkZjlfWRY4mtTSE40lnrA,positive,0.9,"Positive comments about dishes, soups, desserts, and staff"
OzDInWlkNGRvHO_P4cm6Pw,positive,1.0,"Positive experience, highly recommends and praises food quality and variety."
EvMsh6Pkgxa90tQcpKdJow,positive,0.8,"Positive food experience, kind staff (walked customer to their car in the rain)"
NJtBV-qq3yZxPYLksUpnHg,positive,0.9,"Delicious homemade pastries, friendly owner"
ZIkrOLy1mcOqXIYVjneaQw,negative,-0.5,"poor customer service, no phone number, difficulty unsubscribing"
zQnNc5erdteVuZCFzcMXPA,positive,0.8,"delicious food, accommodating staff, good customer service"
EmDJfrE1oP_GDv4Uj3zXgw,positive,0.9,"Positive experience, family atmosphere, delicious treats"
Yp7ur2huX1qMzRgiZMwqNQ,positive,0.8,"Delightful experience, variety of delicious products, eager to return"
RKF8NKdjO5wY5tCG0Xiqiw,positive,0.8,"Positive atmosphere, timely service, willingness to return"
Zl2Gl_qQupN7P2E1ix8pQg,negative,-0.8,"Poor service, rude staff, cover charge, wrong drink order"
B5t40V69RWUKVeGTKTn9KA,negative,-0.5,"poorly made drinks, long wait time"
Von7bsb1NouAJyLEzGBexw,negative,-0.8,"smells like an ashtray, scam perception"
xN6Np3ykpI541ljFriJtbw,positive,0.9,"Positive experience, great service, delicious food"
-D5fEXa69re8Fz8oDa0Glw,positive,0.8,"Friendly staff, enjoyable atmosphere, delicious food"
lED5E_uKC9Djx7eRP5VEnA,positive,0.8,"Positive experience for date night, great happy hour, attentive server"
V8gD-qZQenpjZQq5kaKswQ,neutral,0.3,"Positive aspects mentioned, negative aspect (no tequila in margaritas), overall balanced review"
h7im4uRWj_k2wLl3W2rOdg,positive,0.8,"Positive experience, encourages returning customers"
OGU045ddYdlIFdlAE_b-8w,negative,-0.8,"Unpleasant experience, rude employees, discourages returning customers"
oSdnd6KMOtyPQyWcyC9zLQ,negative,-0.8,Customer experienced long wait times and dissatisfaction with service.
7hqvMYWWUP1tmjRl97ThIw,neutral,0.0,"Review is about a business decision, not personal experience with service."
23wErB6lpKvy64KkdBOl1A,negative,-1.0,"Strongly negative language, complaints about staff and long waiting times"
RhyAp51Xk7-Xq-m9X_4z5w,negative,-0.8,"Negative experience, unhelpful employees, long waiting times"
_czLkecUDjssJ32vjg3m8w,positive,0.8,Excellent customer service and positive experience
AoUAyMZghO_WXNYHRIfIgQ,negative,-0.8,"Poor customer service, long wait times, and inconvenient hours"
C3K5zA7uKnpUR-XrYKTHkg,negative,-0.8,"Food not up to expectations, dissatisfied with taste"
jkdyU15bKw3SX7fFTenELg,negative,-0.7,"Poor food quality, unsatisfied with taste and experience"
U6hldwXQlyPNbj7EpFZkVg,positive,0.9,"Positive experience, great server (Peter), delicious food and drinks"
-_AUyHkLBqV1IAahVGCULg,positive,0.85,"Positive experience, great server (Peter), good food and drinks"
lyDkIzGHLIG6_X6MD7CFIw,neutral,0.2,"service slow, would try again"
04W111TB2YrjK6r6lpjPXg,positive,0.6,"good food, would recommend"
buUOMtm7kuU6KZfXRULkCw,positive,0.8,"Food was fantastic, friendly waiter"
zcps1y_ClwqUlP8aPC3wVg,negative,0.2,"Staff issues, food quantity concerns, average food quality"
Ff4xOWm2nGQxeiFj_b2lGg,positive,0.8,complimentary limoncello and willingness to return
xBO1oGIoa7t9XOuRcvEepw,negative,0.2,unwillingness to accommodate reservation request and cold outdoor seating
ofODI6xEgVazDEB0hRrIvg,negative,-0.5,"Overpriced, cold marinara sauce, small portions, and unsatisfying food quality"
LGyKSakoFTH6OFlXB1Vw6w,neutral,0.2,"Decent food, BYOB advantage, no major complaints"
Xx8QHEOQikmAJ_W9R6otLA,negative,-0.5,"Excessive price difference, unanswered phone calls"
eDkVCeVJmxd0n0Dk_jt9vg,positive,0.8,"Positive experience, flavorful food"
YJ2LiVWJwcb4OfJlXRm7qg,negative,-0.8,Customer experienced food poisoning and had a negative interaction with the driver.
FKaM5B4Sc4TeBF1cWSeuhw,negative,-0.7,Customer had a negative experience with driver harassment.
QYlKSQpQT-9j2tJiPZhOjA,neutral,0.0,"Review is about a closed business, no sentiment expressed"
PSzGSHoKN_tub-E3xmE0rA,negative,-0.5,"Complaints about hookah hours, staff favoritism, and lack of community support"
1PSJh_BM5VVsOGGPoZiEGA,neutral,0.2,patience required due to small restaurant size and high volume
5NyXIQu1By9eo9iXbi3aww,negative,-0.8,Dissatisfaction with pad se ew and wrong noodle type
k53g8r0VyyYdTKli4gYJ2Q,positive,0.8,"Positive feedback on food, service, and prices"
Ztpa1896NzjW9KSESsoyOQ,positive,0.8,Positive experience at birthday party and enjoyable atmosphere
YwPmTHxO8q6cabAwxxR8QA,positive,0.9,"Great classic diner, wonderful food and service"
5cxsux3tc8dIKAzoPSlRlg,positive,0.8,"Positive comments about service, food, and cleanliness."
45LO4FGQoIRXUS466ezcug,positive,0.7,"Positive comments about service, food, and cleanliness."
Bvc0UQktxdh7Wja8_iPJaA,negative,-0.5,long waiting time and average food
xwaGW63dXU4UNSkmQKexQw,positive,0.8,"delicious food, friendly staff, pleasant atmosphere"
RaHi1qOz399zSt-fsVLCKg,neutral,0.2,"Friendly service and Tex Mex food, but overall unsatisfying experience"
T42qqZFpjCu0fxviMxqJsw,negative,-0.8,"Overly salty food, poor service, and unsatisfying experience"
Gl5Pnm0t2uiRe5ltnxjYfg,positive,0.8,"Positive comments about food quality and enjoyment, nice customer service"
yNR-FnnLkpTV0PUi4TQFPQ,positive,0.9,"Positive comments about food quality, enjoyment, and customer service"
Axqz-S0lnPzc5VdOcw3KCw,positive,0.99,"Great food, excellent service, and positive experience"
phgjKXKRqBz-gQHLXThRag,positive,0.98,"Delicious food, great service, and enjoyable experience"
cnjg8hdQS_dzEN83s-BX8w,positive,0.8,"Positive aspects: spacious restaurant, good variety of dishes, affordable prices."
mABrzFWNLCJa3lDPZviivQ,positive,0.9,"Positive aspects: big portions, good service, affordable price."
X7DjTkJ-1LtMUPGPcjEy5w,positive,0.8,Positive comments about food and service
IyE8bFZNO-RqZUAxFueUWQ,positive,0.9,"Positive comments about food, flavor, and service"
uvgETpuev2Ue6X6s6hJV5Q,positive,0.99,"Positive comments about food, staff, and lemonana slushy."
mpXC-01gatIplukWHcWkuw,positive,0.98,"Positive comments about food, staff, and ease of eating healthy."
GaBbPFvTWe3M4y5WQuY5jA,positive,0.8,"Positive experience, delicious food, and strong recommendation"
C6H9kMUcOkoe7uxdOvwsvw,neutral,0.3,"Average experience, positive aspects (tiramisu), but no strong recommendation"
Z3uqEa6sZ15GBFxYXcbbew,positive,0.9,"Positive experience, favorite Italian restaurant, happy about its return"
BEnHgSblAS7C-NHNHQzr1Q,positive,0.8,"Positive interaction with owner, enjoyed the meal, specific praise for meatballs"
VCAdhyzdFeDIgyvRGaXjCA,positive,0.99,"Positive experience, excellent food and service"
Xp4CLwHmGbuPdCvuBc2Lkg,positive,0.98,"Delicious food, great service, positive experience"
ziLyD9cXtbogf5dG3uzoLw,positive,0.8,"Positive remarks about food, appreciation for the restaurant during pandemic"
BCtfpXvYCW9J1GZ_j3mgKQ,positive,0.8,"Positive remarks about drinks, food, and service."
WZR9nTTgpbsqeljMXwDOdw,positive,0.9,"Positive comments about food, enjoyment, and looking forward to returning"
iELX9Z0VfBoTzsq2sCXz-g,positive,0.8,"Positive comments about food, ambiance, and desire to return"
KBWMJhPCaSxjlWKAvyNkWw,positive,0.8,Positive comments about shrimp burrito and overall enjoyment of the food.
nQtf3kaWS38G6rIT22gDaQ,positive,0.9,"Positive comments about food quality, samurai party tray, and desire for customization."
hrj42BoflLH7LGDaIgbPSQ,neutral,0.2,"Initial negative experience with staff, but positive about food and prices"
1Q6fPHuFypO_fR-u9uSF2g,positive,0.6,"Positive experience with food, service, and prices"
cl8fNJViWyUB7o1CBmET4Q,negative,-0.5,Customer was asked to leave the establishment before sitting down
xE7zrCbji-gf4Qahd1RL0Q,positive,0.8,"Positive experience, enjoyed beer and service"
lsEolQNvpBl38fNJ2JJ-JA,negative,-0.5,difficult online ordering and poor experience at the table
sTZxxCF6X_cjVgoL9oSMqQ,positive,0.5,"convenient location, easy online ordering, and positive experience"
FbLFT1V3thfVCVmAQHkK2w,positive,0.8,"Positive experience, kind staff, beautiful interior, tasty drinks, delicious food."
G6-0A-HzcEXpcB9CEOl_eg,negative,-0.8,"Poor communication, closed early, bad service, gratuity included in check."
JdjVwnNWMvdkfOx_osUqWw,negative,-0.5,Dissatisfaction with service and food quality
oDwiflwTUwDmcL35tUcCDg,positive,0.8,"Positive experience, still delicious food"
IINo9JCbMonskKx1wNiwiw,negative,-0.5,Deteriorating food quality
1uoofhPb2Ixk0HAsXQaSVg,negative,-0.8,Owner's controversial beliefs and concerns about food safety
b_NFuJzSt2FD-3DZjAnYLQ,negative,-0.8,"poor customer service, high price, disappointment in food"
kqP4VlCB3Sfv9ZX4xYvM_w,negative,-0.6,"unimpressed with food quality, high price, uncomfortable seating"
ICJ_hS9HeF3ZNSB3Q-j3AQ,positive,0.8,Positive experience with delicious food and cool bartender
gRbp7PqTYJrZdalYYwK04g,positive,0.9,"Enjoyable experience, delicious food, and recommended by the reviewer"
JRzI4pKGvZbSE4CXtTjNIw,negative,-0.8,dissatisfaction with food quality and taste
34OHHMTTfGUmUjg-cfJ4Ww,positive,0.8,"positive experience, great service, delicious food"
MC77XaZANvjuJmBfj9PCKQ,positive,0.99,Positive comments about food quality and staff
-Fgqodh0h_QQHFahLnrejg,positive,0.88,Positive comments about food quality and location
6-V7d9mB5I-sxnUu7Iecng,positive,0.9,"Positive comments about food and staff, reminiscent of NYC Chinese restaurants"
ZVzXSrWjtvUwc2Jq3EjT3g,positive,0.8,Positive comments about pizza quality and staff
GQ8ZWjJ3ZWzoqQbnOHfA1w,positive,0.8,"Enjoyed Chicago deep dish pizza, positive experience with service and food"
aI6B8aAGyqk1cz7sKqzXAA,positive,0.9,"Positive experience with service, enjoyed vegan cheese option"
n849ylJs3RRAqpkFLhs7Ww,positive,0.99,"Positive comments about food quality, enjoyable dining experience"
CesUEu7Q_RLmCgrS-HKxEA,positive,0.98,"Positive comments about food quality, consistent positive experience"
wGXoasq1vHnGr0sbrSITcQ,positive,0.8,Positive remarks about food quality and portion sizes
2Kd4H-4QZ-AMizukMbHDkw,positive,0.9,"Positive remarks about food quality, portion sizes, and being Tex-Mex authentic"
nCIjKrIlwGQdcPy4J7INLQ,positive,0.8,"Fast service, friendly staff, good food quality"
JDflmZS1uU7XCNXK2FijdA,positive,0.9,"Friendly staff, good food quality, positive feedback on dishes"
iuBdpdGmpdfK_6lbjIrgEA,negative,-0.5,"poor business practices, inconsistent pricing"
VunIBhElEn1abpdFJq_hew,positive,0.8,"fun experience, comfortable seating"
XsCafZ9oUHZkNBRSvadtpw,positive,0.8,"Positive experience, exceptional food, awesome service, fun and high-energy ambiance."
x5MrfHDj8guYOwuyLyqJZg,positive,0.9,"Positive experience, great food, awesome service, enjoyable atmosphere."
kALEQlJC8A482uJJWVNmgA,positive,0.8,Enjoys the fun experience and good food
bAQgsZi9aZSN46OpJRDfaw,neutral,0.3,"Positive aspects: Enjoyed the experience, Negative aspect: Unsatisfied with food policy"
KiV067Fjs2ssWy8MZ1nuzg,positive,0.9,"Guests raved about the catering, showing satisfaction and positive experience."
jsTSA8uRCq1S-lsfFzJOlw,negative,-0.5,"Poor variety, expensive price, unsatisfactory service"
g2bvggCjhWNx-UdG2gCcHQ,positive,0.8,"Positive comments about food, service, and atmosphere"
wSn47BVFgkM_327AcIufJg,positive,0.9,Positive comments about pizza quality and atmosphere
ypUTBmK6oD875YyqrMx7TQ,positive,0.8,Positive review about the sandwich and photo attached
dy2O4VROAKKnI6BtwfV8AA,positive,0.9,"Positive review about the pizza, flavor, and quick service"
y6WbumzR85vgiEGY8Mp_Dw,positive,0.8,"Positive experience, compares to Chuy's"
S9Vc63wcDBDDXzdRBpamKQ,positive,0.9,"Positive experience, recommends others to go"
gracn-twu4ILnMwqC4Dliw,positive,0.8,"Positive experience, great food, family-friendly atmosphere"
5QikNp5y0_BMKVBBvxwFNg,negative,-0.8,"Sickness after eating, negative experience"
4bVulBGq6lK42cSfDyW3ew,positive,0.8,Excellent service and personable staff
XmOnP_ZJmPzFdP3F8JJmCA,positive,0.9,"Positive comments about attention to detail, delicious food, and excitement to return"
jwoaa1HhMBkMRuQEj8gw3A,negative,-0.8,Dissatisfied with the fish taco quality and dry texture
DqgVHdj5GOu7dCOxJNvFiw,positive,0.8,"Good food, strong drinks, positive service experience"
yAeb1t8gEm5cbiScFt9KPQ,negative,-0.5,lack of seasoning and disappointment in a black-owned business
WxXocCOg04WaEQvnSOnKCg,positive,0.8,"best seafood, especially shrimp and pasta"
olgwwvfzua2LG01d8NOSGg,positive,0.8,"Positive experience, delicious food, family-owned"
sxqeYB_Z3VmXww0WSLfvjQ,negative,-0.5,"Disappointing takeout, high expectations not met"
5ls8cLyy90dNHrgaVf8puA,positive,0.8,"Positive experience, clean environment, good food, friendly staff"
E7rmE7-I7IFDPoJNCxyh8g,negative,-0.8,"Poor service at the bar, terrible experience, unhelpful staff"
nP8nBukTaBIsms-Tt9kGBg,positive,0.8,"Positive comments about food, ambiance, and service"
qFrLrXi66sQHXJbKkMvcdw,positive,0.9,"Positive comments about food, ambiance, and service"
LW53Hxdf87gQl00TNN3eiA,positive,0.8,"Positive comments about food, service, and recommending the place"
49dYpmIvtOuV8fxflT8NuQ,positive,0.7,"Positive comments about food, drinks, and recommending the place"
WvWVpanW4kTSBJ64FtUvXA,negative,-0.8,long lines and poor parking lot conditions
VZNb74wxNSlvPPamC8E8rw,negative,-0.7,"long lines, limited parking, and dissatisfaction with coffee service"
kgesCLG_LG7Tq2opO-UUgw,negative,-0.8,"long wait time, incorrect drink, rude staff"
ADf52ScWmWWaGRBfmTzjgw,negative,-0.6,"long wait time, incorrect drink, rude staff"
qvTqQXRx8t7jVVGOnv1dxg,positive,0.99,Positive feedback on food quality and enjoyment
i2H_tL3eUFyBXKImNCpXew,negative,-0.99,"Poor service, burnt food, and dissatisfaction"
3xWwKwgq0NigtDVB_ypudQ,positive,0.9,"Positive remarks about food, service, and hospitality."
iy3aOzT2Spb5clxzq9WgAQ,negative,-0.5,Dissatisfaction with food presentation and quality of service mentioned
L9zNe1ra-cfoSdrtBZ4KSg,negative,-0.8,dissatisfaction with food quality and price
TexzZTyqD76neIzLiRgiIg,negative,-0.6,"dissatisfaction with food, service, and ownership change"
EYsjiX2kHcR7GcrHrzdNGA,negative,-0.8,"Delivery issue, food errors, poor customer service"
r5KMsAzitpWmtZV23v18Cw,negative,-0.6,"Delivery delay, food quality decline, changed ownership"
hhCRPSxLSv3_5xozREMBcQ,negative,-0.8,"no food delivery, poor food quality"
KI1hBuoKZ2gZ-mkb7-BcTg,negative,-0.6,"poor food quality, unsatisfied customer"
OZIQUOi1yVpuXeT3hhz4DQ,positive,0.8,Positive experience with great food and enjoyable atmosphere.
obr8uMhr1X30d9AptaOZRQ,negative,-0.8,"Poor food quality, tasteless food, and disappointing experience."
UFtklImqUwIsLDRti-IC3A,positive,1.0,Positive feedback about food quality and enjoyment
6PT37bTxkLXg5vwrWs7S5g,negative,-1.0,"Dissatisfaction with food quality, hit-and-miss experience, and unfavorable comparison to other establishments"
KfUGHyxSpQqm7vYReYVlHg,negative,-0.8,"Unreliable hours, poor customer service, inconvenient location"
cf4AfxPZ2Q6g0VIOfRW7Hw,negative,-0.9,"Bad experience, rude staff, avoid this location"
TD62nIuGP3TEPQiYMp0U4w,positive,0.5,"Positive aspects: good service, hot and fresh food."
d-ihxVPhdtxeYI07y8JUOg,negative,-0.8,"Negative aspects: rude staff, disrespectful behavior, poor customer service."
Cj88IfjgdOXWYwMRH6El6w,negative,-0.8,"Nasty attitude, poor service, inedible burgers"
ee4egzcPYcboZiwUCMwYMA,negative,-0.9,"Overpriced, deceptive presentation, unpleasant experience"
MZwPwGvWF-NecBzYavUgww,positive,0.8,Positive comments about food quality and taste
amkvMlfxK5lPzV7gMj5Lfw,positive,0.7,Positive comments about food and enjoyment despite feeling guilty
Mih_AQSQGkcWpizvnKD0-w,positive,0.9,Positive experience with tasty food and strong recommendation
uix_BSwHBOl0LCny3AJXVw,positive,0.8,Positive experience with delicious food and satisfying meal
kKmFyPmJINMk-GdWXyCkqQ,positive,0.9,Expresses enthusiasm and praises food quality
8TduvPfsiNLFA6yIDsGx9g,negative,-0.8,Dissatisfaction with food quality and disappointment
A6C0LRF3xHxPB7nwpOCDlA,positive,0.8,"Positive comments about ramen, duck, and chicken with broccoli."
owMGf7g6pU7KJWtK58Pwwg,positive,0.7,"Positive comments about food quality, value, and willingness to return."
UqoaSZa2TzZYXUXpi5AkUQ,positive,0.8,Positive sentiment expressed about the place and food quality
Pk0FChRLsMCG5ZK-fWztLA,positive,0.9,Positive feedback on food quality and affordability
BmTDeoyra_LEmJdHGzaC8Q,positive,0.8,"Positive experience at Makkah, appreciated diverse products and services."
ZLbXGm_8CHOb23IbhMo74w,positive,0.8,"Positive experience, love the variety and homegrown feel"
7KCdDnlyKDSnZWxdNd7DUA,positive,0.99,"Positive experience, enjoyed the food and frequent visits"
ztF8OVIILrLWd5GuNxyRzQ,positive,0.98,"Positive experience, delicious food and friendly service"
ZZqCXgErvcDGin3bdvzmgw,negative,-0.5,Received incorrect order quantity
c3UrOXXrrUumB7UlyU7F2g,positive,0.8,"Positive experience, quality ingredients, enjoyable food"
6iD5JkBdCfxHwk9vhEAkfA,positive,0.9,High praise for sushi and positive comparison to other restaurants
nF3DiIKgaouvynPXawYrTA,positive,0.7,"Positive experience, good service, and satisfaction with food"
fk81K2RJKqqMiohQ9bNN8Q,neutral,0.5,"Positive aspects: fine coffee, great food, friendly staff, strong lattes.
Negative aspect: inconsistent staff friendliness"
jgzaZnVPExjw7SbVSvRdYA,positive,0.8,"Positive aspects: friendly staff, fresh ingredients, WiFi.
Negative aspect: None"
hiehnF9hUNAyhVcXlnVNvA,positive,0.8,"Positive experience due to great food, price, and quality ingredients"
wD2z3fRX4ySlt2rF6JBJFA,negative,-0.5,Poor coffee experience and average food
fepsr0YYxTE2crvuN9PMWw,positive,0.9,"Positive experience, mentions fresh food, flavorful dishes, and friendly staff."
pyy3P7PJp3uqowW60bfknA,negative,-0.8,"Unhappy with food quality, bland dishes, and unsatisfactory service."
1W5X63kNCTLgavIFt_esNw,negative,-0.8,"poor food quality, soggy food, disappointed"
KK0Ge0dQORYXoL_nhyiH6w,positive,0.8,"good food, fresh ingredients, hidden gem"
mGpfEVjNN3FMF6qxLTI0CQ,positive,0.9,"Positive experience, highly recommends, great sized portions"
AEGgG-KSua6hyBNeHB_6uA,positive,0.8,"Positive experience, delicious food, great sized portions"
YChLoip_91yQd3f9IBC0Yg,positive,0.9,"Positive comments about food, ambiance, and service."
F3o1VfRTV5Mf-gZpgRVm3w,positive,0.8,"Positive comments about food, ambiance, and service."
mkDPMNo1t3YkEBWE14WFig,positive,1.0,"Positive experience, loved the food and service"
4QRe_tzAmEg9ZpUKY0YXFQ,positive,0.9,"Positive comments about food, service, ambiance, and intent to return"
xBPXq9ivukyYe7ek-I9uQg,positive,0.99,"Positive comments about food, service, and BYOB option."
jM9PDvfgI0rS52ccqMuDUw,positive,0.98,"Positive comments about food, praise for pizza and garlic bread, and willingness to try something different next time."
7jroH6tvm6ht61Bqslq3vg,negative,-0.5,Unhappy with food quality and service
fWWbogYpjKkBTdi1QjRR2g,positive,0.5,Positive experience with food and willingness to return
B1IcFt849aAae1Dx0QY24Q,positive,0.8,"Positive experience, excellent food, bottomless mimosas"
NUBtkB04m67ER9sAX9TqnQ,positive,0.7,"Positive experience, great location, bottomless mimosas"
XL2434h6jzFPFZB7dfN1yQ,positive,0.8,"Positive experience, delicious food, satisfied customer"
J5gQxJzkviXhEgl25nTGFQ,positive,0.9,"Delicious food, fast delivery, enjoyable fusion options"
_30PiUWj61a_JYNp503d9g,positive,0.9,"Positive feedback on food quality, portions, and price."
XGpzUaNkOZzWo8oy1xxfBQ,negative,-0.8,"Dissatisfaction with food quality, portions, and possible change in ownership."
Xf4U3aN9wWQDSnWImTb11Q,positive,0.9,"Positive experience with favorite Chinese food, high recommendation"
9OcTQTvm89DWuBVbkQDvvQ,positive,0.7,"Positive experience, enjoyed food and delivery"
QHkYOUtKGsXi9k58knYi9g,positive,0.8,"Positive experience, great service, and nice atmosphere"
BheQHOBHKVuz1gOZbv7_Vw,negative,0.3,"Underwhelming food quality, average beverage selection, and disappointing service"
B9yB8NO4l6UH5lMv6sM72A,positive,0.8,"Positive comments about food, staff, and atmosphere"
qHTuIW39K3S8QslUknpsOw,positive,0.9,"Positive comments about food, staff, and atmosphere"
VyOVFUmswKoSQgBVNcfkFw,positive,0.8,"Positive experience at the venue, love the architecture and plan to return for food"
EGOAK9OO7ZKSJJx9MWop8g,positive,0.9,"Enjoyed food, especially cheese steak bao buns and Dan Dan noodles, plans to return"
JQ0F4FyjKm4DC6T1H6Y8MQ,positive,0.8,"Positive experience, delicious food, great atmosphere"
P1JB9L0A_pZBncPc2_iv9A,neutral,0.3,"Positive food and service, negative price point"
Bv6aIid1TnpY7-GUgCY63A,positive,0.8,"Enjoyed food, happy hour, and accommodating staff"
H39lDF4FjLTdbDHlpB9Txw,positive,0.9,"Good food, happy hour, and positive experiences"
5Ric_eKTe7ZdLD6epzFZaw,positive,0.8,Positive remarks about beer selection and pleasant service.
_DV5ERmBAwWoS-ZpA1yHRw,positive,0.7,"Positive remarks about food, beer selection, and service."
sI3D4VHYhsQEoLE2y5F37Q,positive,0.99,"Positive comments about food, beer selection, atmosphere, and hospitality."
Qo3ElRfVxsBbg_ws7j1YPg,positive,0.98,"Positive comments about food, beer selection, atmosphere, and hospitality."
Uz9R6Dz8FUyudriDQPs3Rg,positive,0.9,"Positive comments about beer selection, food, and visit experience"
0MkT1UTgYFqnZuTCgUFOkA,positive,0.9,Positive review of Hawkeyes pizza as the best independent restaurant and excitement for the new store.
ge-CvTm_FO7BMJXjnU-rmA,positive,0.9,"Positive words: Great, incredible, genuine, family. Positive sentiment towards food, service, and owner."
MvJDh_FJ9cfYX7tWsebzww,positive,0.8,"Positive words: Love, great, exceptional, clean. Positive sentiment towards food, service, and atmosphere."
Npsukwbrfwc-0YIIi6-vRQ,neutral,0.2,"Mixed experience, some positive aspects (tried beef dolsot bibimbap), but overall seems unremarkable."
1f33JFNEVSAtbfVEYTnzrg,positive,0.5,"Positive experience, considering trying a different dish next time."
NXnKz2r_AFxMnyIaZQ-c3A,positive,0.8,"Positive experience, reliable food, consistent praise for owner"
usJ3a9h2ShqnDDa1aYOQUw,negative,-0.8,"Long waiting time, poor communication, unsatisfactory experience"
4bYZ4F99CvCbSgUBIEOAzQ,positive,0.8,"Positive experience, great food, lovely ambiance"
w1Uj2K0O3w0anu4C3GnBYg,positive,0.7,"Positive experience, delicious food, great atmosphere"
VLVXTiqszngMrAArN_a_SA,positive,0.9,Positive experience reminiscent of Greek food memories
LFDedkU9V6wPDO9eCvZaAw,positive,0.8,"Enjoyed loukoumades, positive experience, looking forward to sharing with others"
XuR922G15JiSVW50vlBYwg,positive,0.8,"Positive aspects: modern, fun, tasty food; Neutral aspects: parking issue; Mixed aspects: not always best remakes"
YF-eZegVkvf-VQUx3pwO5Q,negative,-0.8,Dissatisfaction with food quality and preparation
AmMk5PICqcjDHS5bWTzfBQ,positive,0.9,"Positive experience, love the place, good portions, consistent food"
7s7BwCxn1xjn_m-86t0FwQ,positive,0.8,"Recommends the place, mentions big servings and busy atmosphere"
VxO8apU48knoOsyiIVQr7A,positive,1.0,Positive feedback about the food quality and enjoyment
y1kXFSU_XSyQIaJWAa1a3A,neutral,0.0,"Positive experience at Hard Rock Casino, no strong emotions expressed"
_6Io5h7XCATKyjewzrfi0A,negative,-0.5,"Restaurant smell, staff unfriendliness, and possible nose-blindness"
c_3LAaohns2FNJ_jF5Pmuw,positive,0.8,"Fast delivery, good food quality, friendly staff, and worth trying"
FiUPB0_7NLOOffan-U3J9A,negative,-0.5,"long waiting time, poor service, different taste in food"
Uz6PUhPZ0-Mo2Vyx76FI0Q,positive,0.8,"Positive experience, enjoyed the food and drinks"
KhTO8I6ny_9y6e8IZ31pZA,negative,-0.8,"long wait time, poor service, dirty bathroom"
GA_EgH5YOL30DX6dz5WuYQ,positive,0.8,"long-term patron, positive experiences, good food, friendly staff"
1B7QcYn2DjM8MkOD35jfAA,positive,0.8,Positive experience and enjoyed the hot chocolate and deep fried cannoli.
_OegFxUocfC1rsVJoPv0YQ,positive,0.7,Positive review of hot chocolate and deep fried cannoli.
c4rJko2A4U_5WeDtAxjWng,positive,0.9,"Positive experience, lovely cannoli, welcoming owners"
pZ4jdD8MHQf4eocpnc2elw,positive,0.9,"Great food, positive experience, sweet owners"
KsBSytMG6Yb4o0QHzzVDfw,positive,0.8,"Positive experience, tasty pizza, friendly staff, clean interior"
heoA2d9EevDvN3f7vNcQOw,positive,0.8,Positive experience with food and enjoyable location for people watching.
BtlPWAtf4Ftdnjh87vJ_hg,negative,-0.5,"incident with pizza, unsanitary food handling"
2I3Mj22QO6c83vX-1XyCKg,positive,0.8,"good food, friendly service, positive atmosphere"
xmIsWVpj9G91yl59mMyPEw,negative,-0.8,"dirty table, staff training issue"
N7NouDQ9C_vq-xpYPyIANA,neutral,0.0,"positive service, negative context (busy hour, bonus gift cards)"
L4o68Kxducc9gqikDhXjNg,negative,-0.5,lack of broccoli and poor customer service
XD_1w3KtpbYS9MLZsR87Fw,negative,-0.8,poor customer service and long wait time
Xjo_39tadz7TxtFSx5Biug,positive,0.8,Positive review about cookie quality and size
Jrmdtj9UZ4NqLGXAU6mCZQ,positive,0.7,Positive review with some neutral feedback about temperature
fyVqtKJExWSgL5opaf9_DQ,positive,0.8,"Positive comments about cookies, nut lovers, and the cookie texture"
nqM5X4stqfUl8e88BkjNcw,positive,0.9,"Positive comments about cookies, flavor options, and cookie texture"
SnGWwCHMGRvT00OzIocbQg,positive,0.99,Positive experience with delicious cookies and consistent quality
Gwb2BhC0YoP6ve1UNiYgKg,negative,-0.99,"Poor service, hostile staff, and disappointment with food quality"
51_XK7Mm1m8GsdsL4zpmEg,negative,-0.9,"Poor customer service, wrong orders, dirty environment"
4zuqb1xMmn3RUIlmlRwwXQ,positive,0.8,"Good customer service, fresh food, clean environment"
y0NE6fYTkXNQAjmf3evthA,positive,0.8,"Positive experience, staff offering amazing hospitality and recommending the location."
PN6gPR2EwD1lYGIBymn50A,positive,0.7,"Positive experience, consistent good service and satisfaction with food."
QK0HtnejDX8DHHBYCf_R6g,negative,-0.5,complaints about food quality and lack of sauce
YHUWwC5qIw3tKQRLsXqWmA,positive,0.8,"positive experience, recommends the place"
ePjQzoaopDxnjhYcmrVlIg,negative,-0.8,"poor food quality, bad customer service, political sign"
4zFRZlCbyc-FNmyfOuFS3g,negative,-0.6,"poor food quality, bad customer service"
skErzoBqe6d1mSzfa2h92Q,negative,-0.5,brandon insult and disappointment with food
LlniC_-J21vw5QR8DD54nQ,negative,-0.8,disappointment with food and brandon incident
SOGPPi67rw7Y0jiXSyGiyg,positive,0.8,Appreciation for patient staff and positive experience
TwuWxupINCSe4xuSxFThRw,negative,-0.8,Unhappy with slot machines and negative experience
AFHRKYkNkSLt2phNUZDAYw,negative,-0.8,"poor casino experience, below zero stars rating"
9wrLSEdntmhbMNtAXQnKTw,negative,-0.6,"poor casino experience, below zero stars rating, negative sentiment towards church bingo"
KdmCi5u0JGlH00JK5t4spA,negative,-0.5,discrimination allegation
RpF01F5zXiadySliowAtow,positive,0.8,"positive experience, good pizza, kind owners"
GaZq2nj4dJomKl2_ffT88A,positive,0.9,"Positive comments about food, customer service, and overall experience"
6-CGuvn9NvT-SBJxtmeX3Q,positive,0.8,"Positive comments about food, customer service, and overall experience"
pR75s-63sKXLo-mIJnkdeA,positive,0.8,Positive feedback on food and view
FwMNLWukt75aa0sMyMdM7Q,neutral,0.3,"Positive aspects (food, view), negative aspect (lack of diverse clientele and menu options)"
xrW2rBSJ3T9mzM4AIAT1Dg,positive,0.8,"Great view, positive history mention"
vYxEeAX5PiC4HXx_ywF75g,negative,-0.6,"Overpriced, disappointing food, crowded space"
l1pX9LlHo8IcfROtQ7xjKQ,positive,0.8,"Great vibe, beautiful views, good drinks, love the rotating menu"
cZUnXShbBQmAiyCF9Z8Sng,positive,0.9,"Great location, beautiful views, good drinks, enjoyable experience"
2p6yIvN4cwXxI71KVjK5rw,positive,0.99,"Positive comments about establishment, food, and staff"
OJkVVVsIgoGl9pR8lLUXdQ,positive,0.98,"Positive comments about food, establishment, and outdoor seating"
E15BsSJ-AjVrJIxxN8wJvw,positive,0.9,"Recommended, positive experiences, delicious food"
SOtsx5Byyc3YG2QDuZp9dg,positive,0.8,"Recommended, positive experiences, delicious food"
_kX5B6yD05cCLtyzPU-LQw,positive,0.8,"Positive experience, enjoyed the food and atmosphere."
glTxEM5idRxJYFUT0f5IJg,positive,0.9,"Positive feedback on food, enjoyed the experience."
6XErqZMooNMVTYkl-aw8_A,negative,-0.8,"Unhappy with food quality (grits, smoked salmon), negative experience"
UfsNuw95vvsM0xidIce4UA,positive,0.8,"Positive experience, enjoyed food"
QD1C324oQDW6gx9lzeUvcQ,positive,0.8,"Friendly service, yummy food, reasonable prices"
yGZdy6XIrO_oWJHmQPbXNA,positive,0.9,"Great service, delicious food, reasonable prices"
rdUFBkwiGEDqshoQ2TbHFA,negative,-0.8,"poor customer service, long wait time"
kzdMsS1rKstZqrf9tP-9VQ,negative,-0.5,"unhappy with ketchup incident, poor customer service"
sCRaFSlq4W57Vv8dsb9FEw,negative,-0.8,complained about poor food quality and freshness
QAGeyRAA95vYtiYNf3W_hQ,negative,-0.7,complained about order mistakes and poor customer service
85FTa56d7NjWAUrlM_Oy0g,positive,0.9,"Great atmosphere, cold drinks, and positive experience"
bTBvauuWcNlpxtri-B9NGg,positive,0.8,"Enjoyable experience, good food, and friendly staff"
-uKcCcMxYlfSgx6PjHfxyg,positive,0.8,Positive feedback on food quality and enjoyment
Y0PcxgGIjomqxKnY5x3L2A,positive,0.9,"Positive feedback on food quality, enjoyment, and unique concept"
Vhi7iWSxLp_9M_AILCXyqA,positive,0.7,"Food tasted good, customer would give them another chance"
XsZ3G2ZjmAUjj5P-NjXnTA,negative,-0.8,"Terrible service, staff with young kids who do not know what they are doing"
Kc7_OhdHqPsVOXIcoAX92Q,negative,-0.5,Order issue and wasted time/money
d3hW7r7m9JnAHNIuxNExVQ,negative,-0.8,"Order issue, unsatisfactory experience"
MIGPKHBfVQMxLy6xhfh2Ww,positive,0.8,"Positive comments about food, service, and rewards program"
OSLx1Zt2JgmkKSk0-wTcuw,positive,0.9,"Positive comments about food, service, and cleanliness"
3e9hRh9R-Rz-hP9lUu0UKA,positive,0.8,good pizza
p45uo1vNc42YqAPHTn_u1w,negative,-0.8,"long wait time, incorrect info"
cu9oq_13R3_70sHc_ObE9A,negative,-0.8,"dissatisfaction with meal, lack of basic items"
08lirQGxKd2NcHtVkoA6Ew,negative,-0.6,"dissatisfaction with food quality, aggressive language"
aJbg4zsCd97UzsrVk5YHNA,positive,0.8,Recommends the Cuban sandwich and expresses satisfaction
0QP-OLIjlXUk_ivWwyVFKQ,negative,0.3,"Dissatisfaction with changes in menu and recipes, missing favorite item"
MQGJUVleTIZiNyMf_UyA8g,negative,-0.8,"poor food quality, unsatisfactory service"
ChUtxDHuaxrOteN8GCAF8g,negative,-0.6,"poor service, unsatisfactory food quality"
ZGY26qe1eFt5EIQgabTmWQ,positive,0.8,Positive feedback on food quality and helpful staff
ReTEz8DAo4_vhax4lsutFA,negative,-0.8,"Poor food quality, unhelpful staff, unsatisfied customer"
1CD0YT2k61GHTKyZr7wdVA,negative,-0.5,Disappointment with shrimp summer roll and food preparation concerns
ydNS0S7PGkCLsc1QnI8BzQ,positive,0.8,"Positive experience, friendly staff, delicious food, good value for price"
TK0gMv6chXXbxCj5ylg0tg,positive,0.9,Positive comments about food quality and customer service
m8wHjK2xk9tVuiBJSHKx2w,positive,0.8,Positive comments about food quality and customer service
fqr3kGHVNVeNKTpQ1RV-iQ,positive,0.99,"Positive experience, great food, and high satisfaction"
HNfpSvaLvDyn_nMIKqbUIQ,positive,0.98,"Positive experience, fresh food, and good energy"
h1E0XtZ7xQ0ViOj8YVZBMw,negative,-0.8,customer experienced negative dining experience due to poor food quality and sickness
mVLRmZenUAhtXZ-eYmRyIg,positive,0.8,customer enjoyed vegan udon noodles and positive dining experience
JxSarMPXPPH2NqZBYfsS2w,positive,0.8,"Positive experience, delicious food, will definitely return"
aQ0QuSgtz5zfHSEA_ji57Q,positive,0.7,"Positive recommendation, recommends Kuchi Sushi"
zTuJ7h-bpx5p-0Rxvnfucw,positive,0.8,"Positive experience, great food, and excellent service"
kVBe8dKX57OA4xFUJZ5FzA,positive,0.9,"Positive experience, delicious food, and excellent service"
Q5LUzoRR8rjEHpIsX-JnvQ,negative,-0.5,Restaurant closed despite accepting reservations
9XVCh9-_QqZDYSJG0DFf3g,positive,0.8,"Positive experience with delivery, delicious entries"
jssGBezzGJlk5lH3Tsgfdg,neutral,0.3,"Positive aspects: good and bad experiences mentioned, 3.5 stars rating.
Negative aspects: no clear dominant sentiment"
JAPa_YpL548KtgPsDpOB7A,positive,0.8,"Positive aspects: best Mexican food experience, superb service.
Negative aspects: None mentioned"
gWcV2Gh4SzOfi4rsf0AX2A,positive,0.9,"Positive feedback on food, coffee, service, and overall vibe."
b7Sg3jB49dbdnf_0DpP8eg,positive,0.9,"Positive feedback on food, coffee, service, and overall vibe."
Xhrd4Y9xhwbjx4juyfE5ww,negative,-0.5,Food quality and taste not up to the mark
nxxGjhQXA4lrZbla50uKzw,positive,0.8,"Positive experience, recommended dishes, enjoyed the meal"
NIy8q1Ko_i7hs7QzKUYp0w,positive,0.8,"Positive experience with Ethiopian food, supporting small businesses"
h20g63YGnb0sKPqinWJsag,positive,0.9,"Positive experience, recommends the place for food, entertainment, and ambiance"
JBNtPENJsKnsDjke39SgZg,neutral,0.0,"Ambiance and service positive, food average"
oJ-BTUZG8mjFuElzeUEU3Q,positive,0.8,"Authentic experience, pleasant service, delicious food"
VVykxkWdNnMprcFHaXZoug,positive,0.8,"Positive experience at Victor Cafe, enjoyable live entertainment and praise for their outdoor space improvement"
NE-6y4LeXDT-rpKp6r_e0Q,negative,-0.8,"Poor service, mean staff, demeaning experience at restaurant"
3jk_zm_ybPQ4kJQ0LyErlQ,negative,-0.5,"poor customer service, unhelpful staff"
-1JTM3G8nQFlcBaWJ8Egfg,positive,0.8,"good food, positive experience"
JEJ4OAD947-hE-ICZdXN3A,positive,0.8,"Positive comments about food, better than Chesscake Factory strawberry lemonade"
bcEtL2VAyLWWF_ZTY-huqg,negative,0.3,"Negative comments about price, customer service, and dish preferences"
x0UxlPt_YFYfvgoEUdEcbA,positive,0.8,Great customer service and positive experience
TgcczaHxTfrL0r1v2Eq46g,negative,-0.8,"Order incorrect, food cold and unsatisfactory"
wz3zZcJXgiGTYHSTW7VSeA,positive,1.0,"Expresses satisfaction with food, praises the owners and mentions being a go-to spot."
pWKlcWLvlt7iUaE0fTt-gQ,positive,1.0,"Positive comments about food, owners, and being a favorite spot."
16uxDgl1QcPrJfrmTtMKhA,positive,0.9,"Generous portions, delicious food, no greasy taste"
iwBUNT0gZmSMu8ygYQbqUA,positive,0.95,"Generous portions, delicious food, no greasy taste"
oZL85wLAKEmO3k99GVD4aw,negative,-0.8,"customer felt unimportant, no WiFi"
ME2Wud8YqYAoCujS5tGh6g,positive,0.9,"excellent bread, friendly staff, quick service"
s2P9XlU73RysEICRdIq73g,positive,0.8,Positive comments about menu items and staff
DnPrnAyob3VJvQK0qW29Ng,negative,-0.8,"Negative comments about customer service, goods, and price"
dW84T1zfb3hkIk9kO8t4Ng,negative,-0.5,"poor customer service, unhelpful staff"
3yZlwgKsQpow5CGftlIddA,negative,-0.8,"poor customer service, long wait time, rude staff"
sYEqP8AWVYtpRrUDMg00iQ,positive,0.8,"Enjoyed the games, convenient app payment, positive atmosphere"
eE17R_Qbu2XkD5NJ2lmZZg,positive,0.9,"Great games, enjoyable atmosphere, delicious tacos"
Ai3mF50OWH4u_WAHU5foRA,negative,-0.8,"Health concerns, poor hygiene, expensive tokens, unsatisfied customer"
o5dHNfeQ5q61cRa9aNQX5A,positive,0.8,"Great bar, Philadelphia experience, satisfied customer"
6LJJK29grHQ5_yp8sZ42VQ,positive,0.8,"Positive experience, enjoyed mac & cheese and would visit again"
eeIqt7yJ3GBM1n2uC_myKQ,positive,0.9,"Great sushi, affordable prices, excellent service"
2IBeBeHfq_OC9y_tt4MGEg,positive,0.8,"Positive experience, enjoyed the meal and plans to return"
q_oF_WPWQaMsO9FU-CBaxQ,negative,-0.8,"High price, poor customer service, couldn't finish the meal"
nPITWAKqVnwktZu3my4Oug,positive,0.8,Highly recommends due to high-quality food and potential to be one of the best sushi restaurants in the area.
VVzH0Vt8Qbnl1FnuohYGag,positive,0.9,"Customer loves the food, frequent orders, and considers it their favorite Japanese takeout place."
tgiUX8Z-i3aeNfLqAwUBBQ,negative,-0.8,long wait time and dissatisfaction with service
_7hey02MCDFDH32sy5bKIw,negative,-0.6,"slow service, unfriendly staff"
wJ9h2jnB2m7ERaLNvZmXQQ,positive,0.8,Positive feedback about food quality and taste
oqsMzX87MHEIb4W8aHlK1w,negative,-0.6,"Delivered incorrect food, long waiting time"
uC7Tl6pr9xO3T2RyivmU8g,positive,0.99,"Positive experience, great food, friendly staff"
APp9raEnOKk9FkE383GN5g,negative,0.0,"Decline in quality, business troubles"
Jktm18g-rapiqtH5t7s_BA,positive,0.8,"Positive experience, good food, friendly staff"
KRaAoysADsyvn8CqDhDiuQ,negative,-0.8,"Bad food quality, burnt wings, disappointment"
vrlprpd_jiMmOe0naSOdnA,negative,-0.8,"poor food quality, waste of money"
nejWEV1fYKe6Eb1ecebu9A,positive,0.5,"good wings, nice atmosphere, love the pool tables"
K-eylOItpbElnVOoTYL-Ow,positive,0.8,"Positive remarks about sushi quality, portion sizes, and desserts."
-27or8KpMG8Iq9sPO0Tq2Q,negative,0.3,"Negative remarks about sushi taste, portion sizes, and overpriced."
8JAWnZAiX8YfXW2hK93U1w,positive,0.8,"Positive experience, amazing food, elegant management of noise issues"
3pHmW7xHKO6JA-rbA6fMKQ,positive,0.9,"Customer praises sushi quality, mentions owner's respect and kindness, and recommends omakase chirashi."
o_oTLfSrfym-r7FdaWSzow,positive,0.9,"Great sushi, recommended for date night"
NsIfeFznya3Yxjk5dALpPg,positive,0.9,"Excellent burgers, friendly staff, great atmosphere"
8CT3xy72joXD9FROlzyqEQ,positive,0.9,Positive experience with delicious burgers and great service.
WUjEaf1KwwFUawk8f0NFHQ,positive,0.8,Enjoyed the burgers and had a great service.
VypQ5VZvwlDp1v7Nt7nszQ,positive,0.8,"Positive experience, amazing food, good atmosphere"
JlPWRJzkHJ5qZnaFumxD_A,positive,0.9,"Positive experience, consistent quality, diverse menu, convenient location"
Rn8hSsdNuIM2us-v7bPUPQ,positive,0.8,"Positive atmosphere, delicious coffee, good food, efficient staff"
ElTYjWlXL-6EdJIJcxIQmQ,positive,0.9,"Great coffee, tasty food, friendly staff, diverse children's book selection"
tEDszwFITkvB13oWwVk0jg,positive,0.9,"Positive words and phrases: Love, local, community, great, tasty, clean, inviting."
m9FVZ6DhL20cVjBFABwLbg,positive,0.8,"Positive words and phrases: black owned, atmosphere, tasty, clean, inviting."
I8rw7zUAH5Q3pHFEaiXpDA,positive,0.8,"Positive comments about coffee, books, and tacos"
RfQNoc2Br6b_jvHDsui6nQ,positive,0.9,Positive comments about tacos and recommendation to try
mWlSJbseBuKj82_F4XF5IA,positive,0.8,"Positive words: fire, great, outstanding, delicious; Positive experience description"
bt5Emh5JmkpK4nX1bGfLVQ,positive,0.9,"Positive words: love, great, warm, inviting, comfortable; Positive experience description"
_yGL4rbi7qgGmyUglybisA,positive,0.8,"Positive experience, delicious food, highly recommends"
v63Yd1bldsCNplvXpKCDhQ,positive,0.9,"Delightful experience, amazing food, recommends for lunch"
vfx0yt3bmPcREiWazVx_2g,positive,0.8,"Positive aspects: great place for working, ample seating, quiet environment."
wVy55oJuTbRmTvcfhJ38lw,negative,-0.8,"Inconsistent COVID rules, disruptive employee interactions, quick departure."
Zm2QOQMjosx9phwRIcepLg,positive,0.8,"Positive experience at the location, great for students and work"
rMPtGyDSq-c0ha-HNnnwlw,positive,0.9,"Positive experience, great for freelancers and students, mentions ice cream"
yhe3ldDoSzkSxuWYq9eh6w,positive,0.9,"Positive experience, delicious food, highly recommended"
d_9Ktv4I9nI0XLzcLiALEg,positive,0.8,"Great food, enjoyed the meal, will visit again"
cylujf5d73ypUBwHY9bWdg,positive,0.8,"Positive comments about food, service, and recommendation"
VBPRyU0plegoEWPuMCHL7A,positive,0.9,"Positive comments about food, service, and recommendation"
heUXXj8CznDXPXxLiFsZiw,positive,0.8,"Positive experience despite vendor closure, excellent food"
OZt1zR8OpwCpE4TFIVt3bA,positive,0.7,"Positive experience, great food, but slight issue with meat quality"
I5B2iRpe11fyIZH9d5jiVw,positive,0.9,Positive feedback about food quality and staff
eRv2MxcI7Z-K9fQfkCQuPg,negative,-0.5,Deterioration in food quality and dissatisfaction with staff
WoCs8f0qP1I5i8d31049vQ,positive,0.8,"Positive comments about service, food, sides, and desserts."
QNjz9mrEIwsp-EbfxSAXSQ,negative,-0.8,"Negative comments about service, food, and dining experience."
dsF28RKUPEzgL2pnkPmJWA,positive,0.8,"Positive comments about flavor, staff, and portions"
BiRnoLutnxGCNSIJa8OSzQ,positive,0.9,"Positive comments about food, staff, and portions"
yh8eSVkEGgDN7jJnWrEcYA,positive,0.8,"Patient staff, flavorful food, satisfied customer"
49QcOQ5xG7zfsmEFv4cJBA,positive,0.9,"Great service, delicious food, satisfied customer"
kZAVinNyFB9xmTXXdmBU-A,positive,0.8,Positive experience with tasty food and accommodating staff
VMv6A7PwGf_DNmy1xjTjqA,negative,-0.8,Closed early; unsatisfactory experience due to unexpected closure
ypqMQ022svngTQ9b7CSn4Q,negative,-0.8,"long wait times, rude staff, restaurant closed inside"
-JzotmMQy6_yYgUIblkVHg,negative,-0.8,"long wait time, poor food quality, lack of communication"
JyzXpbdz8bGbyk-WJvFNog,negative,-0.8,Customer had a bad experience and won't return
ht_unoBQz_3q-zHhMETD3A,positive,0.8,"Positive experience, enjoyed food and service"
SuDIuoLgo9RFC5kkUaFuEw,positive,0.9,"Positive experience, amazing food, great staff"
alkil8FWoYni-o5eNQyF2w,positive,0.9,"Delicious food, satisfied customers, plan to return"
9Ufy6Cg4b6sRmFYeZd2M_g,positive,0.8,"Positive comments about service, burger, and side dish"
A10BtoJep5ESolKKTIWHuQ,positive,0.9,"Positive comments about the burger, fries, and recommendation"
ZE-ssWY9vEO0ekhrPUEb8g,negative,-0.8,"multiple negative aspects: out of items, rude staff, slow service, disappointed customer"
B9weOifiiLx9Q06rJHdBBw,negative,-0.5,rude staff: 'She practically threw my order at me'
qnVGNGv6u_MudeBm7uPGVQ,positive,0.8,"Positive remarks about hidden gem, prompt service, clean store, and generous owner"
hTvFEtOZSMKbQ357nDPu8Q,positive,0.7,"Positive remarks about drive-thru, quick service, clean store, and supportive owner"
fiw5TM7pm2eTf0b0bxdK8w,positive,0.9,Positive experience due to amazing sushi and prompt service.
UdF-mZed6Q4RyShqHaNlCA,positive,0.8,Positive experience due to delicious sushi and willingness to travel for food.
ux9bFIqRvqpjLm6ergXT_w,positive,0.9,"Positive comments about food quality, friendly staff, and efficient service."
A4Ls894fbQKNzEl5Z6eyUA,positive,0.8,"Positive comments about food quality, friendly staff, and efficient service."
FMHZoNHsxF7nERG0cH4C_w,positive,0.8,Positive comments about food quality and fast service
ktD8_AiqmhYlYfVkN46IyQ,positive,0.7,Positive comments about bargain breakfast and coffee quality
bKRYYaA5-0lBkQA7zZfUyQ,positive,0.8,"Positive comments about food, location, and atmosphere."
3EkcsWYMdvEy2yajxIYObQ,neutral,0.3,"Positive comments about food, mixed comments about service and temperature."
BgCWMyBSUGicCIm9fH3nng,positive,0.7,"Positive remarks about food, drinks, and atmosphere"
vjJ0i4Pcf4gdsIUaZrX8cg,positive,0.8,"Positive remarks about food, drinks, and atmosphere"
CDqMsh7wi3ncpdwJpfvEgg,negative,-0.5,Reviewer dislikes the margaritas but appreciates the bartenders.
5nmSUDyjPJqgBp6khtEFhg,negative,-0.8,"Overcharges, bland food, and poor dining experience"
-zixQUNfG4oeszifsOkdJw,positive,0.8,"Positive comments about food, atmosphere, and service."
EeTOHmnx8Lp83a5Pc1LC-A,positive,0.9,"Positive comments about food, atmosphere, and service."
qJr2Tpv15ABV1xDi4dM8Jg,negative,-0.3,"Server not friendly, chicken issue, different protein experiences"
56Tk5yJNNbm0TAxMJc5Y2w,positive,0.8,"Best curries, fresh and flavorful, highly recommended"
Bi8w6-tR1mNpdZ6WOCfEPA,positive,0.8,"Positive experience, enjoyed the food and memories"
K8x9mrOe3opHb2zcsvTu4Q,neutral,0.3,"Average food quality, price increase, might give a second chance"
4UHBy6lsZeMjq0L1fo-hVw,positive,0.8,"Positive experience, tasty food, recommends"
K3q2Drz7TGjhlFSom-0ytA,positive,0.9,"Positive experience, good value, recommends"
_s37R8YfvEPxZPadX6FnNQ,positive,0.8,"Positive experience, delicious food, and a great atmosphere"
vcJDH47_SbhRBGq_b0PKWg,positive,0.7,"Positive experience, enjoyable food, and a classic diner vibe"
ih-17gZrMgaA7GFLJAjTGw,positive,0.8,"Positive experience, enjoyed the food and latke."
noiLDPYBYCh0o2FssoJLFA,negative,-0.8,Disappointment with menu changes and overall experience.
qvOMVBwg20sAoVTvvmCEkQ,positive,0.8,Positive experience at Ybor City cigar shop and bar
s-0uBKLV5SP1yq0nlfturA,positive,0.9,"Long-term patron, highly recommends the Old Fashioned"
fxMo6oYlcY9eGb0rkgjbGA,positive,0.8,Positive experience for the reviewer.
W61xrf9VhQe-cxUA6lMgTg,positive,0.9,"Positive atmosphere, enjoyable experience."
uXPo54fFEO2rBwleUK8cyA,neutral,0.2,"Positive aspects: decent food, willingness to suggest calling ahead."
t18m6QmTIdRDRG3HyJV_dw,negative,-0.8,"Unhappy with food quality, intent to never return."
QLQWl-wru3jt_9YD-wRyXg,negative,-0.8,"Dirty ambiance, strong burnt oil smell, unpleasant customer experience"
KDEyaPkiwFJE8wb0Fs2YZA,positive,0.8,"Delicious food, becomes favorite spot, room for improvement in customer service"
CWYMYVJXEw96L76HRffyww,negative,-0.5,Closed at the desired time
hwJ4fd-HwQ6eqOdrM_2Ukg,positive,0.8,Great lamb and exclusive experience
vOAs8zT_wGRSv0Eb4Md4vw,positive,0.99,"Positive experience, delicious food, and strong recommendation"
k0g9CEwYkiYcjjZBPY8JEw,positive,0.98,"Delightful experience, exceptional food, and strong recommendation"
LOJ0jhlDYPJ6_Ph94t4N3w,positive,0.99,"Positive experience, friendly staff, amazing food and service"
a-Tgt7efPufU9k8cxcELrQ,positive,0.98,"Great dining experience, delicious food, friendly staff"
KNFa7zAimDfOOHsgxSxoOQ,positive,0.9,"Positive experience, great service, delicious food"
LK29tZTliO7_wf7c19rWdA,positive,0.8,"Enjoyable atmosphere, good food, consistent service"
OSRw1rruvrVsVHZrkKaYeA,positive,0.9,"Positive experience, great atmosphere, delicious food, fast service"
iR0Sc6zXrvXQ8KD-M7EcJg,positive,0.9,"Positive experience, great atmosphere, delicious food, fast service, family-friendly"
ldUD319lscQTV8-ohQS-qA,positive,0.8,"Positive comments about food, tea, staff, atmosphere, and TV views"
JWHgWRpEVNfKSyZwc193rQ,positive,1.0,"Positive comments about food, spiciness, and substitution options"
ESKXeqTTjZu2uz3duvasSA,positive,0.8,"Recommendation, Positive remarks about menu options"
UC9pXpP1C71KnfZqoVucLQ,positive,0.8,"Positive feedback on soup flavor, balanced taste, and recommendation to check out the food Instagram account."
Rchyr-geo-oZbrkYZGHw2g,positive,0.9,"Positive experience, delicious food, and good service"
woHI_szLsZqZFgn-Va0zdQ,positive,0.8,"Positive experience, delicious food, and good service"
n90FHRnLDnpYfdKZQTzGdA,negative,-0.8,poor crowd management and disappointing experience for anniversary dinner
AtUDUeOCty-dPH2_CpphcA,positive,0.8,"Delicious wine, great food, unique upstairs experience"
4Z2pvXQT9Ht6FOmqwyGnrA,positive,0.8,Great service and impeccable experience
UExKVR6ICGS2D_zuS0gMnA,positive,0.8,"Positive recommendations, stellar service, and high recommendation from friends"
3kI1uGPUEecjyC6Sg7V0Ig,neutral,0.0,Positive service but negative recommendation
_CVw5HgiVCxfFFDbJK0J-A,positive,0.8,Enthusiastic praise for strawberry smoothie
ZJvFbY5THGuS1QdTB4EnYA,negative,-0.5,"Dissatisfaction with hot chocolate and coconut milk tea, preference for ceramic mugs"
gnoeG_ZMXBLVJncojKocBA,positive,0.8,"Positive experience, enjoyed food and drinks"
BlcW77CzWy782eB_0WMHtw,negative,-0.5,dissatisfaction with food quality or taste
t_2BWUxL_d0LUZwsH1Sweg,positive,0.8,"positive experience, recommends the restaurant"
h5KKdwErzcZlX7oZFSLelw,positive,0.8,Positive comments about food quality and taste
2EQsZEY2FccbA-zI7gv2yg,positive,0.9,"Positive comments about food quality, taste, and event location"
0H4wAFQHHpIGzqs_VWxlPA,positive,0.8,Enjoyed the Baby Back ribs and overall positive experience.
cFLI9sC2w1btf7oUzdn6lA,positive,0.9,Recommends the oxtail meal and happy to see the restaurant open.
GTlFZNEvkdT2tGodrTECvQ,positive,0.8,"Efficient, friendly staff, great food, clean environment"
oLreGiHNjEw-tAuxVviYlg,negative,-0.6,"Poor food quality, staff attitudes, decline in quality"
rM5N7T_ro8uCTEctzqa4aQ,positive,0.8,"Positive comments about food quality, size of portion, and friendly service."
YC2Vv9rM6JszxWk8bWhgKA,negative,-0.5,"Negative comments about dirty glassware, poor service, and unsatisfactory experience."
OiiictceWD1y0Y6JP0rDog,positive,0.9,"Positive experience, best cajun seafood boil, loyal customers"
rWqKASaR6_z-QR92Jv3Qkg,positive,0.8,"Great food, clean environment, attentive service, satisfied customer"
AMRGSicotefRGT6O7M275w,positive,0.8,"Positive experience, delicious food, great service"
xvo34r_-Qy6UL2ZN4t57jA,negative,-0.6,"Disappointing meal, lack of garlic flavor, unsatisfied customer"
JJvQTAlZnXfEdiTHhUPrHw,positive,0.9,"Positive experience, enthusiastic praise for croissants and staff"
EdZ4PIMZRb2io-rT5aCj_g,positive,0.8,"Positive experience, praise for shop and staff"
SgwJ7tNKWZ_1Pymx3RIdVQ,positive,0.8,Positive comments about bakery items and friendly staff
vPwOcJ4_xbg5ncQ9JXiyXg,positive,0.7,"Positive comments about store atmosphere, staff, and pastries"
mYDvr2XI8yTyEiYIX1lARQ,positive,0.99,"Positive customer experience, excellent service, and highly recommended pastries and sangria"
O347Fvji1vSGvtzLpIFXBg,positive,0.98,"Positive customer experience, enjoyable sangria, and recommended by the reviewer"
xFCTCBg1wv4R-sex2jBMIw,positive,0.8,"Positive customer service, enjoyable experience, tasty food and drink"
ivzNjsBdW0Rnc-vAQHHqZQ,negative,-0.8,"Poor food quality, specifically tostones and barely seasoned meat"
_sArT3sEvZNfQgbmWdDpPQ,positive,0.8,Positive experience with yummy Cuban food and staff comments
WrdvrcrSSNfbJvw-R_eX-w,negative,-0.8,"Unpleasant experience due to high prices, rude staff, and not authentic cuisine"
5V9zzlGNavkf3f5WzlTN-g,positive,0.8,"Positive experience with bartender, enjoyable ambience"
mO51-J1BpoKQCOLLqVNXYg,neutral,0.3,"Positive aspects mentioned, negative aspect about wine choices"
slEERZiXlYl7H3zq8d_YBg,positive,0.7,"Fun atmosphere, solid food, worth checking out"
0BNXJzsg8OZvXN_w4GsZCg,negative,0.3,"Mismanaged, inconsistent experience, confusing atmosphere"
z27M-uyVM9SGjd7bZIYAEA,negative,-0.5,long waiting time and tasteless food
uIRM0BkGJR0vVSWqitVT5w,positive,0.8,"fresh, delicious, highly recommended"
wrQlJ2EIZi7H-hnz8lQOLQ,negative,-0.8,Unhappy with food quality and taste
YP6SPurcVY7ib0lIsTQpTA,positive,0.8,Positive experience despite delivery issue
kXMMfvYVbjkdo4wkR2EyUg,negative,-0.8,dissatisfaction with food quality and taste
5JyIE_bAXdnrAQ9IBx4UaQ,positive,0.8,"positive feedback on food quality, taste, and prices"
rmbfn2JrGDDweqOctHIwdA,positive,0.8,"Positive remarks about fresh food, flavor, and lunch option"
SAQQ963L5Js4wVgTyLXmcw,negative,0.3,"Negative remarks about not meeting expectations, average taste, and better option at Jersey Mike's"
09_hyohkv07-I0hNrIrxGg,negative,-0.5,"Bland sandwiches, lack of flavor, cash only"
o-3zGabw-kSl8Rxfy7t2gg,neutral,0.0,"Positive experience, good for first-time visitors, mix of positive and negative comments"
-kf_I1b-8bxECtbiDui-Nw,positive,0.8,"Positive experience, yummy food, long queue expected at popular places"
cG6BhoLXqXJDX2oGKHKyUA,negative,0.2,"Long wait time, high price, unsatisfied with value for money"
2KPilz8sokerGt7yCZZmbw,positive,0.8,"Positive experience, enjoyed the food and sauces."
-GFNeHS04Dh41JhmmpXjCw,neutral,0.3,"Positive about cheesesteak, negative about pizza fries."
PCkbbl5RAPTI_bssz-afWw,negative,-0.8,Sloppy service and dissatisfied customer
GdJfrrSSxqKLNAxpYAqcgA,negative,-0.6,Disappointing experience and dishonest recommendation
omtCtBLM1jL0hF8JVwa-4Q,negative,-0.5,"Pricey, dissatisfaction with menu options and pricing"
E7VBJkTzQw7GcXAWmeXWYg,neutral,0.1,"Positive taste experience, negative pricing concern"
3IVsPNKZ3WhHZL_PcsdduQ,negative,-0.5,"flavorless, expensive, unsatisfied"
uvuOvrRdXue9jO_OqVEfHw,positive,0.8,"outstanding pizza, pleasant delivery experience"
UMCOlLLBcBQbnRoWjanjvg,positive,0.8,"Positive experience, nice outside bar, happy with the food and service."
7PXwK5tWHaIOLF54m2oIeQ,positive,0.7,"Positive experience, enjoyed the tapas, liked the atmosphere."
uh8AS9v6yUEw2LqBfgKXxA,positive,0.8,"Positive comments about food, Sangria, and dining experience"
PpPibLC_Un9Qt3Gr0c55RQ,positive,0.9,"Positive comments about food, Sangria, and dining experience"
YSmpwEzzz4aVKG9y03LtmA,negative,-0.8,Unhappy customer experience due to rude service and public confrontation
nAN1XdqxxO7Jv9oZVcV0Yg,neutral,0.3,Positive aspects: Paella and wine selection. Negative aspects: Pricey glasses of wine.
A4wqWNzkX9q0Lwjfm0vXIQ,negative,-0.8,"poor service, horrible food, better alternatives mentioned"
EO4hxHhYrO2ZYeUMN2FFrA,positive,0.8,"excellent service, good food, family-friendly atmosphere"
8ZvYo3hFkALw0l7wBNb1Lg,negative,-0.8,"deteriorated food quality, raw dal issue"
6L5Ku_CrtxgONGiO4cHLmQ,positive,0.8,"good food, satisfied customer, recommended"
_7svfnTJe6xV0d95kSr1kw,positive,0.8,"Positive comments about food, service, cleanliness, and willingness to return"
FyQ1hxLyaeoWWa3NFx4D1w,positive,0.9,"Positive comments about food, enthusiasm to recommend"
yqkSQjl17_E_VgJxXvr_cg,positive,0.8,Positive remarks about food quality and taste
fK8Q-CzQzLa7uovJSla3DQ,positive,0.7,"Positive remarks about food quality and taste, balanced with mild criticism on sides"
iDjlhs0avh8Qto_PoXVJxA,positive,0.9,"Positive remarks about food, portions, and service"
a4F-lBA9ZD0QeLY1AdfKMg,negative,-0.8,"Contains negative remarks about experience, food issue, and restaurant staff"
uzWzfmLRngF-4ssyDbSzBQ,positive,0.9,"Positive comments about food, staff, and promotions"
RdrtEXnMUUrfAMQy-BOEIw,positive,0.8,"Positive comments about food, staff, and promotions"
bxeu2y0S7nBdLnfZpO9d3Q,positive,0.8,"Great food, enjoyed the meal."
hHBsQtzhF2mMhiyH78POaQ,positive,0.9,"Delicious food, speedy service, looking forward to returning."
Y010YJFNWM5QT5fKuP9KqA,positive,0.8,"Positive experience, recommends the vanilla swirl dole whip."
3rlHssIaIBp3AL8xdIeNDA,positive,0.9,"Positive experience, excellent service, highly recommends."
aDnOV6WbM3VLd0l2x4_gMg,positive,0.9,"Positive comments about food, drinks, atmosphere, and frequent visits"
ofsnINP-8dPiBxXTiTQEgA,positive,0.8,"Positive experience at Sutton's, great location near Maas Building and Temple Regional Rail station"
rzVqf675SN9dz-hYha4vFw,positive,0.9,"Positive comments about food, atmosphere, and staff"
EGGu8bUg8epewylDofF7YQ,negative,-0.8,"Dissatisfaction with staff absence, empty restaurant, and unresponsive drive-thru"
DadH1yId6vfednDjCyp1vQ,positive,0.8,"Positive experience near home, enjoyed roast beef sandwich"
le1Wf9x4tQiKPDAg9HG-Kw,positive,0.9,"Positive experience, enjoyed decor, food, and furnishings"
WHgB__q91o2qjw-GXBTMug,positive,0.99,"Positive comments about ambiance, food, and staff"
iNRVtUpqxjJXQD-Rvc6-rw,positive,0.98,"Positive comments about food, ambiance, and staff"
JKV0s3I3Yl_-eeVCa_NitQ,positive,0.8,"Positive experience, friendly service, excellent food"
W7YEFadBg45GoJ3-Cyrsgg,positive,0.7,"Positive experience, good food, satisfactory service"
4dPJjpZtdCQCnZ_evgiY5A,positive,0.8,Positive experience with fresh ingredients and attentive service
y5IVmRjwuaGPV154992DIQ,neutral,0.3,"Inquiry about the status of the place, not a direct experience evaluation"
h5XGGcfQt2tzwqN8ySgQIA,negative,-0.5,Inconsistent business hours and poor communication
EAAKnjZx7n6pBbOoTEu2UQ,positive,0.8,"Positive experience, wonderful staff, and great food"
goFK0xPrrr9Y3LGxm_35Yw,negative,-0.8,"declining food quality, subpar service"
5uoLworjW_CrljM5jrl6fw,positive,0.8,"amazing food, great service, positive staff interaction"
d7NYGrpEkyNaaSAClS3FNA,negative,-0.8,complaint about dining experience and possible expired food
-1QM7FpZ1hZxZYy_c6bpJg,negative,-1.0,customer experienced food poisoning and blamed the restaurant
--QiqBhLkAXbjwSF1ah5cQ,positive,0.8,"Positive comments about food, cocktails, and service."
8dwJk-v_zIt-Uz-wTyFUjQ,positive,0.9,"Positive comments about food, cocktails, and service."
4WNeDExMGvpQAc1CZrh4cw,positive,0.8,Positive experience with delicious food
u_tYV-AObKjV9XC9M4Wd8w,neutral,0.3,"Positive aspects mentioned, but overall unsatisfied"
GK2Y_bT1Dqqumvor6j2FOw,positive,0.8,Positive feedback on taste and intention to visit again
BG6dWq87peHq_ZYckSWGgg,positive,0.8,"Positive comments about food, milkshake, and staff, with a slight negative remark about the price."
BwxJlOc3E9yuynPIaM9sOw,negative,-0.8,"Food not fresh, mold on bun, issues with order"
6F83Ok1nbTnnBUxgbasZcQ,positive,0.8,"Great neighborhood spot, solid beer selection, good food, highly recommended"
xtekBhgpzneaUdOuNPmGUA,positive,0.8,Positive review praising food and recommending visit.
gTCdLHAoA5WF-u5KYJ8L7Q,positive,0.7,Positive review with praise and return intent.
Nrt5nL38nw0ittWk72RvYA,positive,0.9,"Enthusiastic praise, positive language, no complaints."
3P-vDf6QTAifU-j2UIRGqQ,positive,0.85,"Positive description, enthusiastic, no negative remarks."
m4DGkzn4GGSnnpakHuVyPg,positive,0.9,"Delicious, fresh, highly recommend."
v92cT_jCC4e89nbWxE-sNw,negative,-0.8,"Discriminatory service, no greeting, will not return."
qNPijbPcgRHsRvOrk_sFOg,negative,-0.8,"Rude phone staff, no info, poor customer service."
f_VeJE_5r-Q8Cn-zf7ScZg,positive,0.6,"Comfortable setting, tasty Ethiopian food, pleasant experience."
hED8Kl0EmUGqQ79iaHv5_g,negative,-0.9,"Poor portions, bland food, disappointing experience."
fBNWMriy3Cu_4weWRe-R6w,negative,-0.8,"Small portions, undercooked lentils, unsatisfactory value."
EkgnH1Vbcjs4GkJRyOxkVg,positive,0.8,Positive review with praise for food and service.
xWaSUMPU6a9lAUc22V_Mnw,positive,0.6,Positive overall with some minor complaints.
gnNLekglbqW2RY2OefOJ3g,positive,0.8,"Positive language praising food, atmosphere, and hash browns."
ii3C0oh3v-QWJQlsVmxBbQ,positive,0.4,Mixed but overall recommendation positive.
z3gNl1XL6mk1h69OqBzYFg,negative,-0.7,"Long wait, poor communication, mediocre food."
nwxUYJML31OdKsqQxALO5A,positive,0.6,"Good happy hour, tasty food, fan."
KMQnW-943RMYg_cku1YAFA,positive,0.95,"Enthusiastic praise, positive language, high recommendation."
hA1-e8JbaJwo43UhArTKsA,positive,0.85,"Positive review, praising food, service, and return intent."
nIpe-kyNwhcUI0Ku2TGaSQ,positive,0.8,Highly enthusiastic praise for food and service.
QPIgDHqcN1yqlEukEdlspw,negative,-0.5,Food quality poor relative to price.
ALfY2oEviLzw3suFJk5T2g,negative,-0.8,"Rude staff, long wait, poor service, unsatisfactory experience."
MpVQHU9hzTEk_G70207irw,negative,-0.4,Good service but disappointing food flavor.
hkrB6rzDpEM_KwxodTr1KQ,positive,0.8,"Enjoyable atmosphere, tasty food, plans to return."
Kki_A97YVIxHv31lZeIhaw,negative,-0.7,"Poor service, incomplete bowl, disappointed, may not return."
9WCLNkAwaDSiWpEsmyfwnQ,positive,0.9,Positive review praising food and service.
FFlaeZCOnq69G9F0-xRzHA,positive,0.85,"Positive review praising food, service, and packaging."
x53cP0T6qLzAjJX00d32eA,positive,0.8,"Good food, fast service, recommended."
FFQKbsw1KF8XBDGfQpFHRg,negative,-0.9,"Food poor, missing meat, unsanitary, no return."
VU4St9HzSJms0zm7I3J4Uw,negative,-0.6,Frustrated about poor service.
nC-oC_5hBe969YoGLkAmvA,positive,0.9,Highly enthusiastic recommendation.
lAijVZOPL8XOtP42nTTGbQ,positive,0.6,Positive overall despite small sandwich.
HuVR0EiTpNehic-NMqadAw,neutral,0.2,"Good food, but negatives balance sentiment."
19ENaRgbwlmoA42ELTzPow,neutral,0.1,"Mixed positive overall, but chicken undercooked."
Oiw_YGTJGVdVvJVbyyYPHg,negative,-0.8,Extremely dissatisfied with food quality.
c7XjOWgHHuDCWRC0pL4-Gw,positive,0.3,"Positive food praise, minor hours issue."
kijHq50QOi7kYmyjgdBVFw,positive,0.9,"Highly positive praise, great value, recommendation."
nOzloVm-3GzAMvcuNAIXIw,negative,-0.7,"Positive opening, but strong negative criticism outweighs."
-HNrVuUjraXBcPZUBQZOZw,positive,0.8,Positive review with praise and future intent.
O0Ghe1Slhc2w00hSCLWZ-w,positive,0.8,Positive language praising atmosphere and food quality.
lX8104ZV-YnBtMt_drpYbw,positive,0.9,"Extremely positive, praising food, service, and atmosphere."
pkk1KPRA-rmZM5HN1Gn1Ig,positive,0.95,"Strong praise for food, service, and atmosphere."
Uea5-4OF4eJ8pLoAf5C-tg,positive,0.9,"Consistent praise for food, service, and favorite dishes."
LkTpaaNCIBjWOWqhkqOudQ,positive,0.4,"Consistent positive experience, friendly staff."
_YRLCrbpFSq7St49WOXWeQ,negative,-0.8,"Food delayed, cold, poor service, negative experience."
Quv9bS701blvt5Z6loS00g,positive,0.8,"Delicious food, great service, satisfied with menu."
EGOQEwYZUK-NqZoMSzkhNg,negative,-0.7,Disappointed by wrong drink and low quality empanadillas.
ND5scuufBWkiJqUsL4tVrQ,positive,0.9,"Very welcoming, good music, excellent food, highly recommended."
cMFRDOuJimZBNq0y7c_NZQ,positive,0.85,"Delicious dishes, enthusiastic recommendation, positive tone."
YWUWGtEQ63SBo7iZVXQPJw,positive,0.6,"Positive about food, negative about availability."
eMUp5HrfQywGYQzplDbolA,positive,0.9,"Very enthusiastic praise, repeated 'can't get enough'."
NOU9Hg3owbkYS-R1hNFjwQ,positive,0.9,"Enthusiastic praise, no complaints."
3oyIVFxaaf5D9kMXK5yvWA,positive,0.8,"Positive review, no negative remarks."
8bqh93oMfZekaTn5BMpKmQ,negative,-0.7,"Food underwhelming, price too high."
rMnQCdpFHdv3fBJw6r8WRQ,negative,-0.8,"Overpriced, subpar food, disappointed."
1cxvRYgrbeKbOvEy1qrvBg,negative,-0.85,"Long wait, unresponsive staff, no food, negative experience"
FQ6uDCFkqzHTPc351wwdoQ,positive,0.6,"Good food, drinks, decent service, overall positive"
cwphkOddyVQotGqmzVfrIQ,positive,0.8,Expresses gratitude and positive experience.
yfuHj2MKlYqAPI-0N0alUA,negative,-0.6,Criticizes restaurant involvement.
-nHMv3IJ5djQ_T6Q7Wk8Ow,negative,-0.9,"Poor customer service, lost items, frustration."
ubh0SYFWrTFZOYYmJa8VKA,negative,-0.3,"Clean but disappointing, below expectations."
h1fupSTirEzCrawO6qiseg,positive,0.6,Positive review highlighting strengths and potential improvement.
4NHD8a-iNiceevnm8U9rjw,negative,-0.8,Negative review with poor food quality.
oNFFtUJx-Xe_udFfq692KA,positive,0.6,Positive overall despite minor issues.
CcW01xV_gZZ-_JFIWJE01A,positive,0.7,Positive review with praise for service and food.
bKavUuSoYemLEInkMKsN8g,positive,0.8,"Positive review with great views, seating, beer, and open air."
JbOj7zTS25LTgZy6uJWUTw,positive,0.85,"Wonderful spot with great views, beer, service, and outdoor seating."
vEtOEgl0AitMAFrLTboHoQ,positive,0.6,"Good food, views, minor fee issue."
cMSYizbpt8L47BTltAqVSg,positive,0.7,"Excellent food, atmosphere, minor odd request."
o-kS3AqoiyflihCyY2yLOw,positive,0.8,"Enjoyed food, ambiance, and convenient QR ordering."
ItcjmO9kh1sAGclhf02Dew,negative,-0.6,"Takeout food reheated, unseasoned, disappointing experience."
s6jwi4m9owmi5xCZRK2kcQ,positive,0.8,"Enjoys favorite spot, loves food."
h0yjM5K6-PzJ2nZmHbUVtw,positive,0.7,"Positive about omelette, likes short rib."
oegbCDJFAi-NT9Oko2dPXw,positive,0.8,"Consistently good food and service, excited about indoor seating."
J9Dhgesojmeuc3ii-idoFg,positive,0.9,"Excellent food, coffee, and service, plans to return."
Xf3bPbM4FH2NGMxwFCz8qQ,negative,-0.8,"Rude bartender, unfriendliness, negative experience."
Nvjn8O64wxG7TzAsTpUu9w,positive,0.6,"Positive visit, minor regret."
857bpL6G91dwdFZpxiv6eA,neutral,0.0,"Average experience, neither good nor bad."
GLxCyPISCBmWcD8fYdK7GQ,negative,-0.8,Very dissatisfied with service and closure.
aRcuOPeUZUSGj_tQvmRVcQ,positive,0.9,"Highly enthusiastic praise, recommends strongly."
iBg6XGrH7fCftBGKSIIp0Q,positive,0.85,"Enthusiastic endorsement, highlights multiple positives."
2GYuAL2DP5Hl4ryLbBrGWA,neutral,0.1,Mixed frustration and gratitude.
gWBz1tqsTH15G08-LHRhZw,positive,0.6,Positive about outside dining.
t4b_EZtdvgkB0QfdxKQF9g,positive,0.8,"Delicious food, excellent service, enthusiastic recommendation."
-Xy-jAhgSAaj1iIwUZlqnA,negative,-0.9,"Offensive language, disgust, refusal to eat."
HTUcwSDEiTVVIQL-Fwz6kw,positive,0.7,"Pleasant patio, good food, pleasantly surprised overall."
YmPt9kw4vOPEbIKoYkc8LQ,negative,-0.5,"Poor service, food average, overall negative experience."
AoMI2st6yKtE5684wNPdAA,positive,0.8,"Positive review praising food, staff, and consistency."
DMSSnt4IlcHbNsAhqdDaPg,negative,-0.9,"Complaint about missing order, no refund, frustration."
S3JrW7ZEF065lKI4WOv2gg,positive,0.8,"Praises food, staff, and breakfast; overall positive tone."
yZa3ffBWf3HWahcdOy4FhA,positive,0.4,"Positive about food and service, but notes high price."
WnfuxIsoFz--meRsBpx-JQ,positive,0.8,Food quality exceeded expectations.
9nXwtBG4NgiCmbm9vpWWfg,negative,-0.7,Order mishandling and poor service.
aUyFl7Rh1S0qy_oKw5q8Eg,negative,-0.8,"Poor value, unsatisfactory food, will not return."
bz1psjyCoUiVwL0p-kJH2A,neutral,0.0,"Mixed positives and negatives, overall neutral."
sYOZHHz2XF1mlEjreWjZnQ,positive,0.6,"Positive service, friendly staff, good atmosphere; food average."
9uDvgtRiVi9La8W3oav27Q,positive,0.9,"Highly positive vibe, charm, eager to return."
YQyEJ3GDrZmhTJedMHQ1FA,positive,0.8,"Positive review praising location, service, and recommending again."
tyqdWk6_u3C_i97S4tWf6g,positive,0.85,Positive review highlighting ambiance and future visit.
-efUtULhtUkxOggulpbTyg,positive,0.6,"Positive tone, mentions to-try list and new menu."
Er79_WXA-SgMzHjetsmL2w,positive,0.8,"Grateful, compliments, thanks to author."
QgifEuE7H6_SyM85Mfgxng,positive,0.9,"Positive language praising service, food, cleanliness."
D0Nvyn-q_8ac1QjZAxqZag,negative,-0.8,"Criticizes cheesesteak quality, taste, and disappointment."
dgmGzJCwXnRyAhIGDQFXCQ,negative,-0.9,"Denied service, poor management, staff shortage, negative experience."
7D4TTviiRUapAYQDUkrQJA,negative,-0.85,"Filthy store, dirt everywhere, staff shortage blame, no return."
R_5K0Vab4A5wFblNWYKL2w,negative,-0.8,"Long wait, bad odor, unsatisfactory food."
jl0gQGfbzN3Q0JiEE5GGJQ,positive,0.9,"Great atmosphere, tasty food, fast service."
TBEbQ_OF6TBjGaL265ontw,positive,0.8,"Positive review praising food, service, and return intent."
sNjLJyp9gauZ5gZK2a2YoQ,positive,0.7,"Enthusiastic praise for food, music, and overall vibe."
M2f8YQrPklV9bxTVk5HfNg,negative,-0.4,"Food oily, flavor lacking, needs improvement."
GYh3-rc5yIyWnLG_yIvzfw,negative,-0.9,"Discrimination, poor service, manager indifferent."
k65nqTo1ientpG30o-8SVw,positive,0.8,"Excellent service compensates for food mishaps, overall positive experience."
DpG-dY54ipv8ekWe9_oSsg,positive,0.95,"Great atmosphere, food, service, owner personal touch, highly recommend."
Av4P73T5UtUNRK1CMTjGgA,positive,0.95,Extremely enthusiastic praise for food and experience.
Y5G1qQjcbGN-bJPFGx2RzA,positive,0.92,Highly positive review praising wings and fries.
xTXtv9nib6QY7_OFHkuUPw,positive,0.9,"Extremely positive praise for food, service, and owner."
hvs5EwgqJt6QsZ4OaBBajw,positive,0.6,"Positive overall, some minor criticisms."
aHXxL0dBOBEn9AT60ml0qg,positive,0.8,"Cute, quaint, 8/10 rating, recommendation"
kH14Qh0mrMB1zdtXBk3LTA,positive,0.9,"Excellent food, friendly staff, group-friendly, high recommendation"
OE83tpsbT-kkp8gNBgEAOw,positive,0.8,"Positive language, praise staff and food."
ygaLBC2gro0bE2nmnKR0mg,positive,0.85,"Positive language, praise staff and food."
AvDsAOqN6NJo3qhZdSCu0Q,negative,-0.7,"Food undercooked, service lacking."
8prLT4U3XsUU_B8aicfatg,negative,-0.4,"Order missing, service issues."
NvA9ML-s-fOnz-AWXilT9g,neutral,0.1,"Mixed feelings, mentions loud environment."
P_I2ZQs7oMeRnpB90LZCEg,positive,0.8,"Positive language, praises freshness, quality, flexibility."
8ytzZqAtfFHbZCwP9APdWQ,negative,-0.7,"Criticizes service, urges improvement."
9fhSTWNA2G3p_aehwZBzXQ,positive,0.8,"Praises food, atmosphere, homey feel."
Xbla5XyWjoGV29CY261G2g,positive,0.8,"Positive vibe, friendly service, quick food, will return."
peYEVBQzctnDtGsEG24ETg,negative,-0.6,"Bait and switches, hidden fees, not worth it."
1ouvRKBVGCW3nQeY_JME-w,negative,-0.6,"Service poor, food fine."
Oc4ScBhlFSaYHUp9uHfK7A,negative,-0.5,"Overpriced, poor food, good service."
8QisBTXe7mRbV0z3b7pEnQ,positive,0.9,"Phenomenal experience, outstanding bartender, food, service."
gTJ6wVSd-xOLkSOtCrYMeg,positive,0.8,"Classy environment, great food, recommend again."
12VNlLK8TvWexkJ0xva2BA,positive,0.8,"Supportive, praising food, family-run, authentic."
tIqz8wGEZacc_NhpUv3HUQ,positive,0.9,"Positive review, great food, no complaints."
qOjt3sLRupE39heTs0Arhg,positive,0.8,Positive review praising vegetarian options and quality.
BLSt2iqkltLMPVW92W3hkg,positive,0.7,Positive feedback on service and food.
K0nfDI-VyI7ujeXcI2f7Yg,positive,0.9,Extremely enthusiastic praise for food and service.
aOR97C7yntTRmxqyPT321A,positive,0.7,Positive feedback on seafood and dessert.
2Kk38curzk5dXbp8VqvykQ,positive,0.85,"Positive review praising service, food, and return intent."
wXWx1UOIiQg_bArHGB3trA,positive,0.75,Positive review highlighting food quality and ambiance.
tFjynT12rqhxLL8rSQV5yA,positive,0.6,Positive review with minor price complaint.
Te_dhb2j_YTBtL7_W3EAHw,positive,0.8,"Highly recommend, phenomenal soup."
hA1HaH8dvY-d8oHESiIMBA,negative,-0.8,"Raw burger, disgusting, long wait."
uKztBO5G5eyFBYlhENSy8A,negative,-0.4,"Good concept, poor execution, limited quality."
9yzR5yO1P-0sA32sefmyZA,negative,-0.8,"Food lacked flavor, cabbage horrible, not worth money."
xL52rONMNncUUOTm-P6KLg,positive,0.9,"Consistent perfection, best Asian restaurant for 35+ years."
aI6cjY2ja8Us7S8XINFTLg,positive,0.8,Positive review of food quality and seasoning.
EJoaIRbknC3WRlZ_JA8gEw,positive,0.95,Highly positive review praising food and service.
0jct4w5g4SltkVz9FM1M7A,negative,-0.9,"Served garbage, extremely dissatisfied with food quality."
74-i4yWCf_YyfBMMO8jLjg,positive,0.7,"Good food, clean interior, some minor issues."
1xm2rPQIA4WxGD29nIM0jw,negative,-0.85,"Poor taste, slow service, rude staff"
tA7f69ZiMANpZa5LhSXyJg,negative,-0.8,"Rude staff, denied service, left disappointed"
_F25In6uAoLlVqts18cNKQ,positive,0.8,Positive review praising food quality and portion size.
27ieROvC1nslra4V4d_4Fg,negative,-0.9,"Disappointed with food quality, service, and overall experience."
F2lsjQntsYB1VdwbnHtbQA,negative,-0.9,"Multiple charges, no refund, filthy environment, high price."
LgbTmEPYAiR8fxTI_GI0dw,negative,-0.95,"Incompetent staff, bad experience, strongly discouraged."
xQtwcHnguKs2BddRIfvCpg,positive,0.6,"Good pizza and service, but mask issue."
DbFhZ3VyQSjJHELeXEWsAw,positive,0.9,"Excellent food, service, and convenience."
8fKhmlYwoMQ5Jifog-VgpA,positive,0.8,Expresses strong preference and recommendation.
iJNW2mb2FAO6VlBSPMD8iw,positive,0.6,"Positive about food, minor negative comment."
vQQm8t-KUU8wj9H7jceCOQ,negative,-0.8,Pizza good but ordering frustrating.
A0kqBkEdtiDU9KnmfS5n_g,negative,-0.9,"Poor service, closed unexpectedly, unprofessional."
6NoLt2UBBmLP_DdWz_uODg,positive,0.9,"Extremely enthusiastic praise, high satisfaction."
ZUzQg5I6dYnacmSuRIR3PA,positive,0.4,Positive recommendation despite price concerns.
9TaoXcSd1dCPZ0Em8VUwlQ,positive,0.85,Positive language praising food quality.
hn7RM1BHL4xz7qXK3yYXgg,positive,0.88,Positive language praising food quality.
pzc25z8AD8Q0cOqywBbkrQ,positive,0.8,"Friendly staff, tasty fresh seafood, positive experience, will return."
jrMm9bV3PLnzbLi0jB_G2Q,negative,-0.7,"Poor food quality, only staff friendliness."
3R0czq7sc0i_ZTwV7E3m7w,negative,-0.8,"Overly greasy and bland, poor flavor."
3BfAgH44L0TY_TKr1-TMbQ,negative,-0.9,"Terrible service, rude staff, unprofessional behavior."
xljuRCWANm-aSuAVQT3gEA,negative,-0.8,"Food quality poor, many items missing, disappointed."
mJD92IVqlKEhT341hs78cg,negative,-0.5,"Service poor, food not meeting expectations."
F3AW8PfZSyRrhbj_P8k1nQ,negative,-0.9,"Poor service, food contamination, strong negative language."
fgAlSUAgwKaqye3qoLikUA,positive,0.8,Positive review praising food quality and service.
lBtGqHGYn9ZOC-fxuvrBmA,positive,0.85,"Enjoyed food, service, cocktails, and bread pudding."
Jwhpd0DYlP3NGWc14UKCgg,positive,0.75,"Loved seafood mac, delicious, will visit again."
9z-lcpmwOuEdwcW8VakO6g,positive,0.8,"Positive experience, great food, ambiance, minor grits issue."
ETKEQce40H31pU9c8nPxdA,positive,0.9,"Excellent food, highly praised dishes, enthusiastic praise."
HIOhvoRXFtGvPughmZg-CQ,positive,0.95,Highly enthusiastic praise for food and hospitality.
D5Sw8gep7JbBZ24MPb6X1g,positive,0.97,Strong endorsement of authenticity and quality.
X-QHhOmcAz-4YJsp2PN64A,positive,0.95,Highly enthusiastic praise for food and owner.
XFa7fSkLz-GzYXO47FhvcA,positive,0.97,Extremely positive language describing multiple dishes.
otn-8HjhMuTSVagWSYLy8A,positive,0.85,"Excellent food, friendly staff, highly recommended."
zqxTqhPfZILSq_Dy0wezHw,negative,-0.7,"Burnt hen, flavorless biriyani, missing cashews, off night."
oRMwbmZcp9N0yqTsOatrmA,positive,0.8,"Strong praise for food quality, price, and portions."
6ts8xohcfPYMVosJcwY5Pw,negative,-0.3,"Positive aspects offset by greasy butter chicken, leading to negative overall."
AQ_96v_L7XZUsdgBe-K8FA,positive,0.4,Mixed but overall positive due to return intent
isxaF0zyE0CWwuIC5C1SHw,positive,0.9,Extremely enthusiastic praise and positive language
PFGp_9CsyR2PkG0f8db7Vw,positive,0.7,"Convenient, tasty, game changer"
xmzFcT9cAf6Y3Ad2W6HRjg,positive,0.8,"Great food, frequent orders, flexible customization"
wmvTVtlIofiuTRVGAYk2Og,positive,0.8,"Great value, tasty, frequent visits."
wlyO7opMYhP0mVsxoTfaiQ,neutral,0.0,"Positive about food, negative about service."
Ab8K4-gcqZ0WaDBboQiDZg,positive,0.8,"Enjoyed meal, recommends, would return."
9DMiU_jLZ7jm5x4nSIo7MA,negative,-0.9,"Wrong food, unsatisfied, harsh complaints."
0G6Imeh4zFRBzEYIQLM3QQ,negative,-0.8,"Dirty bathrooms, greasy floors, disorganized staff."
_umHoZljA4zmq7ppofGTaQ,negative,-0.7,"Closed early, staff unresponsive, wasted time."
GLfEOIMLlJCHkae7RaPS8A,positive,0.9,"Delicious food, especially duck, sad closure."
8yEwZ2RUihhDs78MZfK1mQ,positive,0.85,"Excited about closure, BYOB, great service."
8Exd_6R-oGjMSWx8fXNiog,positive,0.9,"Positive language, high praise, recommendation."
-DoxUm_Y3vOw5g_Vn0mAuw,positive,0.85,"Positive language, high praise, recommendation."
mWljzLzJtsyOXjTVYCdKZw,positive,0.9,"Very enthusiastic praise, favorite dish, will return."
rTthN0puNYT3X4CkLaNhcg,positive,0.8,"Positive review, high praise, would give 4.5 stars."
a-q5zj2s08LUwxvX10u66g,negative,-0.8,Disappointed with menu mismatch and high cost.
hU3tj_7bAzQexJcy7gUVnw,neutral,0.0,"Mixed positive food, negative service."
GbjxMobyEFkxjDYhPr2ZYA,negative,-0.8,"Food poisoning, poor cooking, negative experience."
fXeVV2eU_CGh-7iLeNKGLw,positive,0.6,"Tasty food, good options, positive experience."
-n6alFOlI8mk9_JgdTI7uA,positive,0.9,Extremely positive praise for food quality and consistency.
7qZtHI7tNaf5tJ2-SEwdNQ,positive,0.5,Positive overall with some minor criticisms.
1-UYoqEfADfBoxV0H-8W4Q,negative,-0.4,Frustrated about service and wait times.
isHEf-U2ghrWk8lVInlNAQ,negative,-0.7,"Wrong order, poor service, will not return."
hnpiamlH66abXYanlYXbaw,positive,0.8,Excellent service and food praised.
w8Ayz4Xb3T9lGpun0OUMCw,positive,0.6,Positive review with minor AC complaint.
dd1kmWJmn3j-fBv9n1Q8xA,positive,0.6,"Good food, but understaff and not family-friendly."
0YtxBwUUFyFIItkZN-jwuA,positive,0.9,"Highly enthusiastic praise, strong recommendation."
w0pK6bM5e7OV44iZqym1ig,positive,0.6,Positive rating with some negative comments.
0xvt1A1R7N5qmu1ofmDMxA,positive,0.7,Positive rating despite complaints.
ZJUjKTDWrFugLqI3Gv4waA,negative,-0.8,"Disappointed with frozen salmon, overpriced, poor quality."
t1F69-lrdxPQ-CMUotIBlA,negative,-0.4,"Overpriced, but music vibe positive."
TwsN38RWWCy9jMBDv7iQ5Q,negative,-0.8,"Food horrible, overpriced, no English, no Middle Eastern vibe."
6rqYwd6quJWBGpp2v_OfTQ,positive,0.6,"Great fried chicken, good sides, occasional overcooked, overall positive."
kOSm7aGSukkDFQm6-m4TNg,positive,0.5,"Positive overall, good place, but chicken seasoning issue."
cK1pHvqwifdOlJfUd2AxyQ,negative,-0.8,"Negative, not recommended, waste of time and money."
jrbl2VeWCKC2Wl0cNz_hSA,positive,0.85,"Highly recommends spicy fried chicken, praises quality."
KTQkgrO6TBCoPqUc6UAklA,positive,0.4,"Positive overall, but mentions price and parking issues."
FvW7EPuN8rGJhVYalhrrWQ,positive,0.95,Enthusiastic praise for classic hoagie and family deli.
LGcftrKYYI0GpujwMETPBA,positive,0.97,"Strong endorsement of hoagies, staff, and cleanliness."
ZbEvC2F2f1mFZQP9OCJ5aw,positive,0.8,"Positive experience with music, food, atmosphere, and fun."
D1DZDOkOKNYLjGC1CwJfjg,positive,0.7,"Great menu, food, recommendation, quick service."
4UGNirDjw904DtJA66Q5Rw,positive,0.7,"Positive overall, small portions noted."
UyVD_GOXfdsaopqOMaRpIA,positive,0.9,"Excellent service, food, drinks, highly recommend."
o7BKu-lNFVggon0ovXnQPQ,positive,0.8,"Delicious mac n cheese, celebratory birthday, great flavors, positive experience."
su3G4PjN_EcMV33c3h3bMw,negative,-0.7,"Wrong order, disappointment, poor communication."
ItbuHkSKfUORzeh_onJxbw,positive,0.8,"Delicious, affordable, dog-friendly, loved."
0TFOkRv9riYKnEOUDv-PDw,negative,-0.7,"Poor service, long wait, disappointed birthday."
1uRAOzAfpI9qwzfY2Op7Mg,positive,0.8,Positive review with many compliments and recommendation.
DMJ5cmMQ5uUXWdu2f_92ew,positive,0.75,"Positive review praising food, coffee, vibe, staff."
SNX04Hz2qXG7WQLUScBrig,positive,0.85,"Positive review praising service, food, and community support."
VHrFwcP6VOJZXPHL5uRSAA,positive,0.75,Positive review praising tacos and value.
dg-0crtwsaIaCmXIbCQUqA,positive,0.8,"Great food, no soggy tacos, recommended for on-the-go."
MkOh9fLx4WT577ch88rojA,positive,0.9,"Delicious, authentic, friendly service, will return."
FomuH3X0WotxQvnFIH7hFQ,positive,0.9,Positive review praising food quality and price.
gO3ZKx8VMvzc73Gf06xaCQ,positive,0.95,"Enthusiastic praise for quality, price, and atmosphere."
uZxNWPrf6OHbQB7dFYHA9g,positive,0.8,"Praise for food variety, quality, and welcoming atmosphere."
qVO_zNxAH8tArxUCiaHXCA,negative,-0.7,"Disappointed with food quality, portion size, and value."
1mto0yLKkt-pjXsqxuDCTA,positive,0.8,"Excellent food, service, and packaging; highly recommended."
o9e5dpq6X_w3IzpS4286Aw,negative,-0.9,"Poor service, rude staff, threatens business closure."
4Z9J4RV9SgAv-1r0OX-eDw,negative,-0.75,Poor service outweighs good food
5JdvF-EJfAZvKHWoCl35dQ,negative,-0.85,Unsatisfactory soup and unfulfilled refund
-uwI2fCTwmzrhyEX9nYc1A,positive,0.7,"Positive overall, best Dan Dan noodles, minor portion size complaint."
rYqQQKr0G5qnpgRmiNPODQ,positive,0.6,"Positive food, minor service issue."
gnvPIAGdU82eWc04bpf3Aw,positive,0.8,"Food amazing, will return, delivery slow but overall positive."
rAqERyFT9tu2xh3Jfdsg3A,positive,0.9,"Delicious food, great service, will visit again."
KMCuhcaW5cuv0ibnvYKLOQ,positive,0.8,Positive review praising freshness and healthy options.
6DdXNFLiE7Lqu_W15_NuuA,positive,0.6,Positive review with minor portion consistency issue.
ZV9fKIYdV2K95nxsDRyhDw,positive,0.9,Highly praised food quality and variety.
u9m-dsIWgtEUGrfL2NC8rg,positive,0.85,Extremely satisfied with dishes and service.
Sn4OsxBv5ePYitKRk9X9nA,positive,0.8,"Positive review praising food, minor suggestion for labeling."
DdQHQuMMj9I1_X5QQaOgCQ,negative,-0.7,Negative experience due to rushed service and poor timing.
HsHW41PlWTCzwXli8MfKpQ,positive,0.8,Praises steak quality and casual atmosphere.
dLtOrK4froxbLPsZiDlUqg,positive,0.9,Highly positive with high ratings across menu and service.
q2FiKl2MWjN9RhnLSv9cKA,positive,0.8,"Enthusiastic praise, love for cake and experience."
axGAFKlc8R31yUbDqvemhw,negative,-0.4,Service issue and high cost led to negative experience.
3LqI5jBm4UMXMgjm0db8bA,positive,0.85,"Consistently good food, quick service, reasonable prices, courteous staff."
-DZcMnDKcjOrZb-G6I4eZg,positive,0.88,"Fresh ingredients, great pizza, quick delivery, excellent quality."
gfxTXeqhIZWOcYKWs13WdA,positive,0.9,"Consistently praised, favorite spot, great food."
0njsWMA5h30BbQG3se5zmQ,positive,0.8,"Excellent pizza, good sauce, minor flaw."
X8HSPJ5vmubLhD6-Eas86g,negative,-0.6,Disappointed by pizza presentation.
0flt-6fh68bPNxab3mdYgQ,positive,0.8,"Exceeded expectations, great food and service."
uUEdlqtEzD4PLvI8OaF_3w,positive,0.9,"Excellent food, friendly staff, will return."
93ElcPmnqS1DY-m5CO3fwg,positive,0.8,"Delicious food, friendly staff, will return."
TYXaoQ2hWuTbusI5HVzFuQ,positive,0.8,"Highly recommend, fresh, local, no frozen."
