business_id,merchant_status,priority_group,theme,count
ROeacJQwBeh05Rqg7F6TCg,Growing,Expand,food_product_quality,6
hTyJhpH7Bl5moMWQb4Sosg,Stable,Expand,food_product_quality,8
68ThEdiK0eWCEgGEmV9Tng,Stable,Expand,food_product_quality,10
eqNutOMnPqKa9QDAY6KfEw,Growing,Expand,food_product_quality,6
5m3ND7lNNd6zo-bNQGoXhQ,Stable,Monitor / Intervene,food_product_quality,1
WO5nr-4sjVs506BdCLL0aA,Declining,Growth Opportunity,food_product_quality,8
h85b3MFPWyaopMBy8DpBpA,Growing,Expand,food_product_quality,9
xkTjLbBC7uB-rAIDqAm-sw,Stable,Expand,food_product_quality,10
knA3b_WnHUJAyrIzzL9Lrg,Growing,Expand,food_product_quality,5
Bih0eT_lbbCUwKmGYpX0hw,Growing,Expand,food_product_quality,8
EmbZ4QwVt_zgfqMOCATsyA,Stable,Expand,food_product_quality,2
E-DcL1u330qwvoxXhipmUQ,Stable,Monitor / Intervene,food_product_quality,3
C_EtrXTygRX5RTUOKtO6Dg,Stable,Expand,food_product_quality,6
LnZvGYbqozanOSevcftnrw,Stable,Expand,food_product_quality,10
jULIPydhMj18KOI5OHTwfA,Declining,Growth Opportunity,food_product_quality,8
gCcJTKC40CL0XtYYGfcXDw,Declining,Growth Opportunity,food_product_quality,9
wCluBbW9nzS7MEMFltMwJw,Growing,Monitor / Intervene,food_product_quality,2
B-DiQpcSTJ7oMMnwzbAGTQ,Growing,Expand,food_product_quality,2
cx5rIVMN-FXwBkl2Kbot7w,Stable,Expand,food_product_quality,8
JUlsvVAvZvGHWFfkKm0nlg,Stable,Expand,food_product_quality,7
99zoELPcbwRBUqiPoaPqiQ,Growing,Expand,food_product_quality,9
Uc6PdjT_MO5bRPQsUUEy5Q,Stable,Expand,food_product_quality,9
PYUI1OJVksGUbCrteU68bw,Declining,Growth Opportunity,food_product_quality,9
l7b33ubze8Jqw7C4I1CAuA,Declining,Reassess,food_product_quality,0
2VuOLrhe2Iu_FRz1gEIqQA,Growing,Expand,food_product_quality,5
SwBhaxfQPbyhsi0QHUAN0A,Growing,Monitor / Intervene,food_product_quality,1
RnqU698MbIjq_eZHEzYL6g,Growing,Expand,food_product_quality,4
uBDXcXlLR9IuRV1N2m0SPQ,Stable,Expand,food_product_quality,10
tm94_vqmMMeAv01L-7FJzQ,Declining,Growth Opportunity,food_product_quality,9
cXSyVvOr9YRN9diDkaWs0Q,Growing,Expand,food_product_quality,8
UWk9hczxAjMT6y5C3826fw,Declining,Growth Opportunity,food_product_quality,3
OoFCe8VbzzCr88SGC08omw,Growing,Expand,food_product_quality,9
38yHZCHWgPZlDj5SqdNcpA,Growing,Monitor / Intervene,food_product_quality,3
cdiN0gHvZo3i64jwS990fQ,Declining,Growth Opportunity,food_product_quality,5
h0tUOsL3sRYVqSQlxWjW5g,Growing,Expand,food_product_quality,8
1PMlvTeQr3BpTm6GqOEckQ,Stable,Monitor / Intervene,food_product_quality,1
D1AGSvIci0E53E1Yix1mXA,Stable,Monitor / Intervene,food_product_quality,0
gkqfNyv3D84B0WR5GZOpZQ,Declining,Growth Opportunity,food_product_quality,2
R_Wi9jh57H_OzzAVWO71Bw,Growing,Expand,food_product_quality,10
kgZjJTGNc6WjKVBiSqNUoA,Stable,Expand,food_product_quality,6
ES8YqqXVu2TO6o2iwAOYSQ,Declining,Growth Opportunity,food_product_quality,8
TcJ1bB2omO0CIoEC4xtSxg,Growing,Expand,food_product_quality,8
ktM6aYuzqWd-kA8SIWswiQ,Declining,Growth Opportunity,food_product_quality,7
nF5QByCz21MY0KLtSoB5KA,Growing,Expand,food_product_quality,6
6_Gsn1ZxSosWb6mZusap0Q,Declining,Growth Opportunity,food_product_quality,8
sCPx4Sy4I1wMeZwsTzCFRg,Stable,Monitor / Intervene,food_product_quality,3
4hH1lt7mHPbl4r2O7LH6nA,Growing,Expand,food_product_quality,4
A55glg6ynzqjNAbRyTI3ig,Growing,Expand,food_product_quality,7
WN8wJ8PiBcfSPVWtZZhZfA,Growing,Expand,food_product_quality,2
jHk1OJi16n3BlO3LxkH8cw,Declining,Growth Opportunity,food_product_quality,10
HuawlT4tXzCXL8ftyvCZ0Q,Stable,Expand,food_product_quality,4
siUk0bqIjI80KBFptR1Mcw,Declining,Growth Opportunity,food_product_quality,9
g-mnsod42xN2y_LdYpoORw,Growing,Monitor / Intervene,food_product_quality,4
gGC3SvEvxsRkRBIEU0Rfrw,Stable,Expand,food_product_quality,9
W5qWPa1LPo9stvCGeVSRAg,Declining,Growth Opportunity,food_product_quality,9
jStt26nV-CBWRGxjqCzxUw,Stable,Monitor / Intervene,food_product_quality,0
mcb8blqo4lWVl91Mrp80uQ,Growing,Expand,food_product_quality,1
iZNR8-rqsBL2afDk4Zxe8A,Growing,Monitor / Intervene,food_product_quality,3
UBj0aJ6FfMR4tdvRbQ3KSA,Stable,Monitor / Intervene,food_product_quality,3
O4wZuA6Im9gQxxddCZ3kkQ,Declining,Growth Opportunity,food_product_quality,2
JiEcu8LvmlsPh_Q6Exzp9A,Declining,Growth Opportunity,food_product_quality,7
YuhQIv_c08zqfExfSiWB6g,Growing,Monitor / Intervene,food_product_quality,6
ctHjyadbDQAtUFfkcAFEHw,Growing,Expand,food_product_quality,9
GAuweBrcC_wK3a0UhZjwfA,Stable,Expand,food_product_quality,9
7VpTJyMcAnEA-Y6vj0XV4w,Stable,Expand,food_product_quality,7
nWhAxQw3bAsvXg3Oe91okw,Growing,Monitor / Intervene,food_product_quality,1
EDSqeUjhDwB8VMnIng-Q-A,Stable,Monitor / Intervene,food_product_quality,0
v72qGvd53IxhM2m8aatOpg,Growing,Expand,food_product_quality,7
qCpdeQYPf9i1EZhTnQgjtg,Declining,Growth Opportunity,food_product_quality,9
i7H6gGM5jXMMrhr8VRZXDg,Growing,Expand,food_product_quality,8
yG5tkMER9Ftkv4RDwMaQuA,Growing,Expand,food_product_quality,10
3bMVhRoYXU4UND8G0xLflw,Declining,Growth Opportunity,food_product_quality,6
x5NLYIRLdhFBaNLLvl8Afg,Declining,Growth Opportunity,food_product_quality,7
hyXrO6RoAi5GnTl8s72Pkw,Declining,Reassess,food_product_quality,1
ra6Ejpr6Y5nJL1Um6pzTdg,Stable,Expand,food_product_quality,4
t3PkHzVTvPA8qRxKe9TIkQ,Growing,Expand,food_product_quality,8
yj0SWZvJ0tGwAywoVxPT5A,Growing,Expand,food_product_quality,10
wXKiStXyJo0zI4uCwpNFMg,Growing,Expand,food_product_quality,2
Cch7lpybfh4V0_1j8Nr3yQ,Growing,Expand,food_product_quality,10
vwAhm3pRjCEz_jNXr9vMaA,Growing,Expand,food_product_quality,4
_UOg5_pk9IhKee91eWrT4A,Declining,Growth Opportunity,food_product_quality,10
bN_9QgxdOIk4oK-6fBDJtQ,Declining,Growth Opportunity,food_product_quality,3
FvBUare-QfqoTyHIvbWkvA,Growing,Expand,food_product_quality,9
HNMN7NhEvA64Z0FDEA2Twg,Growing,Expand,food_product_quality,10
j4KA-BujEH7xmG6bD5E-gQ,Declining,Growth Opportunity,food_product_quality,9
wGnBaLvgH3hrq6C3AnO5Mg,Stable,Monitor / Intervene,food_product_quality,2
_05DcCQmCP5aGnfCnI4r9Q,Growing,Expand,food_product_quality,2
or_WcjWELDsssk2JruvJcg,Declining,Growth Opportunity,food_product_quality,2
9YyeoqIBSEL_uikPBTZZUQ,Stable,Expand,food_product_quality,7
3eAGbHu2VFz8dVNC_dO5ow,Stable,Expand,food_product_quality,5
eoj3iAmpgbRIi56yxcTQxA,Growing,Monitor / Intervene,food_product_quality,9
-n_beuzQuajaezPD2PyQvA,Stable,Monitor / Intervene,food_product_quality,1
JrG4NINLspXPNhSXg7Q07Q,Growing,Expand,food_product_quality,5
7QVS6kcmc2vfp3TDCGX-Cw,Stable,Expand,food_product_quality,2
4EXm70lqkCxZ-WtgNon8sw,Stable,Expand,food_product_quality,7
sg4zySgp0Al1WNk-JhTbHQ,Stable,Monitor / Intervene,food_product_quality,0
7LskDbqERsCsiPNKjmNnrA,Growing,Expand,food_product_quality,4
sL6fC0P4C-gyL4E5gacUeQ,Growing,Expand,food_product_quality,8
Fh7pRpok9KtmrXuY78xeug,Growing,Expand,food_product_quality,9
SBDsWNjuMFTpUDgebenNDw,Declining,Reassess,food_product_quality,4
03jQGGJ2ch0uHTtW-UUUqg,Declining,Growth Opportunity,food_product_quality,7
Qm8pSLYuVS7eIyOx5YsWBw,Growing,Expand,food_product_quality,9
u-xGrOvBv1bxtpAHk-SZ5w,Stable,Expand,food_product_quality,6
j6dvIfAzbHccoySvaqjT4w,Stable,Monitor / Intervene,food_product_quality,7
QV3Xa_GBeMdm7rOS4EaxVQ,Growing,Expand,food_product_quality,6
vXQLdqB-stL2JTP5AsPVaA,Declining,Growth Opportunity,food_product_quality,6
jWljp4qLuqr968VFA4EWrQ,Stable,Expand,food_product_quality,1
3lsE-1hRI526KHKbeytPcg,Stable,Monitor / Intervene,food_product_quality,5
kfRkKRVlaPAYOraik4JVXQ,Declining,Reassess,food_product_quality,2
MzFhaFNbE03zF84BPkN7yQ,Declining,Growth Opportunity,food_product_quality,9
uJBnnlqKIkfMq1H0RhfhJg,Stable,Monitor / Intervene,food_product_quality,2
a8_zOZgxg3lNsEyanuwluw,Growing,Expand,food_product_quality,7
309eD1s4UG_TkBNHUKAzYA,Declining,Growth Opportunity,food_product_quality,5
ObL38c-q8O9Fe-JErYG6Xw,Declining,Reassess,food_product_quality,4
vUkiYPpbkMXA99WneLSGkQ,Growing,Expand,food_product_quality,9
NDdd698xwCrCNAdaFhe-Dg,Declining,Growth Opportunity,food_product_quality,4
Cjwb7VQGP0u2eWYj1wnO3g,Growing,Monitor / Intervene,food_product_quality,0
gnpyyeWQ53WlDMJEq-YA_w,Declining,Growth Opportunity,food_product_quality,9
OX1eFYQwN1iYdFd0fkNpqw,Declining,Growth Opportunity,food_product_quality,8
Wtr51cNrv1pYyIRg_IawYQ,Declining,Growth Opportunity,food_product_quality,7
QhgrhVKlXZtSY6gRThf8zA,Growing,Expand,food_product_quality,9
qwPpnCgmvrm1WsrmyyhuvQ,Declining,Reassess,food_product_quality,5
aubXu1j7HfP50Ohc7JQ3RQ,Stable,Monitor / Intervene,food_product_quality,1
ApZoKDMHiY6sm3urIcqfxg,Growing,Expand,food_product_quality,7
nMDteyIwo3zLbqm45xBwFw,Growing,Expand,food_product_quality,6
hxPnlWZmirx7neooZykmtg,Stable,Expand,food_product_quality,8
us7g3OCOFDXjZpmYqQ-f3A,Stable,Expand,food_product_quality,7
o5Uee_gmS-y9R582PAkX6w,Declining,Growth Opportunity,food_product_quality,7
jIaycjmFK6ZecPx-tMR43A,Declining,Reassess,food_product_quality,4
z04btlhvr9rmQ00k1yVMog,Growing,Expand,food_product_quality,3
OTwwIvLkrS0zc8f1lNRstw,Stable,Expand,food_product_quality,3
_61CLj2WP5jA6X3SDDlrrg,Stable,Expand,food_product_quality,3
xa49Z4ar0PXDgjZyHrqbHQ,Declining,Growth Opportunity,food_product_quality,8
64zjcLKeEQ5_oGQDnpsj5A,Declining,Growth Opportunity,food_product_quality,8
DZglT5FP5VNDQJU3PuRIHw,Declining,Growth Opportunity,food_product_quality,9
IzyQVIJG8JAnOiRQPb0-wg,Declining,Growth Opportunity,food_product_quality,7
eFB8nsciED7EupYVyAnTyA,Declining,Growth Opportunity,food_product_quality,8
AlH5V97JSAu7AL_xdibMIg,Declining,Growth Opportunity,food_product_quality,5
SjCxvaC-OZLnOqAqHTXG_Q,Growing,Monitor / Intervene,food_product_quality,2
YzluF3FNGjnW-tOrLZt8JA,Growing,Expand,food_product_quality,8
WeDn7iD1ckcEg7YttkduWg,Declining,Growth Opportunity,food_product_quality,8
AauDx7QSes9nZOAAa4LIbQ,Declining,Growth Opportunity,food_product_quality,10
ZForVw2ZTiwDGfZ0XvZsXQ,Stable,Expand,food_product_quality,7
lS42krxXMm-HIk7dntRsKQ,Declining,Growth Opportunity,food_product_quality,8
pORvWLJb_ioqIrNo-yacfw,Declining,Growth Opportunity,food_product_quality,6
YtMgMdZfjlK6ogDIGiOJSw,Growing,Expand,food_product_quality,2
1qw5dIsQPNGLOwnuP7Wj1g,Growing,Expand,food_product_quality,0
VG_6ZamOZ3-s6ODu9BCmqQ,Stable,Monitor / Intervene,food_product_quality,1
dwkI0-b5PM2-yn-v7j2Agg,Stable,Expand,food_product_quality,5
RU0UTD_beaENcS5e9EXH-w,Declining,Reassess,food_product_quality,0
WgyhlYg3fnSgco4qLa20cg,Stable,Expand,food_product_quality,10
EI0iUUbEi3xIy74L7-GrUQ,Declining,Reassess,food_product_quality,3
EAF4MLS6x7mzq8CDpOcXXA,Stable,Monitor / Intervene,food_product_quality,1
b2egw7DXjck9sKYcBc4NCQ,Stable,Expand,food_product_quality,2
EpFFiPHKx9yP-WqOCuxRCw,Stable,Expand,food_product_quality,6
CSAJxLa_LeuIDe-lHrC03w,Stable,Monitor / Intervene,food_product_quality,1
TzqkyPTnK7dtHxnvgyn_4Q,Declining,Growth Opportunity,food_product_quality,10
mtpbu6J2Jg7RkmTSEEXtFQ,Declining,Growth Opportunity,food_product_quality,5
OiQ1eoqXMPyEUptpUX9JQA,Stable,Expand,food_product_quality,7
gWV1k7XO9DSAodAlanESFA,Stable,Expand,food_product_quality,4
332MG0dFd8d2JUcszdRdYw,Declining,Reassess,food_product_quality,5
H_EmJ9Id0pnFw2poOH2OOw,Declining,Growth Opportunity,food_product_quality,8
Odx1CHHhQICCehpWMg1w4g,Stable,Expand,food_product_quality,2
44Xh-IjWDSn7XTw1hzO50g,Growing,Expand,food_product_quality,8
8iiI_v2E9V4xXByGce05QQ,Stable,Expand,food_product_quality,7
6GePX4W6Cl8LD68zUq_MAA,Growing,Expand,food_product_quality,6
wTCA2ZJsssbOCjG0h0ZiGg,Declining,Growth Opportunity,food_product_quality,7
baF2ZFEtsIo2A1k61x3QSw,Declining,Reassess,food_product_quality,9
D8NEBGvh1DVHbyEs2cWVAQ,Growing,Monitor / Intervene,food_product_quality,1
0uWnByfZNCs0MU1Ag10ujw,Stable,Monitor / Intervene,food_product_quality,0
5bOUBsE1MH8jubPVI4fVmA,Declining,Growth Opportunity,food_product_quality,4
XBYalnLmnJH5OPNacRJIAA,Growing,Expand,food_product_quality,7
jsL0EmA3k75npcRvleq2VA,Stable,Expand,food_product_quality,8
VCTI7doVpU094lugVBP_DA,Growing,Monitor / Intervene,food_product_quality,1
6aClQOutEBgNxwVM2t_S9A,Stable,Monitor / Intervene,food_product_quality,5
OH7EpZrKPnZwZDNKQ5S8iA,Stable,Expand,food_product_quality,3
zAxWNkDWBvgNfIwTAyCBMw,Growing,Expand,food_product_quality,5
4NXtEZ7buJYC7KLzuhZg3Q,Stable,Expand,food_product_quality,9
REJ5UMeKH0Ylkf7Ym1rXMA,Growing,Expand,food_product_quality,1
ZLhu-sAejh5yGd8aV9zcGQ,Declining,Growth Opportunity,food_product_quality,9
RpNWMXXPnNkt8kmvJcP5ig,Stable,Expand,food_product_quality,4
o45O8DI0MJXYsHnoIkP0jg,Growing,Expand,food_product_quality,9
CaS4OzIfDfbYyGai0Wn3Zw,Declining,Growth Opportunity,food_product_quality,9
8hKi4SyepMGe2W1L4aQ_JQ,Growing,Monitor / Intervene,food_product_quality,1
JTjrrxgd3p80lS2h_YxsiQ,Declining,Growth Opportunity,food_product_quality,7
SNxUXrSr-XkEkSQIdjmjhA,Growing,Monitor / Intervene,food_product_quality,7
Itft7SwYFUXP02MpcijMOQ,Stable,Expand,food_product_quality,1
cGWhF0eEogy0DKPwCU9TtA,Declining,Growth Opportunity,food_product_quality,10
pdh91rffpM9QptHSXjJFVQ,Declining,Growth Opportunity,food_product_quality,6
03dIEDBsDERr6Osmey-udQ,Growing,Expand,food_product_quality,7
edU5K_QDvydTbWr4xfCfmg,Stable,Expand,food_product_quality,2
-AWclhh1_2VnqPylPgBU3g,Growing,Monitor / Intervene,food_product_quality,9
jS3affmkXWrBnidXA-DIfQ,Declining,Growth Opportunity,food_product_quality,9
S3-EuL3U_nQmiugDnYPiFw,Growing,Expand,food_product_quality,6
DHENrreqQDQx9NtuorNOZw,Declining,Reassess,food_product_quality,3
YBak8o0xCiNN4sXr3izLbg,Growing,Expand,food_product_quality,2
mciSzNKFRZ3HGgeSDuwUcw,Declining,Growth Opportunity,food_product_quality,6
UVCiRVQID_amNd_q1K5POA,Growing,Expand,food_product_quality,3
m_5jK3w7t4CS2ReIZI_grQ,Declining,Reassess,food_product_quality,3
9D0aKRGsutg8S0ClIanmrA,Growing,Expand,food_product_quality,6
f-9Su3hYbI-OCCt8Hz1wrw,Stable,Expand,food_product_quality,8
DhZVpgeBKxoLd91MiwTxpg,Declining,Growth Opportunity,food_product_quality,6
3S_g61xUct3Rmmx4rJS_mA,Stable,Monitor / Intervene,food_product_quality,1
tUcZMaE2XPp6qJK5dbZlpg,Stable,Expand,food_product_quality,10
KW2Ma_0uVm7KmBJhMI_yFA,Declining,Reassess,food_product_quality,1
SHYPQbYqbfK4CwTDjtBH7Q,Growing,Expand,food_product_quality,7
HHBbetQ-XRQYJprT5Qp9jw,Stable,Expand,food_product_quality,7
eYNcVdV5bqqg-q23_FU0Vw,Declining,Growth Opportunity,food_product_quality,6
VSpseb6oijtKffRRL_xfgQ,Declining,Growth Opportunity,food_product_quality,8
kufU0ChkDC9hZABZoUebIQ,Stable,Monitor / Intervene,food_product_quality,0
nOZOlidRcVHYn3bDcsXD_Q,Declining,Growth Opportunity,food_product_quality,6
TdrNka-oPWf4B-jN9rKltw,Stable,Expand,food_product_quality,7
YQD_Gm999Cthin64uLdOdA,Stable,Monitor / Intervene,food_product_quality,0
RalJthqqo93-7rTXGgc5Gg,Growing,Expand,food_product_quality,8
XupqzjOerK3DcIoWWIKslg,Stable,Expand,food_product_quality,6
0Nqa0zPHoB_GVucVMd9f6w,Declining,Growth Opportunity,food_product_quality,1
c6zgxvHn5j816s9DDAFYjA,Growing,Expand,food_product_quality,5
lSR0JkU7iCnR7sP-8Gjkqw,Stable,Expand,food_product_quality,3
kC2jUMTWt0v_cSWKa63QQA,Declining,Growth Opportunity,food_product_quality,4
gYYMQeg4X8FUcCxXI4c2Tw,Declining,Reassess,food_product_quality,8
LAtPOWQ6fUvaU64Yp9hyIg,Declining,Reassess,food_product_quality,7
-SCIBOTjKGJXmeMMPi-uoQ,Stable,Expand,food_product_quality,5
_Re2IwkeFUqUsPMRZK8jng,Stable,Expand,food_product_quality,8
4vy8j-L9zXXFH_wh2sVzAw,Growing,Expand,food_product_quality,8
ptXuSpg-ScJpAyE2QoLU4Q,Stable,Expand,food_product_quality,4
A37C-01zpQty9FmxvZrxEg,Declining,Growth Opportunity,food_product_quality,10
eImAdebEDD47dMd6zIx4MQ,Declining,Growth Opportunity,food_product_quality,2
kaQ-ReAmU-xO2XnQsMFwRg,Growing,Expand,food_product_quality,9
s9ceDy-cVHe0uzvZpWq87Q,Growing,Expand,food_product_quality,8
GTNh2Jx56qE5kJSOVZxZlg,Stable,Monitor / Intervene,food_product_quality,3
lWedWkinrM5j13pyimbpbA,Stable,Expand,food_product_quality,10
25sLng-w7vBXbZfyBNeOWg,Stable,Expand,food_product_quality,2
QXGnmsKYANxOyZBqM-zlJA,Growing,Expand,food_product_quality,6
a1esN1yBrh8c8jra-7WcXw,Stable,Expand,food_product_quality,10
Y7bpk83gKWgCmi7yKGTTug,Declining,Reassess,food_product_quality,0
fzYu9Rh-oqlg95QzkbIO0A,Growing,Expand,food_product_quality,6
HNXpuOxyh9XPm9sM98Ao3A,Growing,Expand,food_product_quality,10
Z0Bn-FdyZmXHBh8qQe9JLw,Growing,Expand,food_product_quality,9
69ccjOpx2iFvr1y2qas9uA,Stable,Expand,food_product_quality,9
YpUowEOcZNehoBv0lxqlpA,Declining,Reassess,food_product_quality,2
1XQWvgGDqzDoEOg0_7eWKA,Declining,Growth Opportunity,food_product_quality,7
UXOji-MYsS0SL_0ccTjbKQ,Stable,Monitor / Intervene,food_product_quality,2
sq3BcLyY4_jZf-zkO2itDA,Growing,Monitor / Intervene,food_product_quality,7
dsfRniRgfbDjC8os848B6A,Growing,Expand,food_product_quality,7
KiwskluQ7tMqZqvuf872vg,Growing,Monitor / Intervene,food_product_quality,8
7rUaXU8_IgnOrOMnN7HPQQ,Growing,Monitor / Intervene,food_product_quality,5
b9sLRv_j1eijFIEso8-RQg,Stable,Expand,food_product_quality,1
yyvFGYfw0azW5mA_th8ndQ,Stable,Expand,food_product_quality,7
-ib2qJmDKJgH_ZbtSu_HjA,Growing,Expand,food_product_quality,6
zILVkn_Gm9xASg63jWKMHw,Declining,Growth Opportunity,food_product_quality,9
a4fNrX46rTl4BE2WauPAUw,Declining,Reassess,food_product_quality,2
389Y1ecrGnPwGA4KcbiBXA,Stable,Monitor / Intervene,food_product_quality,0
o3mCQJcBBMDWzTY-FuUh9w,Stable,Expand,food_product_quality,8
jIzN5atQRz9OIeYO-Lx4mw,Growing,Expand,food_product_quality,6
Ljtd29uAWCaGK046QuvPhQ,Growing,Monitor / Intervene,food_product_quality,2
YKAcEh3jygrVpxFEugGf1g,Stable,Expand,food_product_quality,8
L1xIj8vAvZrZdfEVbH4qTg,Growing,Monitor / Intervene,food_product_quality,4
S1FwTmCAwv5ulu5gToWi_w,Declining,Growth Opportunity,food_product_quality,7
GKohndn_sMk2nWCh1jkAfg,Declining,Growth Opportunity,food_product_quality,6
1B6S6XDoX1fWnQI0_K1b1Q,Growing,Expand,food_product_quality,6
kn6zHpma8I_xBGTZpNe41A,Declining,Growth Opportunity,food_product_quality,0
9PZxjhTIU7OgPIzuGi89Ew,Growing,Expand,food_product_quality,8
03cvVjbkCOtiIt51M-MLFg,Stable,Expand,food_product_quality,2
IzTh_D90T7LZRxy1lgAG-Q,Stable,Expand,food_product_quality,2
-361Hc0tlxSYdrH_C3OgzA,Growing,Expand,food_product_quality,7
Cmw00BFD1l-_DJHPuKi2Rw,Stable,Expand,food_product_quality,9
d48Xrx8MhGtdaLvhcYzNWQ,Growing,Expand,food_product_quality,8
6XiTlNnstoTK3tUPkc0Gbw,Declining,Growth Opportunity,food_product_quality,7
7fHj6bMycSfo5-EqgN02Gg,Declining,Growth Opportunity,food_product_quality,6
9sOHuGGwb8uRVu7pANSWfg,Growing,Expand,food_product_quality,5
y930pQM0EUblQluRLkXLQg,Declining,Reassess,food_product_quality,7
zuObDJ16rxyt5ciCbhKnlA,Stable,Expand,food_product_quality,4
2z_dEk3ZllVLJvS-x18dog,Declining,Growth Opportunity,food_product_quality,4
G8qD8M6rHAMGL4Tt1SiPFA,Stable,Expand,food_product_quality,8
x4855nj7vfdXeVpg5fREZA,Growing,Monitor / Intervene,food_product_quality,0
nBqvryCdn9N_vU4rdCbnHw,Stable,Monitor / Intervene,food_product_quality,0
CO05TYrf8g0WTOB_bmE3uQ,Declining,Growth Opportunity,food_product_quality,7
1OfhM-ZKvcpxyxptCCzEwA,Declining,Growth Opportunity,food_product_quality,4
GoYSJ-YY-YwbxdgasHuq-Q,Growing,Expand,food_product_quality,7
6qRe7PF_h56tR2EkDmfg9A,Growing,Expand,food_product_quality,8
7y1zIK1ZtkkGIKeRUobThg,Declining,Reassess,food_product_quality,6
XQjnh-n0o11MhApzCfRPxg,Stable,Monitor / Intervene,food_product_quality,1
Ls3zQR47_wmUkupJXm59oQ,Stable,Expand,food_product_quality,2
K3oSW7x3LU74viHIbL8b_A,Stable,Monitor / Intervene,food_product_quality,0
FImeJg7pVG9K7wjuexmV4Q,Declining,Growth Opportunity,food_product_quality,2
jh-Sg2S4wlelkifvhjwSlg,Declining,Growth Opportunity,food_product_quality,3
UApicJDoDgayR1N1ZLL3vw,Stable,Expand,food_product_quality,6
c_MsK_ra1MB1Q9KvZgNwww,Stable,Expand,food_product_quality,2
SK5QTllf553tIKs0hGaZQg,Growing,Monitor / Intervene,food_product_quality,5
2zSQu6_cLgWAVbZ2LbSLBA,Growing,Monitor / Intervene,food_product_quality,2
pDR3n7cjtbTrkgDxfUUDtw,Declining,Growth Opportunity,food_product_quality,5
6vNOkto7t2nKHQeZ1aYQFw,Stable,Monitor / Intervene,food_product_quality,0
Y-xCFPYXWd9Ig0R_ZTd9mA,Declining,Growth Opportunity,food_product_quality,4
FLq9CEy5MCKSlMuPEhumnw,Declining,Growth Opportunity,food_product_quality,5
PzAYUWwfZqUOoL863k1gMg,Stable,Expand,food_product_quality,2
C9UylQTOh7uwZo4a7QhLyg,Stable,Expand,food_product_quality,8
mx31XU-QJIxObRGH_qvy3w,Stable,Expand,food_product_quality,2
bKaBjDbtwQh_T-3ZpKJxRQ,Stable,Expand,food_product_quality,8
ij_dE1TNqe_BHrzEGAWU4w,Declining,Growth Opportunity,food_product_quality,6
ny1N_Py01kVoGOvL9oKjMQ,Declining,Growth Opportunity,food_product_quality,8
ROeacJQwBeh05Rqg7F6TCg,Growing,Expand,staff_behavior,2
hTyJhpH7Bl5moMWQb4Sosg,Stable,Expand,staff_behavior,7
68ThEdiK0eWCEgGEmV9Tng,Stable,Expand,staff_behavior,4
eqNutOMnPqKa9QDAY6KfEw,Growing,Expand,staff_behavior,6
5m3ND7lNNd6zo-bNQGoXhQ,Stable,Monitor / Intervene,staff_behavior,3
WO5nr-4sjVs506BdCLL0aA,Declining,Growth Opportunity,staff_behavior,3
h85b3MFPWyaopMBy8DpBpA,Growing,Expand,staff_behavior,3
xkTjLbBC7uB-rAIDqAm-sw,Stable,Expand,staff_behavior,5
knA3b_WnHUJAyrIzzL9Lrg,Growing,Expand,staff_behavior,3
Bih0eT_lbbCUwKmGYpX0hw,Growing,Expand,staff_behavior,2
EmbZ4QwVt_zgfqMOCATsyA,Stable,Expand,staff_behavior,1
E-DcL1u330qwvoxXhipmUQ,Stable,Monitor / Intervene,staff_behavior,1
C_EtrXTygRX5RTUOKtO6Dg,Stable,Expand,staff_behavior,4
LnZvGYbqozanOSevcftnrw,Stable,Expand,staff_behavior,1
jULIPydhMj18KOI5OHTwfA,Declining,Growth Opportunity,staff_behavior,2
gCcJTKC40CL0XtYYGfcXDw,Declining,Growth Opportunity,staff_behavior,5
wCluBbW9nzS7MEMFltMwJw,Growing,Monitor / Intervene,staff_behavior,0
B-DiQpcSTJ7oMMnwzbAGTQ,Growing,Expand,staff_behavior,0
cx5rIVMN-FXwBkl2Kbot7w,Stable,Expand,staff_behavior,4
JUlsvVAvZvGHWFfkKm0nlg,Stable,Expand,staff_behavior,6
99zoELPcbwRBUqiPoaPqiQ,Growing,Expand,staff_behavior,5
Uc6PdjT_MO5bRPQsUUEy5Q,Stable,Expand,staff_behavior,6
PYUI1OJVksGUbCrteU68bw,Declining,Growth Opportunity,staff_behavior,5
l7b33ubze8Jqw7C4I1CAuA,Declining,Reassess,staff_behavior,7
2VuOLrhe2Iu_FRz1gEIqQA,Growing,Expand,staff_behavior,0
SwBhaxfQPbyhsi0QHUAN0A,Growing,Monitor / Intervene,staff_behavior,9
RnqU698MbIjq_eZHEzYL6g,Growing,Expand,staff_behavior,1
uBDXcXlLR9IuRV1N2m0SPQ,Stable,Expand,staff_behavior,0
tm94_vqmMMeAv01L-7FJzQ,Declining,Growth Opportunity,staff_behavior,5
cXSyVvOr9YRN9diDkaWs0Q,Growing,Expand,staff_behavior,2
UWk9hczxAjMT6y5C3826fw,Declining,Growth Opportunity,staff_behavior,1
OoFCe8VbzzCr88SGC08omw,Growing,Expand,staff_behavior,3
38yHZCHWgPZlDj5SqdNcpA,Growing,Monitor / Intervene,staff_behavior,5
cdiN0gHvZo3i64jwS990fQ,Declining,Growth Opportunity,staff_behavior,1
h0tUOsL3sRYVqSQlxWjW5g,Growing,Expand,staff_behavior,3
1PMlvTeQr3BpTm6GqOEckQ,Stable,Monitor / Intervene,staff_behavior,1
D1AGSvIci0E53E1Yix1mXA,Stable,Monitor / Intervene,staff_behavior,3
gkqfNyv3D84B0WR5GZOpZQ,Declining,Growth Opportunity,staff_behavior,4
R_Wi9jh57H_OzzAVWO71Bw,Growing,Expand,staff_behavior,1
kgZjJTGNc6WjKVBiSqNUoA,Stable,Expand,staff_behavior,5
ES8YqqXVu2TO6o2iwAOYSQ,Declining,Growth Opportunity,staff_behavior,2
TcJ1bB2omO0CIoEC4xtSxg,Growing,Expand,staff_behavior,2
ktM6aYuzqWd-kA8SIWswiQ,Declining,Growth Opportunity,staff_behavior,4
nF5QByCz21MY0KLtSoB5KA,Growing,Expand,staff_behavior,7
6_Gsn1ZxSosWb6mZusap0Q,Declining,Growth Opportunity,staff_behavior,6
sCPx4Sy4I1wMeZwsTzCFRg,Stable,Monitor / Intervene,staff_behavior,3
4hH1lt7mHPbl4r2O7LH6nA,Growing,Expand,staff_behavior,2
A55glg6ynzqjNAbRyTI3ig,Growing,Expand,staff_behavior,1
WN8wJ8PiBcfSPVWtZZhZfA,Growing,Expand,staff_behavior,2
jHk1OJi16n3BlO3LxkH8cw,Declining,Growth Opportunity,staff_behavior,3
HuawlT4tXzCXL8ftyvCZ0Q,Stable,Expand,staff_behavior,4
siUk0bqIjI80KBFptR1Mcw,Declining,Growth Opportunity,staff_behavior,6
g-mnsod42xN2y_LdYpoORw,Growing,Monitor / Intervene,staff_behavior,1
gGC3SvEvxsRkRBIEU0Rfrw,Stable,Expand,staff_behavior,1
W5qWPa1LPo9stvCGeVSRAg,Declining,Growth Opportunity,staff_behavior,1
jStt26nV-CBWRGxjqCzxUw,Stable,Monitor / Intervene,staff_behavior,1
mcb8blqo4lWVl91Mrp80uQ,Growing,Expand,staff_behavior,2
iZNR8-rqsBL2afDk4Zxe8A,Growing,Monitor / Intervene,staff_behavior,3
UBj0aJ6FfMR4tdvRbQ3KSA,Stable,Monitor / Intervene,staff_behavior,5
O4wZuA6Im9gQxxddCZ3kkQ,Declining,Growth Opportunity,staff_behavior,1
JiEcu8LvmlsPh_Q6Exzp9A,Declining,Growth Opportunity,staff_behavior,2
YuhQIv_c08zqfExfSiWB6g,Growing,Monitor / Intervene,staff_behavior,3
ctHjyadbDQAtUFfkcAFEHw,Growing,Expand,staff_behavior,8
GAuweBrcC_wK3a0UhZjwfA,Stable,Expand,staff_behavior,4
7VpTJyMcAnEA-Y6vj0XV4w,Stable,Expand,staff_behavior,1
nWhAxQw3bAsvXg3Oe91okw,Growing,Monitor / Intervene,staff_behavior,2
EDSqeUjhDwB8VMnIng-Q-A,Stable,Monitor / Intervene,staff_behavior,2
v72qGvd53IxhM2m8aatOpg,Growing,Expand,staff_behavior,4
qCpdeQYPf9i1EZhTnQgjtg,Declining,Growth Opportunity,staff_behavior,1
i7H6gGM5jXMMrhr8VRZXDg,Growing,Expand,staff_behavior,3
yG5tkMER9Ftkv4RDwMaQuA,Growing,Expand,staff_behavior,4
3bMVhRoYXU4UND8G0xLflw,Declining,Growth Opportunity,staff_behavior,2
x5NLYIRLdhFBaNLLvl8Afg,Declining,Growth Opportunity,staff_behavior,3
hyXrO6RoAi5GnTl8s72Pkw,Declining,Reassess,staff_behavior,4
ra6Ejpr6Y5nJL1Um6pzTdg,Stable,Expand,staff_behavior,0
t3PkHzVTvPA8qRxKe9TIkQ,Growing,Expand,staff_behavior,5
yj0SWZvJ0tGwAywoVxPT5A,Growing,Expand,staff_behavior,1
wXKiStXyJo0zI4uCwpNFMg,Growing,Expand,staff_behavior,1
Cch7lpybfh4V0_1j8Nr3yQ,Growing,Expand,staff_behavior,5
vwAhm3pRjCEz_jNXr9vMaA,Growing,Expand,staff_behavior,2
_UOg5_pk9IhKee91eWrT4A,Declining,Growth Opportunity,staff_behavior,3
bN_9QgxdOIk4oK-6fBDJtQ,Declining,Growth Opportunity,staff_behavior,3
FvBUare-QfqoTyHIvbWkvA,Growing,Expand,staff_behavior,3
HNMN7NhEvA64Z0FDEA2Twg,Growing,Expand,staff_behavior,3
j4KA-BujEH7xmG6bD5E-gQ,Declining,Growth Opportunity,staff_behavior,6
wGnBaLvgH3hrq6C3AnO5Mg,Stable,Monitor / Intervene,staff_behavior,0
_05DcCQmCP5aGnfCnI4r9Q,Growing,Expand,staff_behavior,3
or_WcjWELDsssk2JruvJcg,Declining,Growth Opportunity,staff_behavior,0
9YyeoqIBSEL_uikPBTZZUQ,Stable,Expand,staff_behavior,1
3eAGbHu2VFz8dVNC_dO5ow,Stable,Expand,staff_behavior,4
eoj3iAmpgbRIi56yxcTQxA,Growing,Monitor / Intervene,staff_behavior,5
-n_beuzQuajaezPD2PyQvA,Stable,Monitor / Intervene,staff_behavior,1
JrG4NINLspXPNhSXg7Q07Q,Growing,Expand,staff_behavior,6
7QVS6kcmc2vfp3TDCGX-Cw,Stable,Expand,staff_behavior,0
4EXm70lqkCxZ-WtgNon8sw,Stable,Expand,staff_behavior,4
sg4zySgp0Al1WNk-JhTbHQ,Stable,Monitor / Intervene,staff_behavior,1
7LskDbqERsCsiPNKjmNnrA,Growing,Expand,staff_behavior,0
sL6fC0P4C-gyL4E5gacUeQ,Growing,Expand,staff_behavior,1
Fh7pRpok9KtmrXuY78xeug,Growing,Expand,staff_behavior,2
SBDsWNjuMFTpUDgebenNDw,Declining,Reassess,staff_behavior,6
03jQGGJ2ch0uHTtW-UUUqg,Declining,Growth Opportunity,staff_behavior,3
Qm8pSLYuVS7eIyOx5YsWBw,Growing,Expand,staff_behavior,9
u-xGrOvBv1bxtpAHk-SZ5w,Stable,Expand,staff_behavior,2
j6dvIfAzbHccoySvaqjT4w,Stable,Monitor / Intervene,staff_behavior,3
QV3Xa_GBeMdm7rOS4EaxVQ,Growing,Expand,staff_behavior,1
vXQLdqB-stL2JTP5AsPVaA,Declining,Growth Opportunity,staff_behavior,4
jWljp4qLuqr968VFA4EWrQ,Stable,Expand,staff_behavior,1
3lsE-1hRI526KHKbeytPcg,Stable,Monitor / Intervene,staff_behavior,4
kfRkKRVlaPAYOraik4JVXQ,Declining,Reassess,staff_behavior,1
MzFhaFNbE03zF84BPkN7yQ,Declining,Growth Opportunity,staff_behavior,0
uJBnnlqKIkfMq1H0RhfhJg,Stable,Monitor / Intervene,staff_behavior,4
a8_zOZgxg3lNsEyanuwluw,Growing,Expand,staff_behavior,6
309eD1s4UG_TkBNHUKAzYA,Declining,Growth Opportunity,staff_behavior,2
ObL38c-q8O9Fe-JErYG6Xw,Declining,Reassess,staff_behavior,2
vUkiYPpbkMXA99WneLSGkQ,Growing,Expand,staff_behavior,2
NDdd698xwCrCNAdaFhe-Dg,Declining,Growth Opportunity,staff_behavior,1
Cjwb7VQGP0u2eWYj1wnO3g,Growing,Monitor / Intervene,staff_behavior,5
gnpyyeWQ53WlDMJEq-YA_w,Declining,Growth Opportunity,staff_behavior,2
OX1eFYQwN1iYdFd0fkNpqw,Declining,Growth Opportunity,staff_behavior,4
Wtr51cNrv1pYyIRg_IawYQ,Declining,Growth Opportunity,staff_behavior,8
QhgrhVKlXZtSY6gRThf8zA,Growing,Expand,staff_behavior,2
qwPpnCgmvrm1WsrmyyhuvQ,Declining,Reassess,staff_behavior,3
aubXu1j7HfP50Ohc7JQ3RQ,Stable,Monitor / Intervene,staff_behavior,1
ApZoKDMHiY6sm3urIcqfxg,Growing,Expand,staff_behavior,7
nMDteyIwo3zLbqm45xBwFw,Growing,Expand,staff_behavior,8
hxPnlWZmirx7neooZykmtg,Stable,Expand,staff_behavior,5
us7g3OCOFDXjZpmYqQ-f3A,Stable,Expand,staff_behavior,3
o5Uee_gmS-y9R582PAkX6w,Declining,Growth Opportunity,staff_behavior,6
jIaycjmFK6ZecPx-tMR43A,Declining,Reassess,staff_behavior,3
z04btlhvr9rmQ00k1yVMog,Growing,Expand,staff_behavior,2
OTwwIvLkrS0zc8f1lNRstw,Stable,Expand,staff_behavior,3
_61CLj2WP5jA6X3SDDlrrg,Stable,Expand,staff_behavior,1
xa49Z4ar0PXDgjZyHrqbHQ,Declining,Growth Opportunity,staff_behavior,6
64zjcLKeEQ5_oGQDnpsj5A,Declining,Growth Opportunity,staff_behavior,2
DZglT5FP5VNDQJU3PuRIHw,Declining,Growth Opportunity,staff_behavior,5
IzyQVIJG8JAnOiRQPb0-wg,Declining,Growth Opportunity,staff_behavior,1
eFB8nsciED7EupYVyAnTyA,Declining,Growth Opportunity,staff_behavior,1
AlH5V97JSAu7AL_xdibMIg,Declining,Growth Opportunity,staff_behavior,7
SjCxvaC-OZLnOqAqHTXG_Q,Growing,Monitor / Intervene,staff_behavior,0
YzluF3FNGjnW-tOrLZt8JA,Growing,Expand,staff_behavior,7
WeDn7iD1ckcEg7YttkduWg,Declining,Growth Opportunity,staff_behavior,3
AauDx7QSes9nZOAAa4LIbQ,Declining,Growth Opportunity,staff_behavior,6
ZForVw2ZTiwDGfZ0XvZsXQ,Stable,Expand,staff_behavior,4
lS42krxXMm-HIk7dntRsKQ,Declining,Growth Opportunity,staff_behavior,1
pORvWLJb_ioqIrNo-yacfw,Declining,Growth Opportunity,staff_behavior,1
YtMgMdZfjlK6ogDIGiOJSw,Growing,Expand,staff_behavior,1
1qw5dIsQPNGLOwnuP7Wj1g,Growing,Expand,staff_behavior,3
VG_6ZamOZ3-s6ODu9BCmqQ,Stable,Monitor / Intervene,staff_behavior,2
dwkI0-b5PM2-yn-v7j2Agg,Stable,Expand,staff_behavior,1
RU0UTD_beaENcS5e9EXH-w,Declining,Reassess,staff_behavior,2
WgyhlYg3fnSgco4qLa20cg,Stable,Expand,staff_behavior,6
EI0iUUbEi3xIy74L7-GrUQ,Declining,Reassess,staff_behavior,4
EAF4MLS6x7mzq8CDpOcXXA,Stable,Monitor / Intervene,staff_behavior,1
b2egw7DXjck9sKYcBc4NCQ,Stable,Expand,staff_behavior,2
EpFFiPHKx9yP-WqOCuxRCw,Stable,Expand,staff_behavior,5
CSAJxLa_LeuIDe-lHrC03w,Stable,Monitor / Intervene,staff_behavior,1
TzqkyPTnK7dtHxnvgyn_4Q,Declining,Growth Opportunity,staff_behavior,4
mtpbu6J2Jg7RkmTSEEXtFQ,Declining,Growth Opportunity,staff_behavior,6
OiQ1eoqXMPyEUptpUX9JQA,Stable,Expand,staff_behavior,0
gWV1k7XO9DSAodAlanESFA,Stable,Expand,staff_behavior,2
332MG0dFd8d2JUcszdRdYw,Declining,Reassess,staff_behavior,2
H_EmJ9Id0pnFw2poOH2OOw,Declining,Growth Opportunity,staff_behavior,3
Odx1CHHhQICCehpWMg1w4g,Stable,Expand,staff_behavior,1
44Xh-IjWDSn7XTw1hzO50g,Growing,Expand,staff_behavior,4
8iiI_v2E9V4xXByGce05QQ,Stable,Expand,staff_behavior,1
6GePX4W6Cl8LD68zUq_MAA,Growing,Expand,staff_behavior,2
wTCA2ZJsssbOCjG0h0ZiGg,Declining,Growth Opportunity,staff_behavior,0
baF2ZFEtsIo2A1k61x3QSw,Declining,Reassess,staff_behavior,2
D8NEBGvh1DVHbyEs2cWVAQ,Growing,Monitor / Intervene,staff_behavior,7
0uWnByfZNCs0MU1Ag10ujw,Stable,Monitor / Intervene,staff_behavior,1
5bOUBsE1MH8jubPVI4fVmA,Declining,Growth Opportunity,staff_behavior,5
XBYalnLmnJH5OPNacRJIAA,Growing,Expand,staff_behavior,3
jsL0EmA3k75npcRvleq2VA,Stable,Expand,staff_behavior,1
VCTI7doVpU094lugVBP_DA,Growing,Monitor / Intervene,staff_behavior,0
6aClQOutEBgNxwVM2t_S9A,Stable,Monitor / Intervene,staff_behavior,2
OH7EpZrKPnZwZDNKQ5S8iA,Stable,Expand,staff_behavior,2
zAxWNkDWBvgNfIwTAyCBMw,Growing,Expand,staff_behavior,1
4NXtEZ7buJYC7KLzuhZg3Q,Stable,Expand,staff_behavior,1
REJ5UMeKH0Ylkf7Ym1rXMA,Growing,Expand,staff_behavior,2
ZLhu-sAejh5yGd8aV9zcGQ,Declining,Growth Opportunity,staff_behavior,4
RpNWMXXPnNkt8kmvJcP5ig,Stable,Expand,staff_behavior,7
o45O8DI0MJXYsHnoIkP0jg,Growing,Expand,staff_behavior,4
CaS4OzIfDfbYyGai0Wn3Zw,Declining,Growth Opportunity,staff_behavior,8
8hKi4SyepMGe2W1L4aQ_JQ,Growing,Monitor / Intervene,staff_behavior,1
JTjrrxgd3p80lS2h_YxsiQ,Declining,Growth Opportunity,staff_behavior,2
SNxUXrSr-XkEkSQIdjmjhA,Growing,Monitor / Intervene,staff_behavior,3
Itft7SwYFUXP02MpcijMOQ,Stable,Expand,staff_behavior,1
cGWhF0eEogy0DKPwCU9TtA,Declining,Growth Opportunity,staff_behavior,4
pdh91rffpM9QptHSXjJFVQ,Declining,Growth Opportunity,staff_behavior,5
03dIEDBsDERr6Osmey-udQ,Growing,Expand,staff_behavior,6
edU5K_QDvydTbWr4xfCfmg,Stable,Expand,staff_behavior,2
-AWclhh1_2VnqPylPgBU3g,Growing,Monitor / Intervene,staff_behavior,5
jS3affmkXWrBnidXA-DIfQ,Declining,Growth Opportunity,staff_behavior,5
S3-EuL3U_nQmiugDnYPiFw,Growing,Expand,staff_behavior,6
DHENrreqQDQx9NtuorNOZw,Declining,Reassess,staff_behavior,0
YBak8o0xCiNN4sXr3izLbg,Growing,Expand,staff_behavior,2
mciSzNKFRZ3HGgeSDuwUcw,Declining,Growth Opportunity,staff_behavior,3
UVCiRVQID_amNd_q1K5POA,Growing,Expand,staff_behavior,5
m_5jK3w7t4CS2ReIZI_grQ,Declining,Reassess,staff_behavior,4
9D0aKRGsutg8S0ClIanmrA,Growing,Expand,staff_behavior,2
f-9Su3hYbI-OCCt8Hz1wrw,Stable,Expand,staff_behavior,5
DhZVpgeBKxoLd91MiwTxpg,Declining,Growth Opportunity,staff_behavior,5
3S_g61xUct3Rmmx4rJS_mA,Stable,Monitor / Intervene,staff_behavior,0
tUcZMaE2XPp6qJK5dbZlpg,Stable,Expand,staff_behavior,3
KW2Ma_0uVm7KmBJhMI_yFA,Declining,Reassess,staff_behavior,4
SHYPQbYqbfK4CwTDjtBH7Q,Growing,Expand,staff_behavior,1
HHBbetQ-XRQYJprT5Qp9jw,Stable,Expand,staff_behavior,4
eYNcVdV5bqqg-q23_FU0Vw,Declining,Growth Opportunity,staff_behavior,4
VSpseb6oijtKffRRL_xfgQ,Declining,Growth Opportunity,staff_behavior,3
kufU0ChkDC9hZABZoUebIQ,Stable,Monitor / Intervene,staff_behavior,2
nOZOlidRcVHYn3bDcsXD_Q,Declining,Growth Opportunity,staff_behavior,1
TdrNka-oPWf4B-jN9rKltw,Stable,Expand,staff_behavior,1
YQD_Gm999Cthin64uLdOdA,Stable,Monitor / Intervene,staff_behavior,0
RalJthqqo93-7rTXGgc5Gg,Growing,Expand,staff_behavior,4
XupqzjOerK3DcIoWWIKslg,Stable,Expand,staff_behavior,2
0Nqa0zPHoB_GVucVMd9f6w,Declining,Growth Opportunity,staff_behavior,4
c6zgxvHn5j816s9DDAFYjA,Growing,Expand,staff_behavior,4
lSR0JkU7iCnR7sP-8Gjkqw,Stable,Expand,staff_behavior,1
kC2jUMTWt0v_cSWKa63QQA,Declining,Growth Opportunity,staff_behavior,2
gYYMQeg4X8FUcCxXI4c2Tw,Declining,Reassess,staff_behavior,4
LAtPOWQ6fUvaU64Yp9hyIg,Declining,Reassess,staff_behavior,2
-SCIBOTjKGJXmeMMPi-uoQ,Stable,Expand,staff_behavior,1
_Re2IwkeFUqUsPMRZK8jng,Stable,Expand,staff_behavior,1
4vy8j-L9zXXFH_wh2sVzAw,Growing,Expand,staff_behavior,8
ptXuSpg-ScJpAyE2QoLU4Q,Stable,Expand,staff_behavior,4
A37C-01zpQty9FmxvZrxEg,Declining,Growth Opportunity,staff_behavior,1
eImAdebEDD47dMd6zIx4MQ,Declining,Growth Opportunity,staff_behavior,1
kaQ-ReAmU-xO2XnQsMFwRg,Growing,Expand,staff_behavior,4
s9ceDy-cVHe0uzvZpWq87Q,Growing,Expand,staff_behavior,2
GTNh2Jx56qE5kJSOVZxZlg,Stable,Monitor / Intervene,staff_behavior,5
lWedWkinrM5j13pyimbpbA,Stable,Expand,staff_behavior,3
25sLng-w7vBXbZfyBNeOWg,Stable,Expand,staff_behavior,2
QXGnmsKYANxOyZBqM-zlJA,Growing,Expand,staff_behavior,7
a1esN1yBrh8c8jra-7WcXw,Stable,Expand,staff_behavior,8
Y7bpk83gKWgCmi7yKGTTug,Declining,Reassess,staff_behavior,1
fzYu9Rh-oqlg95QzkbIO0A,Growing,Expand,staff_behavior,3
HNXpuOxyh9XPm9sM98Ao3A,Growing,Expand,staff_behavior,4
Z0Bn-FdyZmXHBh8qQe9JLw,Growing,Expand,staff_behavior,2
69ccjOpx2iFvr1y2qas9uA,Stable,Expand,staff_behavior,4
YpUowEOcZNehoBv0lxqlpA,Declining,Reassess,staff_behavior,1
1XQWvgGDqzDoEOg0_7eWKA,Declining,Growth Opportunity,staff_behavior,3
UXOji-MYsS0SL_0ccTjbKQ,Stable,Monitor / Intervene,staff_behavior,4
sq3BcLyY4_jZf-zkO2itDA,Growing,Monitor / Intervene,staff_behavior,5
dsfRniRgfbDjC8os848B6A,Growing,Expand,staff_behavior,8
KiwskluQ7tMqZqvuf872vg,Growing,Monitor / Intervene,staff_behavior,3
7rUaXU8_IgnOrOMnN7HPQQ,Growing,Monitor / Intervene,staff_behavior,3
b9sLRv_j1eijFIEso8-RQg,Stable,Expand,staff_behavior,1
yyvFGYfw0azW5mA_th8ndQ,Stable,Expand,staff_behavior,5
-ib2qJmDKJgH_ZbtSu_HjA,Growing,Expand,staff_behavior,1
zILVkn_Gm9xASg63jWKMHw,Declining,Growth Opportunity,staff_behavior,3
a4fNrX46rTl4BE2WauPAUw,Declining,Reassess,staff_behavior,2
389Y1ecrGnPwGA4KcbiBXA,Stable,Monitor / Intervene,staff_behavior,1
o3mCQJcBBMDWzTY-FuUh9w,Stable,Expand,staff_behavior,5
jIzN5atQRz9OIeYO-Lx4mw,Growing,Expand,staff_behavior,3
Ljtd29uAWCaGK046QuvPhQ,Growing,Monitor / Intervene,staff_behavior,5
YKAcEh3jygrVpxFEugGf1g,Stable,Expand,staff_behavior,3
L1xIj8vAvZrZdfEVbH4qTg,Growing,Monitor / Intervene,staff_behavior,4
S1FwTmCAwv5ulu5gToWi_w,Declining,Growth Opportunity,staff_behavior,3
GKohndn_sMk2nWCh1jkAfg,Declining,Growth Opportunity,staff_behavior,2
1B6S6XDoX1fWnQI0_K1b1Q,Growing,Expand,staff_behavior,5
kn6zHpma8I_xBGTZpNe41A,Declining,Growth Opportunity,staff_behavior,0
9PZxjhTIU7OgPIzuGi89Ew,Growing,Expand,staff_behavior,3
03cvVjbkCOtiIt51M-MLFg,Stable,Expand,staff_behavior,0
IzTh_D90T7LZRxy1lgAG-Q,Stable,Expand,staff_behavior,3
-361Hc0tlxSYdrH_C3OgzA,Growing,Expand,staff_behavior,2
Cmw00BFD1l-_DJHPuKi2Rw,Stable,Expand,staff_behavior,5
d48Xrx8MhGtdaLvhcYzNWQ,Growing,Expand,staff_behavior,1
6XiTlNnstoTK3tUPkc0Gbw,Declining,Growth Opportunity,staff_behavior,4
7fHj6bMycSfo5-EqgN02Gg,Declining,Growth Opportunity,staff_behavior,4
9sOHuGGwb8uRVu7pANSWfg,Growing,Expand,staff_behavior,3
y930pQM0EUblQluRLkXLQg,Declining,Reassess,staff_behavior,4
zuObDJ16rxyt5ciCbhKnlA,Stable,Expand,staff_behavior,3
2z_dEk3ZllVLJvS-x18dog,Declining,Growth Opportunity,staff_behavior,3
G8qD8M6rHAMGL4Tt1SiPFA,Stable,Expand,staff_behavior,3
x4855nj7vfdXeVpg5fREZA,Growing,Monitor / Intervene,staff_behavior,1
nBqvryCdn9N_vU4rdCbnHw,Stable,Monitor / Intervene,staff_behavior,0
CO05TYrf8g0WTOB_bmE3uQ,Declining,Growth Opportunity,staff_behavior,6
1OfhM-ZKvcpxyxptCCzEwA,Declining,Growth Opportunity,staff_behavior,5
GoYSJ-YY-YwbxdgasHuq-Q,Growing,Expand,staff_behavior,6
6qRe7PF_h56tR2EkDmfg9A,Growing,Expand,staff_behavior,2
7y1zIK1ZtkkGIKeRUobThg,Declining,Reassess,staff_behavior,6
XQjnh-n0o11MhApzCfRPxg,Stable,Monitor / Intervene,staff_behavior,0
Ls3zQR47_wmUkupJXm59oQ,Stable,Expand,staff_behavior,1
K3oSW7x3LU74viHIbL8b_A,Stable,Monitor / Intervene,staff_behavior,1
FImeJg7pVG9K7wjuexmV4Q,Declining,Growth Opportunity,staff_behavior,1
jh-Sg2S4wlelkifvhjwSlg,Declining,Growth Opportunity,staff_behavior,0
UApicJDoDgayR1N1ZLL3vw,Stable,Expand,staff_behavior,4
c_MsK_ra1MB1Q9KvZgNwww,Stable,Expand,staff_behavior,1
SK5QTllf553tIKs0hGaZQg,Growing,Monitor / Intervene,staff_behavior,7
2zSQu6_cLgWAVbZ2LbSLBA,Growing,Monitor / Intervene,staff_behavior,2
pDR3n7cjtbTrkgDxfUUDtw,Declining,Growth Opportunity,staff_behavior,5
6vNOkto7t2nKHQeZ1aYQFw,Stable,Monitor / Intervene,staff_behavior,1
Y-xCFPYXWd9Ig0R_ZTd9mA,Declining,Growth Opportunity,staff_behavior,5
FLq9CEy5MCKSlMuPEhumnw,Declining,Growth Opportunity,staff_behavior,1
PzAYUWwfZqUOoL863k1gMg,Stable,Expand,staff_behavior,1
C9UylQTOh7uwZo4a7QhLyg,Stable,Expand,staff_behavior,7
mx31XU-QJIxObRGH_qvy3w,Stable,Expand,staff_behavior,2
bKaBjDbtwQh_T-3ZpKJxRQ,Stable,Expand,staff_behavior,2
ij_dE1TNqe_BHrzEGAWU4w,Declining,Growth Opportunity,staff_behavior,2
ny1N_Py01kVoGOvL9oKjMQ,Declining,Growth Opportunity,staff_behavior,4
ROeacJQwBeh05Rqg7F6TCg,Growing,Expand,pricing_value,2
hTyJhpH7Bl5moMWQb4Sosg,Stable,Expand,pricing_value,2
68ThEdiK0eWCEgGEmV9Tng,Stable,Expand,pricing_value,4
eqNutOMnPqKa9QDAY6KfEw,Growing,Expand,pricing_value,0
5m3ND7lNNd6zo-bNQGoXhQ,Stable,Monitor / Intervene,pricing_value,0
WO5nr-4sjVs506BdCLL0aA,Declining,Growth Opportunity,pricing_value,2
h85b3MFPWyaopMBy8DpBpA,Growing,Expand,pricing_value,0
xkTjLbBC7uB-rAIDqAm-sw,Stable,Expand,pricing_value,4
knA3b_WnHUJAyrIzzL9Lrg,Growing,Expand,pricing_value,0
Bih0eT_lbbCUwKmGYpX0hw,Growing,Expand,pricing_value,2
EmbZ4QwVt_zgfqMOCATsyA,Stable,Expand,pricing_value,0
E-DcL1u330qwvoxXhipmUQ,Stable,Monitor / Intervene,pricing_value,2
C_EtrXTygRX5RTUOKtO6Dg,Stable,Expand,pricing_value,5
LnZvGYbqozanOSevcftnrw,Stable,Expand,pricing_value,3
jULIPydhMj18KOI5OHTwfA,Declining,Growth Opportunity,pricing_value,1
gCcJTKC40CL0XtYYGfcXDw,Declining,Growth Opportunity,pricing_value,1
wCluBbW9nzS7MEMFltMwJw,Growing,Monitor / Intervene,pricing_value,2
B-DiQpcSTJ7oMMnwzbAGTQ,Growing,Expand,pricing_value,1
cx5rIVMN-FXwBkl2Kbot7w,Stable,Expand,pricing_value,1
JUlsvVAvZvGHWFfkKm0nlg,Stable,Expand,pricing_value,2
99zoELPcbwRBUqiPoaPqiQ,Growing,Expand,pricing_value,0
Uc6PdjT_MO5bRPQsUUEy5Q,Stable,Expand,pricing_value,0
PYUI1OJVksGUbCrteU68bw,Declining,Growth Opportunity,pricing_value,0
l7b33ubze8Jqw7C4I1CAuA,Declining,Reassess,pricing_value,1
2VuOLrhe2Iu_FRz1gEIqQA,Growing,Expand,pricing_value,0
SwBhaxfQPbyhsi0QHUAN0A,Growing,Monitor / Intervene,pricing_value,0
RnqU698MbIjq_eZHEzYL6g,Growing,Expand,pricing_value,1
uBDXcXlLR9IuRV1N2m0SPQ,Stable,Expand,pricing_value,3
tm94_vqmMMeAv01L-7FJzQ,Declining,Growth Opportunity,pricing_value,2
cXSyVvOr9YRN9diDkaWs0Q,Growing,Expand,pricing_value,1
UWk9hczxAjMT6y5C3826fw,Declining,Growth Opportunity,pricing_value,0
OoFCe8VbzzCr88SGC08omw,Growing,Expand,pricing_value,1
38yHZCHWgPZlDj5SqdNcpA,Growing,Monitor / Intervene,pricing_value,1
cdiN0gHvZo3i64jwS990fQ,Declining,Growth Opportunity,pricing_value,1
h0tUOsL3sRYVqSQlxWjW5g,Growing,Expand,pricing_value,1
1PMlvTeQr3BpTm6GqOEckQ,Stable,Monitor / Intervene,pricing_value,0
D1AGSvIci0E53E1Yix1mXA,Stable,Monitor / Intervene,pricing_value,0
gkqfNyv3D84B0WR5GZOpZQ,Declining,Growth Opportunity,pricing_value,2
R_Wi9jh57H_OzzAVWO71Bw,Growing,Expand,pricing_value,0
kgZjJTGNc6WjKVBiSqNUoA,Stable,Expand,pricing_value,0
ES8YqqXVu2TO6o2iwAOYSQ,Declining,Growth Opportunity,pricing_value,2
TcJ1bB2omO0CIoEC4xtSxg,Growing,Expand,pricing_value,0
ktM6aYuzqWd-kA8SIWswiQ,Declining,Growth Opportunity,pricing_value,3
nF5QByCz21MY0KLtSoB5KA,Growing,Expand,pricing_value,2
6_Gsn1ZxSosWb6mZusap0Q,Declining,Growth Opportunity,pricing_value,1
sCPx4Sy4I1wMeZwsTzCFRg,Stable,Monitor / Intervene,pricing_value,2
4hH1lt7mHPbl4r2O7LH6nA,Growing,Expand,pricing_value,0
A55glg6ynzqjNAbRyTI3ig,Growing,Expand,pricing_value,3
WN8wJ8PiBcfSPVWtZZhZfA,Growing,Expand,pricing_value,1
jHk1OJi16n3BlO3LxkH8cw,Declining,Growth Opportunity,pricing_value,1
HuawlT4tXzCXL8ftyvCZ0Q,Stable,Expand,pricing_value,1
siUk0bqIjI80KBFptR1Mcw,Declining,Growth Opportunity,pricing_value,1
g-mnsod42xN2y_LdYpoORw,Growing,Monitor / Intervene,pricing_value,0
gGC3SvEvxsRkRBIEU0Rfrw,Stable,Expand,pricing_value,1
W5qWPa1LPo9stvCGeVSRAg,Declining,Growth Opportunity,pricing_value,3
jStt26nV-CBWRGxjqCzxUw,Stable,Monitor / Intervene,pricing_value,0
mcb8blqo4lWVl91Mrp80uQ,Growing,Expand,pricing_value,0
iZNR8-rqsBL2afDk4Zxe8A,Growing,Monitor / Intervene,pricing_value,0
UBj0aJ6FfMR4tdvRbQ3KSA,Stable,Monitor / Intervene,pricing_value,0
O4wZuA6Im9gQxxddCZ3kkQ,Declining,Growth Opportunity,pricing_value,1
JiEcu8LvmlsPh_Q6Exzp9A,Declining,Growth Opportunity,pricing_value,2
YuhQIv_c08zqfExfSiWB6g,Growing,Monitor / Intervene,pricing_value,0
ctHjyadbDQAtUFfkcAFEHw,Growing,Expand,pricing_value,0
GAuweBrcC_wK3a0UhZjwfA,Stable,Expand,pricing_value,1
7VpTJyMcAnEA-Y6vj0XV4w,Stable,Expand,pricing_value,1
nWhAxQw3bAsvXg3Oe91okw,Growing,Monitor / Intervene,pricing_value,0
EDSqeUjhDwB8VMnIng-Q-A,Stable,Monitor / Intervene,pricing_value,0
v72qGvd53IxhM2m8aatOpg,Growing,Expand,pricing_value,3
qCpdeQYPf9i1EZhTnQgjtg,Declining,Growth Opportunity,pricing_value,1
i7H6gGM5jXMMrhr8VRZXDg,Growing,Expand,pricing_value,1
yG5tkMER9Ftkv4RDwMaQuA,Growing,Expand,pricing_value,1
3bMVhRoYXU4UND8G0xLflw,Declining,Growth Opportunity,pricing_value,1
x5NLYIRLdhFBaNLLvl8Afg,Declining,Growth Opportunity,pricing_value,2
hyXrO6RoAi5GnTl8s72Pkw,Declining,Reassess,pricing_value,0
ra6Ejpr6Y5nJL1Um6pzTdg,Stable,Expand,pricing_value,0
t3PkHzVTvPA8qRxKe9TIkQ,Growing,Expand,pricing_value,0
yj0SWZvJ0tGwAywoVxPT5A,Growing,Expand,pricing_value,1
wXKiStXyJo0zI4uCwpNFMg,Growing,Expand,pricing_value,0
Cch7lpybfh4V0_1j8Nr3yQ,Growing,Expand,pricing_value,0
vwAhm3pRjCEz_jNXr9vMaA,Growing,Expand,pricing_value,0
_UOg5_pk9IhKee91eWrT4A,Declining,Growth Opportunity,pricing_value,1
bN_9QgxdOIk4oK-6fBDJtQ,Declining,Growth Opportunity,pricing_value,1
FvBUare-QfqoTyHIvbWkvA,Growing,Expand,pricing_value,1
HNMN7NhEvA64Z0FDEA2Twg,Growing,Expand,pricing_value,4
j4KA-BujEH7xmG6bD5E-gQ,Declining,Growth Opportunity,pricing_value,1
wGnBaLvgH3hrq6C3AnO5Mg,Stable,Monitor / Intervene,pricing_value,2
_05DcCQmCP5aGnfCnI4r9Q,Growing,Expand,pricing_value,3
or_WcjWELDsssk2JruvJcg,Declining,Growth Opportunity,pricing_value,0
9YyeoqIBSEL_uikPBTZZUQ,Stable,Expand,pricing_value,2
3eAGbHu2VFz8dVNC_dO5ow,Stable,Expand,pricing_value,1
eoj3iAmpgbRIi56yxcTQxA,Growing,Monitor / Intervene,pricing_value,1
-n_beuzQuajaezPD2PyQvA,Stable,Monitor / Intervene,pricing_value,0
JrG4NINLspXPNhSXg7Q07Q,Growing,Expand,pricing_value,2
7QVS6kcmc2vfp3TDCGX-Cw,Stable,Expand,pricing_value,0
4EXm70lqkCxZ-WtgNon8sw,Stable,Expand,pricing_value,4
sg4zySgp0Al1WNk-JhTbHQ,Stable,Monitor / Intervene,pricing_value,0
7LskDbqERsCsiPNKjmNnrA,Growing,Expand,pricing_value,2
sL6fC0P4C-gyL4E5gacUeQ,Growing,Expand,pricing_value,2
Fh7pRpok9KtmrXuY78xeug,Growing,Expand,pricing_value,3
SBDsWNjuMFTpUDgebenNDw,Declining,Reassess,pricing_value,1
03jQGGJ2ch0uHTtW-UUUqg,Declining,Growth Opportunity,pricing_value,2
Qm8pSLYuVS7eIyOx5YsWBw,Growing,Expand,pricing_value,0
u-xGrOvBv1bxtpAHk-SZ5w,Stable,Expand,pricing_value,2
j6dvIfAzbHccoySvaqjT4w,Stable,Monitor / Intervene,pricing_value,2
QV3Xa_GBeMdm7rOS4EaxVQ,Growing,Expand,pricing_value,3
vXQLdqB-stL2JTP5AsPVaA,Declining,Growth Opportunity,pricing_value,0
jWljp4qLuqr968VFA4EWrQ,Stable,Expand,pricing_value,0
3lsE-1hRI526KHKbeytPcg,Stable,Monitor / Intervene,pricing_value,1
kfRkKRVlaPAYOraik4JVXQ,Declining,Reassess,pricing_value,0
MzFhaFNbE03zF84BPkN7yQ,Declining,Growth Opportunity,pricing_value,5
uJBnnlqKIkfMq1H0RhfhJg,Stable,Monitor / Intervene,pricing_value,0
a8_zOZgxg3lNsEyanuwluw,Growing,Expand,pricing_value,1
309eD1s4UG_TkBNHUKAzYA,Declining,Growth Opportunity,pricing_value,1
ObL38c-q8O9Fe-JErYG6Xw,Declining,Reassess,pricing_value,1
vUkiYPpbkMXA99WneLSGkQ,Growing,Expand,pricing_value,0
NDdd698xwCrCNAdaFhe-Dg,Declining,Growth Opportunity,pricing_value,0
Cjwb7VQGP0u2eWYj1wnO3g,Growing,Monitor / Intervene,pricing_value,5
gnpyyeWQ53WlDMJEq-YA_w,Declining,Growth Opportunity,pricing_value,4
OX1eFYQwN1iYdFd0fkNpqw,Declining,Growth Opportunity,pricing_value,1
Wtr51cNrv1pYyIRg_IawYQ,Declining,Growth Opportunity,pricing_value,0
QhgrhVKlXZtSY6gRThf8zA,Growing,Expand,pricing_value,4
qwPpnCgmvrm1WsrmyyhuvQ,Declining,Reassess,pricing_value,1
aubXu1j7HfP50Ohc7JQ3RQ,Stable,Monitor / Intervene,pricing_value,0
ApZoKDMHiY6sm3urIcqfxg,Growing,Expand,pricing_value,1
nMDteyIwo3zLbqm45xBwFw,Growing,Expand,pricing_value,0
hxPnlWZmirx7neooZykmtg,Stable,Expand,pricing_value,0
us7g3OCOFDXjZpmYqQ-f3A,Stable,Expand,pricing_value,1
o5Uee_gmS-y9R582PAkX6w,Declining,Growth Opportunity,pricing_value,0
jIaycjmFK6ZecPx-tMR43A,Declining,Reassess,pricing_value,3
z04btlhvr9rmQ00k1yVMog,Growing,Expand,pricing_value,1
OTwwIvLkrS0zc8f1lNRstw,Stable,Expand,pricing_value,0
_61CLj2WP5jA6X3SDDlrrg,Stable,Expand,pricing_value,0
xa49Z4ar0PXDgjZyHrqbHQ,Declining,Growth Opportunity,pricing_value,3
64zjcLKeEQ5_oGQDnpsj5A,Declining,Growth Opportunity,pricing_value,1
DZglT5FP5VNDQJU3PuRIHw,Declining,Growth Opportunity,pricing_value,1
IzyQVIJG8JAnOiRQPb0-wg,Declining,Growth Opportunity,pricing_value,0
eFB8nsciED7EupYVyAnTyA,Declining,Growth Opportunity,pricing_value,3
AlH5V97JSAu7AL_xdibMIg,Declining,Growth Opportunity,pricing_value,0
SjCxvaC-OZLnOqAqHTXG_Q,Growing,Monitor / Intervene,pricing_value,0
YzluF3FNGjnW-tOrLZt8JA,Growing,Expand,pricing_value,1
WeDn7iD1ckcEg7YttkduWg,Declining,Growth Opportunity,pricing_value,1
AauDx7QSes9nZOAAa4LIbQ,Declining,Growth Opportunity,pricing_value,0
ZForVw2ZTiwDGfZ0XvZsXQ,Stable,Expand,pricing_value,1
lS42krxXMm-HIk7dntRsKQ,Declining,Growth Opportunity,pricing_value,2
pORvWLJb_ioqIrNo-yacfw,Declining,Growth Opportunity,pricing_value,1
YtMgMdZfjlK6ogDIGiOJSw,Growing,Expand,pricing_value,0
1qw5dIsQPNGLOwnuP7Wj1g,Growing,Expand,pricing_value,1
VG_6ZamOZ3-s6ODu9BCmqQ,Stable,Monitor / Intervene,pricing_value,0
dwkI0-b5PM2-yn-v7j2Agg,Stable,Expand,pricing_value,2
RU0UTD_beaENcS5e9EXH-w,Declining,Reassess,pricing_value,0
WgyhlYg3fnSgco4qLa20cg,Stable,Expand,pricing_value,1
EI0iUUbEi3xIy74L7-GrUQ,Declining,Reassess,pricing_value,0
EAF4MLS6x7mzq8CDpOcXXA,Stable,Monitor / Intervene,pricing_value,0
b2egw7DXjck9sKYcBc4NCQ,Stable,Expand,pricing_value,1
EpFFiPHKx9yP-WqOCuxRCw,Stable,Expand,pricing_value,0
CSAJxLa_LeuIDe-lHrC03w,Stable,Monitor / Intervene,pricing_value,0
TzqkyPTnK7dtHxnvgyn_4Q,Declining,Growth Opportunity,pricing_value,2
mtpbu6J2Jg7RkmTSEEXtFQ,Declining,Growth Opportunity,pricing_value,0
OiQ1eoqXMPyEUptpUX9JQA,Stable,Expand,pricing_value,1
gWV1k7XO9DSAodAlanESFA,Stable,Expand,pricing_value,0
332MG0dFd8d2JUcszdRdYw,Declining,Reassess,pricing_value,7
H_EmJ9Id0pnFw2poOH2OOw,Declining,Growth Opportunity,pricing_value,2
Odx1CHHhQICCehpWMg1w4g,Stable,Expand,pricing_value,1
44Xh-IjWDSn7XTw1hzO50g,Growing,Expand,pricing_value,2
8iiI_v2E9V4xXByGce05QQ,Stable,Expand,pricing_value,1
6GePX4W6Cl8LD68zUq_MAA,Growing,Expand,pricing_value,4
wTCA2ZJsssbOCjG0h0ZiGg,Declining,Growth Opportunity,pricing_value,2
baF2ZFEtsIo2A1k61x3QSw,Declining,Reassess,pricing_value,5
D8NEBGvh1DVHbyEs2cWVAQ,Growing,Monitor / Intervene,pricing_value,0
0uWnByfZNCs0MU1Ag10ujw,Stable,Monitor / Intervene,pricing_value,0
5bOUBsE1MH8jubPVI4fVmA,Declining,Growth Opportunity,pricing_value,0
XBYalnLmnJH5OPNacRJIAA,Growing,Expand,pricing_value,2
jsL0EmA3k75npcRvleq2VA,Stable,Expand,pricing_value,1
VCTI7doVpU094lugVBP_DA,Growing,Monitor / Intervene,pricing_value,1
6aClQOutEBgNxwVM2t_S9A,Stable,Monitor / Intervene,pricing_value,1
OH7EpZrKPnZwZDNKQ5S8iA,Stable,Expand,pricing_value,1
zAxWNkDWBvgNfIwTAyCBMw,Growing,Expand,pricing_value,0
4NXtEZ7buJYC7KLzuhZg3Q,Stable,Expand,pricing_value,2
REJ5UMeKH0Ylkf7Ym1rXMA,Growing,Expand,pricing_value,1
ZLhu-sAejh5yGd8aV9zcGQ,Declining,Growth Opportunity,pricing_value,1
RpNWMXXPnNkt8kmvJcP5ig,Stable,Expand,pricing_value,0
o45O8DI0MJXYsHnoIkP0jg,Growing,Expand,pricing_value,0
CaS4OzIfDfbYyGai0Wn3Zw,Declining,Growth Opportunity,pricing_value,0
8hKi4SyepMGe2W1L4aQ_JQ,Growing,Monitor / Intervene,pricing_value,0
JTjrrxgd3p80lS2h_YxsiQ,Declining,Growth Opportunity,pricing_value,3
SNxUXrSr-XkEkSQIdjmjhA,Growing,Monitor / Intervene,pricing_value,2
Itft7SwYFUXP02MpcijMOQ,Stable,Expand,pricing_value,0
cGWhF0eEogy0DKPwCU9TtA,Declining,Growth Opportunity,pricing_value,3
pdh91rffpM9QptHSXjJFVQ,Declining,Growth Opportunity,pricing_value,0
03dIEDBsDERr6Osmey-udQ,Growing,Expand,pricing_value,1
edU5K_QDvydTbWr4xfCfmg,Stable,Expand,pricing_value,0
-AWclhh1_2VnqPylPgBU3g,Growing,Monitor / Intervene,pricing_value,1
jS3affmkXWrBnidXA-DIfQ,Declining,Growth Opportunity,pricing_value,2
S3-EuL3U_nQmiugDnYPiFw,Growing,Expand,pricing_value,2
DHENrreqQDQx9NtuorNOZw,Declining,Reassess,pricing_value,0
YBak8o0xCiNN4sXr3izLbg,Growing,Expand,pricing_value,3
mciSzNKFRZ3HGgeSDuwUcw,Declining,Growth Opportunity,pricing_value,0
UVCiRVQID_amNd_q1K5POA,Growing,Expand,pricing_value,0
m_5jK3w7t4CS2ReIZI_grQ,Declining,Reassess,pricing_value,1
9D0aKRGsutg8S0ClIanmrA,Growing,Expand,pricing_value,0
f-9Su3hYbI-OCCt8Hz1wrw,Stable,Expand,pricing_value,2
DhZVpgeBKxoLd91MiwTxpg,Declining,Growth Opportunity,pricing_value,3
3S_g61xUct3Rmmx4rJS_mA,Stable,Monitor / Intervene,pricing_value,1
tUcZMaE2XPp6qJK5dbZlpg,Stable,Expand,pricing_value,0
KW2Ma_0uVm7KmBJhMI_yFA,Declining,Reassess,pricing_value,0
SHYPQbYqbfK4CwTDjtBH7Q,Growing,Expand,pricing_value,2
HHBbetQ-XRQYJprT5Qp9jw,Stable,Expand,pricing_value,2
eYNcVdV5bqqg-q23_FU0Vw,Declining,Growth Opportunity,pricing_value,2
VSpseb6oijtKffRRL_xfgQ,Declining,Growth Opportunity,pricing_value,1
kufU0ChkDC9hZABZoUebIQ,Stable,Monitor / Intervene,pricing_value,1
nOZOlidRcVHYn3bDcsXD_Q,Declining,Growth Opportunity,pricing_value,2
TdrNka-oPWf4B-jN9rKltw,Stable,Expand,pricing_value,1
YQD_Gm999Cthin64uLdOdA,Stable,Monitor / Intervene,pricing_value,0
RalJthqqo93-7rTXGgc5Gg,Growing,Expand,pricing_value,1
XupqzjOerK3DcIoWWIKslg,Stable,Expand,pricing_value,0
0Nqa0zPHoB_GVucVMd9f6w,Declining,Growth Opportunity,pricing_value,1
c6zgxvHn5j816s9DDAFYjA,Growing,Expand,pricing_value,1
lSR0JkU7iCnR7sP-8Gjkqw,Stable,Expand,pricing_value,1
kC2jUMTWt0v_cSWKa63QQA,Declining,Growth Opportunity,pricing_value,4
gYYMQeg4X8FUcCxXI4c2Tw,Declining,Reassess,pricing_value,4
LAtPOWQ6fUvaU64Yp9hyIg,Declining,Reassess,pricing_value,1
-SCIBOTjKGJXmeMMPi-uoQ,Stable,Expand,pricing_value,3
_Re2IwkeFUqUsPMRZK8jng,Stable,Expand,pricing_value,0
4vy8j-L9zXXFH_wh2sVzAw,Growing,Expand,pricing_value,1
ptXuSpg-ScJpAyE2QoLU4Q,Stable,Expand,pricing_value,0
A37C-01zpQty9FmxvZrxEg,Declining,Growth Opportunity,pricing_value,4
eImAdebEDD47dMd6zIx4MQ,Declining,Growth Opportunity,pricing_value,0
kaQ-ReAmU-xO2XnQsMFwRg,Growing,Expand,pricing_value,1
s9ceDy-cVHe0uzvZpWq87Q,Growing,Expand,pricing_value,2
GTNh2Jx56qE5kJSOVZxZlg,Stable,Monitor / Intervene,pricing_value,1
lWedWkinrM5j13pyimbpbA,Stable,Expand,pricing_value,0
25sLng-w7vBXbZfyBNeOWg,Stable,Expand,pricing_value,0
QXGnmsKYANxOyZBqM-zlJA,Growing,Expand,pricing_value,0
a1esN1yBrh8c8jra-7WcXw,Stable,Expand,pricing_value,2
Y7bpk83gKWgCmi7yKGTTug,Declining,Reassess,pricing_value,0
fzYu9Rh-oqlg95QzkbIO0A,Growing,Expand,pricing_value,1
HNXpuOxyh9XPm9sM98Ao3A,Growing,Expand,pricing_value,0
Z0Bn-FdyZmXHBh8qQe9JLw,Growing,Expand,pricing_value,1
69ccjOpx2iFvr1y2qas9uA,Stable,Expand,pricing_value,1
YpUowEOcZNehoBv0lxqlpA,Declining,Reassess,pricing_value,0
1XQWvgGDqzDoEOg0_7eWKA,Declining,Growth Opportunity,pricing_value,3
UXOji-MYsS0SL_0ccTjbKQ,Stable,Monitor / Intervene,pricing_value,0
sq3BcLyY4_jZf-zkO2itDA,Growing,Monitor / Intervene,pricing_value,0
dsfRniRgfbDjC8os848B6A,Growing,Expand,pricing_value,2
KiwskluQ7tMqZqvuf872vg,Growing,Monitor / Intervene,pricing_value,3
7rUaXU8_IgnOrOMnN7HPQQ,Growing,Monitor / Intervene,pricing_value,2
b9sLRv_j1eijFIEso8-RQg,Stable,Expand,pricing_value,0
yyvFGYfw0azW5mA_th8ndQ,Stable,Expand,pricing_value,1
-ib2qJmDKJgH_ZbtSu_HjA,Growing,Expand,pricing_value,0
zILVkn_Gm9xASg63jWKMHw,Declining,Growth Opportunity,pricing_value,0
a4fNrX46rTl4BE2WauPAUw,Declining,Reassess,pricing_value,1
389Y1ecrGnPwGA4KcbiBXA,Stable,Monitor / Intervene,pricing_value,0
o3mCQJcBBMDWzTY-FuUh9w,Stable,Expand,pricing_value,1
jIzN5atQRz9OIeYO-Lx4mw,Growing,Expand,pricing_value,0
Ljtd29uAWCaGK046QuvPhQ,Growing,Monitor / Intervene,pricing_value,0
YKAcEh3jygrVpxFEugGf1g,Stable,Expand,pricing_value,3
L1xIj8vAvZrZdfEVbH4qTg,Growing,Monitor / Intervene,pricing_value,0
S1FwTmCAwv5ulu5gToWi_w,Declining,Growth Opportunity,pricing_value,1
GKohndn_sMk2nWCh1jkAfg,Declining,Growth Opportunity,pricing_value,2
1B6S6XDoX1fWnQI0_K1b1Q,Growing,Expand,pricing_value,1
kn6zHpma8I_xBGTZpNe41A,Declining,Growth Opportunity,pricing_value,1
9PZxjhTIU7OgPIzuGi89Ew,Growing,Expand,pricing_value,5
03cvVjbkCOtiIt51M-MLFg,Stable,Expand,pricing_value,1
IzTh_D90T7LZRxy1lgAG-Q,Stable,Expand,pricing_value,2
-361Hc0tlxSYdrH_C3OgzA,Growing,Expand,pricing_value,2
Cmw00BFD1l-_DJHPuKi2Rw,Stable,Expand,pricing_value,0
d48Xrx8MhGtdaLvhcYzNWQ,Growing,Expand,pricing_value,2
6XiTlNnstoTK3tUPkc0Gbw,Declining,Growth Opportunity,pricing_value,2
7fHj6bMycSfo5-EqgN02Gg,Declining,Growth Opportunity,pricing_value,0
9sOHuGGwb8uRVu7pANSWfg,Growing,Expand,pricing_value,2
y930pQM0EUblQluRLkXLQg,Declining,Reassess,pricing_value,2
zuObDJ16rxyt5ciCbhKnlA,Stable,Expand,pricing_value,0
2z_dEk3ZllVLJvS-x18dog,Declining,Growth Opportunity,pricing_value,0
G8qD8M6rHAMGL4Tt1SiPFA,Stable,Expand,pricing_value,3
x4855nj7vfdXeVpg5fREZA,Growing,Monitor / Intervene,pricing_value,0
nBqvryCdn9N_vU4rdCbnHw,Stable,Monitor / Intervene,pricing_value,0
CO05TYrf8g0WTOB_bmE3uQ,Declining,Growth Opportunity,pricing_value,3
1OfhM-ZKvcpxyxptCCzEwA,Declining,Growth Opportunity,pricing_value,0
GoYSJ-YY-YwbxdgasHuq-Q,Growing,Expand,pricing_value,1
6qRe7PF_h56tR2EkDmfg9A,Growing,Expand,pricing_value,1
7y1zIK1ZtkkGIKeRUobThg,Declining,Reassess,pricing_value,3
XQjnh-n0o11MhApzCfRPxg,Stable,Monitor / Intervene,pricing_value,0
Ls3zQR47_wmUkupJXm59oQ,Stable,Expand,pricing_value,0
K3oSW7x3LU74viHIbL8b_A,Stable,Monitor / Intervene,pricing_value,0
FImeJg7pVG9K7wjuexmV4Q,Declining,Growth Opportunity,pricing_value,0
jh-Sg2S4wlelkifvhjwSlg,Declining,Growth Opportunity,pricing_value,0
UApicJDoDgayR1N1ZLL3vw,Stable,Expand,pricing_value,2
c_MsK_ra1MB1Q9KvZgNwww,Stable,Expand,pricing_value,0
SK5QTllf553tIKs0hGaZQg,Growing,Monitor / Intervene,pricing_value,0
2zSQu6_cLgWAVbZ2LbSLBA,Growing,Monitor / Intervene,pricing_value,1
pDR3n7cjtbTrkgDxfUUDtw,Declining,Growth Opportunity,pricing_value,3
6vNOkto7t2nKHQeZ1aYQFw,Stable,Monitor / Intervene,pricing_value,0
Y-xCFPYXWd9Ig0R_ZTd9mA,Declining,Growth Opportunity,pricing_value,1
FLq9CEy5MCKSlMuPEhumnw,Declining,Growth Opportunity,pricing_value,2
PzAYUWwfZqUOoL863k1gMg,Stable,Expand,pricing_value,0
C9UylQTOh7uwZo4a7QhLyg,Stable,Expand,pricing_value,0
mx31XU-QJIxObRGH_qvy3w,Stable,Expand,pricing_value,0
bKaBjDbtwQh_T-3ZpKJxRQ,Stable,Expand,pricing_value,1
ij_dE1TNqe_BHrzEGAWU4w,Declining,Growth Opportunity,pricing_value,1
ny1N_Py01kVoGOvL9oKjMQ,Declining,Growth Opportunity,pricing_value,1
ROeacJQwBeh05Rqg7F6TCg,Growing,Expand,service_speed,0
hTyJhpH7Bl5moMWQb4Sosg,Stable,Expand,service_speed,0
68ThEdiK0eWCEgGEmV9Tng,Stable,Expand,service_speed,1
eqNutOMnPqKa9QDAY6KfEw,Growing,Expand,service_speed,0
5m3ND7lNNd6zo-bNQGoXhQ,Stable,Monitor / Intervene,service_speed,1
WO5nr-4sjVs506BdCLL0aA,Declining,Growth Opportunity,service_speed,1
h85b3MFPWyaopMBy8DpBpA,Growing,Expand,service_speed,3
xkTjLbBC7uB-rAIDqAm-sw,Stable,Expand,service_speed,0
knA3b_WnHUJAyrIzzL9Lrg,Growing,Expand,service_speed,0
Bih0eT_lbbCUwKmGYpX0hw,Growing,Expand,service_speed,0
EmbZ4QwVt_zgfqMOCATsyA,Stable,Expand,service_speed,0
E-DcL1u330qwvoxXhipmUQ,Stable,Monitor / Intervene,service_speed,0
C_EtrXTygRX5RTUOKtO6Dg,Stable,Expand,service_speed,0
LnZvGYbqozanOSevcftnrw,Stable,Expand,service_speed,0
jULIPydhMj18KOI5OHTwfA,Declining,Growth Opportunity,service_speed,0
gCcJTKC40CL0XtYYGfcXDw,Declining,Growth Opportunity,service_speed,0
wCluBbW9nzS7MEMFltMwJw,Growing,Monitor / Intervene,service_speed,0
B-DiQpcSTJ7oMMnwzbAGTQ,Growing,Expand,service_speed,0
cx5rIVMN-FXwBkl2Kbot7w,Stable,Expand,service_speed,1
JUlsvVAvZvGHWFfkKm0nlg,Stable,Expand,service_speed,1
99zoELPcbwRBUqiPoaPqiQ,Growing,Expand,service_speed,2
Uc6PdjT_MO5bRPQsUUEy5Q,Stable,Expand,service_speed,0
PYUI1OJVksGUbCrteU68bw,Declining,Growth Opportunity,service_speed,1
l7b33ubze8Jqw7C4I1CAuA,Declining,Reassess,service_speed,2
2VuOLrhe2Iu_FRz1gEIqQA,Growing,Expand,service_speed,0
SwBhaxfQPbyhsi0QHUAN0A,Growing,Monitor / Intervene,service_speed,0
RnqU698MbIjq_eZHEzYL6g,Growing,Expand,service_speed,2
uBDXcXlLR9IuRV1N2m0SPQ,Stable,Expand,service_speed,0
tm94_vqmMMeAv01L-7FJzQ,Declining,Growth Opportunity,service_speed,0
cXSyVvOr9YRN9diDkaWs0Q,Growing,Expand,service_speed,2
UWk9hczxAjMT6y5C3826fw,Declining,Growth Opportunity,service_speed,2
OoFCe8VbzzCr88SGC08omw,Growing,Expand,service_speed,0
38yHZCHWgPZlDj5SqdNcpA,Growing,Monitor / Intervene,service_speed,0
cdiN0gHvZo3i64jwS990fQ,Declining,Growth Opportunity,service_speed,0
h0tUOsL3sRYVqSQlxWjW5g,Growing,Expand,service_speed,3
1PMlvTeQr3BpTm6GqOEckQ,Stable,Monitor / Intervene,service_speed,1
D1AGSvIci0E53E1Yix1mXA,Stable,Monitor / Intervene,service_speed,0
gkqfNyv3D84B0WR5GZOpZQ,Declining,Growth Opportunity,service_speed,0
R_Wi9jh57H_OzzAVWO71Bw,Growing,Expand,service_speed,1
kgZjJTGNc6WjKVBiSqNUoA,Stable,Expand,service_speed,1
ES8YqqXVu2TO6o2iwAOYSQ,Declining,Growth Opportunity,service_speed,0
TcJ1bB2omO0CIoEC4xtSxg,Growing,Expand,service_speed,2
ktM6aYuzqWd-kA8SIWswiQ,Declining,Growth Opportunity,service_speed,3
nF5QByCz21MY0KLtSoB5KA,Growing,Expand,service_speed,3
6_Gsn1ZxSosWb6mZusap0Q,Declining,Growth Opportunity,service_speed,0
sCPx4Sy4I1wMeZwsTzCFRg,Stable,Monitor / Intervene,service_speed,0
4hH1lt7mHPbl4r2O7LH6nA,Growing,Expand,service_speed,0
A55glg6ynzqjNAbRyTI3ig,Growing,Expand,service_speed,3
WN8wJ8PiBcfSPVWtZZhZfA,Growing,Expand,service_speed,0
jHk1OJi16n3BlO3LxkH8cw,Declining,Growth Opportunity,service_speed,0
HuawlT4tXzCXL8ftyvCZ0Q,Stable,Expand,service_speed,2
siUk0bqIjI80KBFptR1Mcw,Declining,Growth Opportunity,service_speed,0
g-mnsod42xN2y_LdYpoORw,Growing,Monitor / Intervene,service_speed,0
gGC3SvEvxsRkRBIEU0Rfrw,Stable,Expand,service_speed,4
W5qWPa1LPo9stvCGeVSRAg,Declining,Growth Opportunity,service_speed,0
jStt26nV-CBWRGxjqCzxUw,Stable,Monitor / Intervene,service_speed,0
mcb8blqo4lWVl91Mrp80uQ,Growing,Expand,service_speed,0
iZNR8-rqsBL2afDk4Zxe8A,Growing,Monitor / Intervene,service_speed,1
UBj0aJ6FfMR4tdvRbQ3KSA,Stable,Monitor / Intervene,service_speed,2
O4wZuA6Im9gQxxddCZ3kkQ,Declining,Growth Opportunity,service_speed,1
JiEcu8LvmlsPh_Q6Exzp9A,Declining,Growth Opportunity,service_speed,0
YuhQIv_c08zqfExfSiWB6g,Growing,Monitor / Intervene,service_speed,1
ctHjyadbDQAtUFfkcAFEHw,Growing,Expand,service_speed,0
GAuweBrcC_wK3a0UhZjwfA,Stable,Expand,service_speed,2
7VpTJyMcAnEA-Y6vj0XV4w,Stable,Expand,service_speed,0
nWhAxQw3bAsvXg3Oe91okw,Growing,Monitor / Intervene,service_speed,0
EDSqeUjhDwB8VMnIng-Q-A,Stable,Monitor / Intervene,service_speed,1
v72qGvd53IxhM2m8aatOpg,Growing,Expand,service_speed,1
qCpdeQYPf9i1EZhTnQgjtg,Declining,Growth Opportunity,service_speed,0
i7H6gGM5jXMMrhr8VRZXDg,Growing,Expand,service_speed,0
yG5tkMER9Ftkv4RDwMaQuA,Growing,Expand,service_speed,1
3bMVhRoYXU4UND8G0xLflw,Declining,Growth Opportunity,service_speed,2
x5NLYIRLdhFBaNLLvl8Afg,Declining,Growth Opportunity,service_speed,0
hyXrO6RoAi5GnTl8s72Pkw,Declining,Reassess,service_speed,4
ra6Ejpr6Y5nJL1Um6pzTdg,Stable,Expand,service_speed,0
t3PkHzVTvPA8qRxKe9TIkQ,Growing,Expand,service_speed,0
yj0SWZvJ0tGwAywoVxPT5A,Growing,Expand,service_speed,0
wXKiStXyJo0zI4uCwpNFMg,Growing,Expand,service_speed,0
Cch7lpybfh4V0_1j8Nr3yQ,Growing,Expand,service_speed,0
vwAhm3pRjCEz_jNXr9vMaA,Growing,Expand,service_speed,0
_UOg5_pk9IhKee91eWrT4A,Declining,Growth Opportunity,service_speed,0
bN_9QgxdOIk4oK-6fBDJtQ,Declining,Growth Opportunity,service_speed,0
FvBUare-QfqoTyHIvbWkvA,Growing,Expand,service_speed,1
HNMN7NhEvA64Z0FDEA2Twg,Growing,Expand,service_speed,1
j4KA-BujEH7xmG6bD5E-gQ,Declining,Growth Opportunity,service_speed,0
wGnBaLvgH3hrq6C3AnO5Mg,Stable,Monitor / Intervene,service_speed,0
_05DcCQmCP5aGnfCnI4r9Q,Growing,Expand,service_speed,0
or_WcjWELDsssk2JruvJcg,Declining,Growth Opportunity,service_speed,1
9YyeoqIBSEL_uikPBTZZUQ,Stable,Expand,service_speed,0
3eAGbHu2VFz8dVNC_dO5ow,Stable,Expand,service_speed,0
eoj3iAmpgbRIi56yxcTQxA,Growing,Monitor / Intervene,service_speed,0
-n_beuzQuajaezPD2PyQvA,Stable,Monitor / Intervene,service_speed,0
JrG4NINLspXPNhSXg7Q07Q,Growing,Expand,service_speed,2
7QVS6kcmc2vfp3TDCGX-Cw,Stable,Expand,service_speed,1
4EXm70lqkCxZ-WtgNon8sw,Stable,Expand,service_speed,1
sg4zySgp0Al1WNk-JhTbHQ,Stable,Monitor / Intervene,service_speed,0
7LskDbqERsCsiPNKjmNnrA,Growing,Expand,service_speed,0
sL6fC0P4C-gyL4E5gacUeQ,Growing,Expand,service_speed,0
Fh7pRpok9KtmrXuY78xeug,Growing,Expand,service_speed,0
SBDsWNjuMFTpUDgebenNDw,Declining,Reassess,service_speed,2
03jQGGJ2ch0uHTtW-UUUqg,Declining,Growth Opportunity,service_speed,0
Qm8pSLYuVS7eIyOx5YsWBw,Growing,Expand,service_speed,1
u-xGrOvBv1bxtpAHk-SZ5w,Stable,Expand,service_speed,0
j6dvIfAzbHccoySvaqjT4w,Stable,Monitor / Intervene,service_speed,2
QV3Xa_GBeMdm7rOS4EaxVQ,Growing,Expand,service_speed,1
vXQLdqB-stL2JTP5AsPVaA,Declining,Growth Opportunity,service_speed,2
jWljp4qLuqr968VFA4EWrQ,Stable,Expand,service_speed,1
3lsE-1hRI526KHKbeytPcg,Stable,Monitor / Intervene,service_speed,0
kfRkKRVlaPAYOraik4JVXQ,Declining,Reassess,service_speed,0
MzFhaFNbE03zF84BPkN7yQ,Declining,Growth Opportunity,service_speed,1
uJBnnlqKIkfMq1H0RhfhJg,Stable,Monitor / Intervene,service_speed,0
a8_zOZgxg3lNsEyanuwluw,Growing,Expand,service_speed,0
309eD1s4UG_TkBNHUKAzYA,Declining,Growth Opportunity,service_speed,1
ObL38c-q8O9Fe-JErYG6Xw,Declining,Reassess,service_speed,0
vUkiYPpbkMXA99WneLSGkQ,Growing,Expand,service_speed,2
NDdd698xwCrCNAdaFhe-Dg,Declining,Growth Opportunity,service_speed,0
Cjwb7VQGP0u2eWYj1wnO3g,Growing,Monitor / Intervene,service_speed,0
gnpyyeWQ53WlDMJEq-YA_w,Declining,Growth Opportunity,service_speed,1
OX1eFYQwN1iYdFd0fkNpqw,Declining,Growth Opportunity,service_speed,1
Wtr51cNrv1pYyIRg_IawYQ,Declining,Growth Opportunity,service_speed,0
QhgrhVKlXZtSY6gRThf8zA,Growing,Expand,service_speed,1
qwPpnCgmvrm1WsrmyyhuvQ,Declining,Reassess,service_speed,0
aubXu1j7HfP50Ohc7JQ3RQ,Stable,Monitor / Intervene,service_speed,1
ApZoKDMHiY6sm3urIcqfxg,Growing,Expand,service_speed,1
nMDteyIwo3zLbqm45xBwFw,Growing,Expand,service_speed,1
hxPnlWZmirx7neooZykmtg,Stable,Expand,service_speed,0
us7g3OCOFDXjZpmYqQ-f3A,Stable,Expand,service_speed,0
o5Uee_gmS-y9R582PAkX6w,Declining,Growth Opportunity,service_speed,0
jIaycjmFK6ZecPx-tMR43A,Declining,Reassess,service_speed,0
z04btlhvr9rmQ00k1yVMog,Growing,Expand,service_speed,1
OTwwIvLkrS0zc8f1lNRstw,Stable,Expand,service_speed,1
_61CLj2WP5jA6X3SDDlrrg,Stable,Expand,service_speed,0
xa49Z4ar0PXDgjZyHrqbHQ,Declining,Growth Opportunity,service_speed,1
64zjcLKeEQ5_oGQDnpsj5A,Declining,Growth Opportunity,service_speed,0
DZglT5FP5VNDQJU3PuRIHw,Declining,Growth Opportunity,service_speed,1
IzyQVIJG8JAnOiRQPb0-wg,Declining,Growth Opportunity,service_speed,1
eFB8nsciED7EupYVyAnTyA,Declining,Growth Opportunity,service_speed,0
AlH5V97JSAu7AL_xdibMIg,Declining,Growth Opportunity,service_speed,2
SjCxvaC-OZLnOqAqHTXG_Q,Growing,Monitor / Intervene,service_speed,0
YzluF3FNGjnW-tOrLZt8JA,Growing,Expand,service_speed,1
WeDn7iD1ckcEg7YttkduWg,Declining,Growth Opportunity,service_speed,1
AauDx7QSes9nZOAAa4LIbQ,Declining,Growth Opportunity,service_speed,1
ZForVw2ZTiwDGfZ0XvZsXQ,Stable,Expand,service_speed,1
lS42krxXMm-HIk7dntRsKQ,Declining,Growth Opportunity,service_speed,3
pORvWLJb_ioqIrNo-yacfw,Declining,Growth Opportunity,service_speed,0
YtMgMdZfjlK6ogDIGiOJSw,Growing,Expand,service_speed,0
1qw5dIsQPNGLOwnuP7Wj1g,Growing,Expand,service_speed,0
VG_6ZamOZ3-s6ODu9BCmqQ,Stable,Monitor / Intervene,service_speed,1
dwkI0-b5PM2-yn-v7j2Agg,Stable,Expand,service_speed,1
RU0UTD_beaENcS5e9EXH-w,Declining,Reassess,service_speed,2
WgyhlYg3fnSgco4qLa20cg,Stable,Expand,service_speed,0
EI0iUUbEi3xIy74L7-GrUQ,Declining,Reassess,service_speed,0
EAF4MLS6x7mzq8CDpOcXXA,Stable,Monitor / Intervene,service_speed,0
b2egw7DXjck9sKYcBc4NCQ,Stable,Expand,service_speed,2
EpFFiPHKx9yP-WqOCuxRCw,Stable,Expand,service_speed,2
CSAJxLa_LeuIDe-lHrC03w,Stable,Monitor / Intervene,service_speed,0
TzqkyPTnK7dtHxnvgyn_4Q,Declining,Growth Opportunity,service_speed,0
mtpbu6J2Jg7RkmTSEEXtFQ,Declining,Growth Opportunity,service_speed,3
OiQ1eoqXMPyEUptpUX9JQA,Stable,Expand,service_speed,0
gWV1k7XO9DSAodAlanESFA,Stable,Expand,service_speed,1
332MG0dFd8d2JUcszdRdYw,Declining,Reassess,service_speed,0
H_EmJ9Id0pnFw2poOH2OOw,Declining,Growth Opportunity,service_speed,3
Odx1CHHhQICCehpWMg1w4g,Stable,Expand,service_speed,0
44Xh-IjWDSn7XTw1hzO50g,Growing,Expand,service_speed,3
8iiI_v2E9V4xXByGce05QQ,Stable,Expand,service_speed,0
6GePX4W6Cl8LD68zUq_MAA,Growing,Expand,service_speed,2
wTCA2ZJsssbOCjG0h0ZiGg,Declining,Growth Opportunity,service_speed,0
baF2ZFEtsIo2A1k61x3QSw,Declining,Reassess,service_speed,0
D8NEBGvh1DVHbyEs2cWVAQ,Growing,Monitor / Intervene,service_speed,1
0uWnByfZNCs0MU1Ag10ujw,Stable,Monitor / Intervene,service_speed,0
5bOUBsE1MH8jubPVI4fVmA,Declining,Growth Opportunity,service_speed,0
XBYalnLmnJH5OPNacRJIAA,Growing,Expand,service_speed,0
jsL0EmA3k75npcRvleq2VA,Stable,Expand,service_speed,0
VCTI7doVpU094lugVBP_DA,Growing,Monitor / Intervene,service_speed,0
6aClQOutEBgNxwVM2t_S9A,Stable,Monitor / Intervene,service_speed,0
OH7EpZrKPnZwZDNKQ5S8iA,Stable,Expand,service_speed,0
zAxWNkDWBvgNfIwTAyCBMw,Growing,Expand,service_speed,1
4NXtEZ7buJYC7KLzuhZg3Q,Stable,Expand,service_speed,1
REJ5UMeKH0Ylkf7Ym1rXMA,Growing,Expand,service_speed,0
ZLhu-sAejh5yGd8aV9zcGQ,Declining,Growth Opportunity,service_speed,0
RpNWMXXPnNkt8kmvJcP5ig,Stable,Expand,service_speed,0
o45O8DI0MJXYsHnoIkP0jg,Growing,Expand,service_speed,0
CaS4OzIfDfbYyGai0Wn3Zw,Declining,Growth Opportunity,service_speed,0
8hKi4SyepMGe2W1L4aQ_JQ,Growing,Monitor / Intervene,service_speed,1
JTjrrxgd3p80lS2h_YxsiQ,Declining,Growth Opportunity,service_speed,1
SNxUXrSr-XkEkSQIdjmjhA,Growing,Monitor / Intervene,service_speed,0
Itft7SwYFUXP02MpcijMOQ,Stable,Expand,service_speed,1
cGWhF0eEogy0DKPwCU9TtA,Declining,Growth Opportunity,service_speed,0
pdh91rffpM9QptHSXjJFVQ,Declining,Growth Opportunity,service_speed,2
03dIEDBsDERr6Osmey-udQ,Growing,Expand,service_speed,0
edU5K_QDvydTbWr4xfCfmg,Stable,Expand,service_speed,0
-AWclhh1_2VnqPylPgBU3g,Growing,Monitor / Intervene,service_speed,2
jS3affmkXWrBnidXA-DIfQ,Declining,Growth Opportunity,service_speed,0
S3-EuL3U_nQmiugDnYPiFw,Growing,Expand,service_speed,0
DHENrreqQDQx9NtuorNOZw,Declining,Reassess,service_speed,0
YBak8o0xCiNN4sXr3izLbg,Growing,Expand,service_speed,0
mciSzNKFRZ3HGgeSDuwUcw,Declining,Growth Opportunity,service_speed,0
UVCiRVQID_amNd_q1K5POA,Growing,Expand,service_speed,2
m_5jK3w7t4CS2ReIZI_grQ,Declining,Reassess,service_speed,2
9D0aKRGsutg8S0ClIanmrA,Growing,Expand,service_speed,2
f-9Su3hYbI-OCCt8Hz1wrw,Stable,Expand,service_speed,3
DhZVpgeBKxoLd91MiwTxpg,Declining,Growth Opportunity,service_speed,3
3S_g61xUct3Rmmx4rJS_mA,Stable,Monitor / Intervene,service_speed,0
tUcZMaE2XPp6qJK5dbZlpg,Stable,Expand,service_speed,0
KW2Ma_0uVm7KmBJhMI_yFA,Declining,Reassess,service_speed,0
SHYPQbYqbfK4CwTDjtBH7Q,Growing,Expand,service_speed,0
HHBbetQ-XRQYJprT5Qp9jw,Stable,Expand,service_speed,1
eYNcVdV5bqqg-q23_FU0Vw,Declining,Growth Opportunity,service_speed,0
VSpseb6oijtKffRRL_xfgQ,Declining,Growth Opportunity,service_speed,1
kufU0ChkDC9hZABZoUebIQ,Stable,Monitor / Intervene,service_speed,0
nOZOlidRcVHYn3bDcsXD_Q,Declining,Growth Opportunity,service_speed,0
TdrNka-oPWf4B-jN9rKltw,Stable,Expand,service_speed,0
YQD_Gm999Cthin64uLdOdA,Stable,Monitor / Intervene,service_speed,2
RalJthqqo93-7rTXGgc5Gg,Growing,Expand,service_speed,3
XupqzjOerK3DcIoWWIKslg,Stable,Expand,service_speed,0
0Nqa0zPHoB_GVucVMd9f6w,Declining,Growth Opportunity,service_speed,0
c6zgxvHn5j816s9DDAFYjA,Growing,Expand,service_speed,1
lSR0JkU7iCnR7sP-8Gjkqw,Stable,Expand,service_speed,1
kC2jUMTWt0v_cSWKa63QQA,Declining,Growth Opportunity,service_speed,0
gYYMQeg4X8FUcCxXI4c2Tw,Declining,Reassess,service_speed,2
LAtPOWQ6fUvaU64Yp9hyIg,Declining,Reassess,service_speed,1
-SCIBOTjKGJXmeMMPi-uoQ,Stable,Expand,service_speed,0
_Re2IwkeFUqUsPMRZK8jng,Stable,Expand,service_speed,1
4vy8j-L9zXXFH_wh2sVzAw,Growing,Expand,service_speed,0
ptXuSpg-ScJpAyE2QoLU4Q,Stable,Expand,service_speed,0
A37C-01zpQty9FmxvZrxEg,Declining,Growth Opportunity,service_speed,0
eImAdebEDD47dMd6zIx4MQ,Declining,Growth Opportunity,service_speed,0
kaQ-ReAmU-xO2XnQsMFwRg,Growing,Expand,service_speed,1
s9ceDy-cVHe0uzvZpWq87Q,Growing,Expand,service_speed,0
GTNh2Jx56qE5kJSOVZxZlg,Stable,Monitor / Intervene,service_speed,6
lWedWkinrM5j13pyimbpbA,Stable,Expand,service_speed,0
25sLng-w7vBXbZfyBNeOWg,Stable,Expand,service_speed,0
QXGnmsKYANxOyZBqM-zlJA,Growing,Expand,service_speed,1
a1esN1yBrh8c8jra-7WcXw,Stable,Expand,service_speed,0
Y7bpk83gKWgCmi7yKGTTug,Declining,Reassess,service_speed,2
fzYu9Rh-oqlg95QzkbIO0A,Growing,Expand,service_speed,2
HNXpuOxyh9XPm9sM98Ao3A,Growing,Expand,service_speed,1
Z0Bn-FdyZmXHBh8qQe9JLw,Growing,Expand,service_speed,0
69ccjOpx2iFvr1y2qas9uA,Stable,Expand,service_speed,2
YpUowEOcZNehoBv0lxqlpA,Declining,Reassess,service_speed,1
1XQWvgGDqzDoEOg0_7eWKA,Declining,Growth Opportunity,service_speed,2
UXOji-MYsS0SL_0ccTjbKQ,Stable,Monitor / Intervene,service_speed,2
sq3BcLyY4_jZf-zkO2itDA,Growing,Monitor / Intervene,service_speed,0
dsfRniRgfbDjC8os848B6A,Growing,Expand,service_speed,2
KiwskluQ7tMqZqvuf872vg,Growing,Monitor / Intervene,service_speed,2
7rUaXU8_IgnOrOMnN7HPQQ,Growing,Monitor / Intervene,service_speed,2
b9sLRv_j1eijFIEso8-RQg,Stable,Expand,service_speed,1
yyvFGYfw0azW5mA_th8ndQ,Stable,Expand,service_speed,1
-ib2qJmDKJgH_ZbtSu_HjA,Growing,Expand,service_speed,0
zILVkn_Gm9xASg63jWKMHw,Declining,Growth Opportunity,service_speed,0
a4fNrX46rTl4BE2WauPAUw,Declining,Reassess,service_speed,0
389Y1ecrGnPwGA4KcbiBXA,Stable,Monitor / Intervene,service_speed,2
o3mCQJcBBMDWzTY-FuUh9w,Stable,Expand,service_speed,0
jIzN5atQRz9OIeYO-Lx4mw,Growing,Expand,service_speed,2
Ljtd29uAWCaGK046QuvPhQ,Growing,Monitor / Intervene,service_speed,2
YKAcEh3jygrVpxFEugGf1g,Stable,Expand,service_speed,1
L1xIj8vAvZrZdfEVbH4qTg,Growing,Monitor / Intervene,service_speed,0
S1FwTmCAwv5ulu5gToWi_w,Declining,Growth Opportunity,service_speed,0
GKohndn_sMk2nWCh1jkAfg,Declining,Growth Opportunity,service_speed,2
1B6S6XDoX1fWnQI0_K1b1Q,Growing,Expand,service_speed,1
kn6zHpma8I_xBGTZpNe41A,Declining,Growth Opportunity,service_speed,1
9PZxjhTIU7OgPIzuGi89Ew,Growing,Expand,service_speed,1
03cvVjbkCOtiIt51M-MLFg,Stable,Expand,service_speed,0
IzTh_D90T7LZRxy1lgAG-Q,Stable,Expand,service_speed,1
-361Hc0tlxSYdrH_C3OgzA,Growing,Expand,service_speed,1
Cmw00BFD1l-_DJHPuKi2Rw,Stable,Expand,service_speed,1
d48Xrx8MhGtdaLvhcYzNWQ,Growing,Expand,service_speed,0
6XiTlNnstoTK3tUPkc0Gbw,Declining,Growth Opportunity,service_speed,3
7fHj6bMycSfo5-EqgN02Gg,Declining,Growth Opportunity,service_speed,2
9sOHuGGwb8uRVu7pANSWfg,Growing,Expand,service_speed,0
y930pQM0EUblQluRLkXLQg,Declining,Reassess,service_speed,0
zuObDJ16rxyt5ciCbhKnlA,Stable,Expand,service_speed,0
2z_dEk3ZllVLJvS-x18dog,Declining,Growth Opportunity,service_speed,0
G8qD8M6rHAMGL4Tt1SiPFA,Stable,Expand,service_speed,1
x4855nj7vfdXeVpg5fREZA,Growing,Monitor / Intervene,service_speed,0
nBqvryCdn9N_vU4rdCbnHw,Stable,Monitor / Intervene,service_speed,2
CO05TYrf8g0WTOB_bmE3uQ,Declining,Growth Opportunity,service_speed,2
1OfhM-ZKvcpxyxptCCzEwA,Declining,Growth Opportunity,service_speed,1
GoYSJ-YY-YwbxdgasHuq-Q,Growing,Expand,service_speed,1
6qRe7PF_h56tR2EkDmfg9A,Growing,Expand,service_speed,2
7y1zIK1ZtkkGIKeRUobThg,Declining,Reassess,service_speed,0
XQjnh-n0o11MhApzCfRPxg,Stable,Monitor / Intervene,service_speed,1
Ls3zQR47_wmUkupJXm59oQ,Stable,Expand,service_speed,0
K3oSW7x3LU74viHIbL8b_A,Stable,Monitor / Intervene,service_speed,0
FImeJg7pVG9K7wjuexmV4Q,Declining,Growth Opportunity,service_speed,1
jh-Sg2S4wlelkifvhjwSlg,Declining,Growth Opportunity,service_speed,2
UApicJDoDgayR1N1ZLL3vw,Stable,Expand,service_speed,2
c_MsK_ra1MB1Q9KvZgNwww,Stable,Expand,service_speed,0
SK5QTllf553tIKs0hGaZQg,Growing,Monitor / Intervene,service_speed,2
2zSQu6_cLgWAVbZ2LbSLBA,Growing,Monitor / Intervene,service_speed,2
pDR3n7cjtbTrkgDxfUUDtw,Declining,Growth Opportunity,service_speed,2
6vNOkto7t2nKHQeZ1aYQFw,Stable,Monitor / Intervene,service_speed,1
Y-xCFPYXWd9Ig0R_ZTd9mA,Declining,Growth Opportunity,service_speed,1
FLq9CEy5MCKSlMuPEhumnw,Declining,Growth Opportunity,service_speed,1
PzAYUWwfZqUOoL863k1gMg,Stable,Expand,service_speed,0
C9UylQTOh7uwZo4a7QhLyg,Stable,Expand,service_speed,0
mx31XU-QJIxObRGH_qvy3w,Stable,Expand,service_speed,0
bKaBjDbtwQh_T-3ZpKJxRQ,Stable,Expand,service_speed,3
ij_dE1TNqe_BHrzEGAWU4w,Declining,Growth Opportunity,service_speed,0
ny1N_Py01kVoGOvL9oKjMQ,Declining,Growth Opportunity,service_speed,0
ROeacJQwBeh05Rqg7F6TCg,Growing,Expand,cleanliness_ambiance,1
hTyJhpH7Bl5moMWQb4Sosg,Stable,Expand,cleanliness_ambiance,1
68ThEdiK0eWCEgGEmV9Tng,Stable,Expand,cleanliness_ambiance,1
eqNutOMnPqKa9QDAY6KfEw,Growing,Expand,cleanliness_ambiance,3
5m3ND7lNNd6zo-bNQGoXhQ,Stable,Monitor / Intervene,cleanliness_ambiance,1
WO5nr-4sjVs506BdCLL0aA,Declining,Growth Opportunity,cleanliness_ambiance,4
h85b3MFPWyaopMBy8DpBpA,Growing,Expand,cleanliness_ambiance,0
xkTjLbBC7uB-rAIDqAm-sw,Stable,Expand,cleanliness_ambiance,0
knA3b_WnHUJAyrIzzL9Lrg,Growing,Expand,cleanliness_ambiance,1
Bih0eT_lbbCUwKmGYpX0hw,Growing,Expand,cleanliness_ambiance,0
EmbZ4QwVt_zgfqMOCATsyA,Stable,Expand,cleanliness_ambiance,0
E-DcL1u330qwvoxXhipmUQ,Stable,Monitor / Intervene,cleanliness_ambiance,0
C_EtrXTygRX5RTUOKtO6Dg,Stable,Expand,cleanliness_ambiance,1
LnZvGYbqozanOSevcftnrw,Stable,Expand,cleanliness_ambiance,0
jULIPydhMj18KOI5OHTwfA,Declining,Growth Opportunity,cleanliness_ambiance,2
gCcJTKC40CL0XtYYGfcXDw,Declining,Growth Opportunity,cleanliness_ambiance,1
wCluBbW9nzS7MEMFltMwJw,Growing,Monitor / Intervene,cleanliness_ambiance,0
B-DiQpcSTJ7oMMnwzbAGTQ,Growing,Expand,cleanliness_ambiance,0
cx5rIVMN-FXwBkl2Kbot7w,Stable,Expand,cleanliness_ambiance,4
JUlsvVAvZvGHWFfkKm0nlg,Stable,Expand,cleanliness_ambiance,0
99zoELPcbwRBUqiPoaPqiQ,Growing,Expand,cleanliness_ambiance,1
Uc6PdjT_MO5bRPQsUUEy5Q,Stable,Expand,cleanliness_ambiance,0
PYUI1OJVksGUbCrteU68bw,Declining,Growth Opportunity,cleanliness_ambiance,3
l7b33ubze8Jqw7C4I1CAuA,Declining,Reassess,cleanliness_ambiance,4
2VuOLrhe2Iu_FRz1gEIqQA,Growing,Expand,cleanliness_ambiance,1
SwBhaxfQPbyhsi0QHUAN0A,Growing,Monitor / Intervene,cleanliness_ambiance,3
RnqU698MbIjq_eZHEzYL6g,Growing,Expand,cleanliness_ambiance,1
uBDXcXlLR9IuRV1N2m0SPQ,Stable,Expand,cleanliness_ambiance,0
tm94_vqmMMeAv01L-7FJzQ,Declining,Growth Opportunity,cleanliness_ambiance,1
cXSyVvOr9YRN9diDkaWs0Q,Growing,Expand,cleanliness_ambiance,0
UWk9hczxAjMT6y5C3826fw,Declining,Growth Opportunity,cleanliness_ambiance,0
OoFCe8VbzzCr88SGC08omw,Growing,Expand,cleanliness_ambiance,3
38yHZCHWgPZlDj5SqdNcpA,Growing,Monitor / Intervene,cleanliness_ambiance,1
cdiN0gHvZo3i64jwS990fQ,Declining,Growth Opportunity,cleanliness_ambiance,1
h0tUOsL3sRYVqSQlxWjW5g,Growing,Expand,cleanliness_ambiance,1
1PMlvTeQr3BpTm6GqOEckQ,Stable,Monitor / Intervene,cleanliness_ambiance,0
D1AGSvIci0E53E1Yix1mXA,Stable,Monitor / Intervene,cleanliness_ambiance,1
gkqfNyv3D84B0WR5GZOpZQ,Declining,Growth Opportunity,cleanliness_ambiance,2
R_Wi9jh57H_OzzAVWO71Bw,Growing,Expand,cleanliness_ambiance,6
kgZjJTGNc6WjKVBiSqNUoA,Stable,Expand,cleanliness_ambiance,0
ES8YqqXVu2TO6o2iwAOYSQ,Declining,Growth Opportunity,cleanliness_ambiance,0
TcJ1bB2omO0CIoEC4xtSxg,Growing,Expand,cleanliness_ambiance,0
ktM6aYuzqWd-kA8SIWswiQ,Declining,Growth Opportunity,cleanliness_ambiance,0
nF5QByCz21MY0KLtSoB5KA,Growing,Expand,cleanliness_ambiance,1
6_Gsn1ZxSosWb6mZusap0Q,Declining,Growth Opportunity,cleanliness_ambiance,3
sCPx4Sy4I1wMeZwsTzCFRg,Stable,Monitor / Intervene,cleanliness_ambiance,2
4hH1lt7mHPbl4r2O7LH6nA,Growing,Expand,cleanliness_ambiance,0
A55glg6ynzqjNAbRyTI3ig,Growing,Expand,cleanliness_ambiance,1
WN8wJ8PiBcfSPVWtZZhZfA,Growing,Expand,cleanliness_ambiance,1
jHk1OJi16n3BlO3LxkH8cw,Declining,Growth Opportunity,cleanliness_ambiance,0
HuawlT4tXzCXL8ftyvCZ0Q,Stable,Expand,cleanliness_ambiance,8
siUk0bqIjI80KBFptR1Mcw,Declining,Growth Opportunity,cleanliness_ambiance,1
g-mnsod42xN2y_LdYpoORw,Growing,Monitor / Intervene,cleanliness_ambiance,0
gGC3SvEvxsRkRBIEU0Rfrw,Stable,Expand,cleanliness_ambiance,0
W5qWPa1LPo9stvCGeVSRAg,Declining,Growth Opportunity,cleanliness_ambiance,0
jStt26nV-CBWRGxjqCzxUw,Stable,Monitor / Intervene,cleanliness_ambiance,1
mcb8blqo4lWVl91Mrp80uQ,Growing,Expand,cleanliness_ambiance,0
iZNR8-rqsBL2afDk4Zxe8A,Growing,Monitor / Intervene,cleanliness_ambiance,0
UBj0aJ6FfMR4tdvRbQ3KSA,Stable,Monitor / Intervene,cleanliness_ambiance,0
O4wZuA6Im9gQxxddCZ3kkQ,Declining,Growth Opportunity,cleanliness_ambiance,0
JiEcu8LvmlsPh_Q6Exzp9A,Declining,Growth Opportunity,cleanliness_ambiance,2
YuhQIv_c08zqfExfSiWB6g,Growing,Monitor / Intervene,cleanliness_ambiance,2
ctHjyadbDQAtUFfkcAFEHw,Growing,Expand,cleanliness_ambiance,1
GAuweBrcC_wK3a0UhZjwfA,Stable,Expand,cleanliness_ambiance,0
7VpTJyMcAnEA-Y6vj0XV4w,Stable,Expand,cleanliness_ambiance,0
nWhAxQw3bAsvXg3Oe91okw,Growing,Monitor / Intervene,cleanliness_ambiance,1
EDSqeUjhDwB8VMnIng-Q-A,Stable,Monitor / Intervene,cleanliness_ambiance,0
v72qGvd53IxhM2m8aatOpg,Growing,Expand,cleanliness_ambiance,0
qCpdeQYPf9i1EZhTnQgjtg,Declining,Growth Opportunity,cleanliness_ambiance,0
i7H6gGM5jXMMrhr8VRZXDg,Growing,Expand,cleanliness_ambiance,5
yG5tkMER9Ftkv4RDwMaQuA,Growing,Expand,cleanliness_ambiance,0
3bMVhRoYXU4UND8G0xLflw,Declining,Growth Opportunity,cleanliness_ambiance,0
x5NLYIRLdhFBaNLLvl8Afg,Declining,Growth Opportunity,cleanliness_ambiance,1
hyXrO6RoAi5GnTl8s72Pkw,Declining,Reassess,cleanliness_ambiance,0
ra6Ejpr6Y5nJL1Um6pzTdg,Stable,Expand,cleanliness_ambiance,1
t3PkHzVTvPA8qRxKe9TIkQ,Growing,Expand,cleanliness_ambiance,2
yj0SWZvJ0tGwAywoVxPT5A,Growing,Expand,cleanliness_ambiance,0
wXKiStXyJo0zI4uCwpNFMg,Growing,Expand,cleanliness_ambiance,0
Cch7lpybfh4V0_1j8Nr3yQ,Growing,Expand,cleanliness_ambiance,0
vwAhm3pRjCEz_jNXr9vMaA,Growing,Expand,cleanliness_ambiance,0
_UOg5_pk9IhKee91eWrT4A,Declining,Growth Opportunity,cleanliness_ambiance,1
bN_9QgxdOIk4oK-6fBDJtQ,Declining,Growth Opportunity,cleanliness_ambiance,1
FvBUare-QfqoTyHIvbWkvA,Growing,Expand,cleanliness_ambiance,1
HNMN7NhEvA64Z0FDEA2Twg,Growing,Expand,cleanliness_ambiance,0
j4KA-BujEH7xmG6bD5E-gQ,Declining,Growth Opportunity,cleanliness_ambiance,3
wGnBaLvgH3hrq6C3AnO5Mg,Stable,Monitor / Intervene,cleanliness_ambiance,0
_05DcCQmCP5aGnfCnI4r9Q,Growing,Expand,cleanliness_ambiance,4
or_WcjWELDsssk2JruvJcg,Declining,Growth Opportunity,cleanliness_ambiance,3
9YyeoqIBSEL_uikPBTZZUQ,Stable,Expand,cleanliness_ambiance,0
3eAGbHu2VFz8dVNC_dO5ow,Stable,Expand,cleanliness_ambiance,0
eoj3iAmpgbRIi56yxcTQxA,Growing,Monitor / Intervene,cleanliness_ambiance,2
-n_beuzQuajaezPD2PyQvA,Stable,Monitor / Intervene,cleanliness_ambiance,0
JrG4NINLspXPNhSXg7Q07Q,Growing,Expand,cleanliness_ambiance,2
7QVS6kcmc2vfp3TDCGX-Cw,Stable,Expand,cleanliness_ambiance,0
4EXm70lqkCxZ-WtgNon8sw,Stable,Expand,cleanliness_ambiance,1
sg4zySgp0Al1WNk-JhTbHQ,Stable,Monitor / Intervene,cleanliness_ambiance,0
7LskDbqERsCsiPNKjmNnrA,Growing,Expand,cleanliness_ambiance,0
sL6fC0P4C-gyL4E5gacUeQ,Growing,Expand,cleanliness_ambiance,0
Fh7pRpok9KtmrXuY78xeug,Growing,Expand,cleanliness_ambiance,0
SBDsWNjuMFTpUDgebenNDw,Declining,Reassess,cleanliness_ambiance,0
03jQGGJ2ch0uHTtW-UUUqg,Declining,Growth Opportunity,cleanliness_ambiance,0
Qm8pSLYuVS7eIyOx5YsWBw,Growing,Expand,cleanliness_ambiance,0
u-xGrOvBv1bxtpAHk-SZ5w,Stable,Expand,cleanliness_ambiance,1
j6dvIfAzbHccoySvaqjT4w,Stable,Monitor / Intervene,cleanliness_ambiance,0
QV3Xa_GBeMdm7rOS4EaxVQ,Growing,Expand,cleanliness_ambiance,0
vXQLdqB-stL2JTP5AsPVaA,Declining,Growth Opportunity,cleanliness_ambiance,2
jWljp4qLuqr968VFA4EWrQ,Stable,Expand,cleanliness_ambiance,1
3lsE-1hRI526KHKbeytPcg,Stable,Monitor / Intervene,cleanliness_ambiance,0
kfRkKRVlaPAYOraik4JVXQ,Declining,Reassess,cleanliness_ambiance,0
MzFhaFNbE03zF84BPkN7yQ,Declining,Growth Opportunity,cleanliness_ambiance,1
uJBnnlqKIkfMq1H0RhfhJg,Stable,Monitor / Intervene,cleanliness_ambiance,1
a8_zOZgxg3lNsEyanuwluw,Growing,Expand,cleanliness_ambiance,0
309eD1s4UG_TkBNHUKAzYA,Declining,Growth Opportunity,cleanliness_ambiance,1
ObL38c-q8O9Fe-JErYG6Xw,Declining,Reassess,cleanliness_ambiance,1
vUkiYPpbkMXA99WneLSGkQ,Growing,Expand,cleanliness_ambiance,0
NDdd698xwCrCNAdaFhe-Dg,Declining,Growth Opportunity,cleanliness_ambiance,1
Cjwb7VQGP0u2eWYj1wnO3g,Growing,Monitor / Intervene,cleanliness_ambiance,4
gnpyyeWQ53WlDMJEq-YA_w,Declining,Growth Opportunity,cleanliness_ambiance,1
OX1eFYQwN1iYdFd0fkNpqw,Declining,Growth Opportunity,cleanliness_ambiance,2
Wtr51cNrv1pYyIRg_IawYQ,Declining,Growth Opportunity,cleanliness_ambiance,4
QhgrhVKlXZtSY6gRThf8zA,Growing,Expand,cleanliness_ambiance,1
qwPpnCgmvrm1WsrmyyhuvQ,Declining,Reassess,cleanliness_ambiance,0
aubXu1j7HfP50Ohc7JQ3RQ,Stable,Monitor / Intervene,cleanliness_ambiance,0
ApZoKDMHiY6sm3urIcqfxg,Growing,Expand,cleanliness_ambiance,0
nMDteyIwo3zLbqm45xBwFw,Growing,Expand,cleanliness_ambiance,3
hxPnlWZmirx7neooZykmtg,Stable,Expand,cleanliness_ambiance,4
us7g3OCOFDXjZpmYqQ-f3A,Stable,Expand,cleanliness_ambiance,0
o5Uee_gmS-y9R582PAkX6w,Declining,Growth Opportunity,cleanliness_ambiance,1
jIaycjmFK6ZecPx-tMR43A,Declining,Reassess,cleanliness_ambiance,1
z04btlhvr9rmQ00k1yVMog,Growing,Expand,cleanliness_ambiance,0
OTwwIvLkrS0zc8f1lNRstw,Stable,Expand,cleanliness_ambiance,1
_61CLj2WP5jA6X3SDDlrrg,Stable,Expand,cleanliness_ambiance,0
xa49Z4ar0PXDgjZyHrqbHQ,Declining,Growth Opportunity,cleanliness_ambiance,1
64zjcLKeEQ5_oGQDnpsj5A,Declining,Growth Opportunity,cleanliness_ambiance,1
DZglT5FP5VNDQJU3PuRIHw,Declining,Growth Opportunity,cleanliness_ambiance,1
IzyQVIJG8JAnOiRQPb0-wg,Declining,Growth Opportunity,cleanliness_ambiance,0
eFB8nsciED7EupYVyAnTyA,Declining,Growth Opportunity,cleanliness_ambiance,1
AlH5V97JSAu7AL_xdibMIg,Declining,Growth Opportunity,cleanliness_ambiance,3
SjCxvaC-OZLnOqAqHTXG_Q,Growing,Monitor / Intervene,cleanliness_ambiance,0
YzluF3FNGjnW-tOrLZt8JA,Growing,Expand,cleanliness_ambiance,1
WeDn7iD1ckcEg7YttkduWg,Declining,Growth Opportunity,cleanliness_ambiance,2
AauDx7QSes9nZOAAa4LIbQ,Declining,Growth Opportunity,cleanliness_ambiance,2
ZForVw2ZTiwDGfZ0XvZsXQ,Stable,Expand,cleanliness_ambiance,4
lS42krxXMm-HIk7dntRsKQ,Declining,Growth Opportunity,cleanliness_ambiance,0
pORvWLJb_ioqIrNo-yacfw,Declining,Growth Opportunity,cleanliness_ambiance,1
YtMgMdZfjlK6ogDIGiOJSw,Growing,Expand,cleanliness_ambiance,0
1qw5dIsQPNGLOwnuP7Wj1g,Growing,Expand,cleanliness_ambiance,2
VG_6ZamOZ3-s6ODu9BCmqQ,Stable,Monitor / Intervene,cleanliness_ambiance,0
dwkI0-b5PM2-yn-v7j2Agg,Stable,Expand,cleanliness_ambiance,1
RU0UTD_beaENcS5e9EXH-w,Declining,Reassess,cleanliness_ambiance,0
WgyhlYg3fnSgco4qLa20cg,Stable,Expand,cleanliness_ambiance,1
EI0iUUbEi3xIy74L7-GrUQ,Declining,Reassess,cleanliness_ambiance,2
EAF4MLS6x7mzq8CDpOcXXA,Stable,Monitor / Intervene,cleanliness_ambiance,0
b2egw7DXjck9sKYcBc4NCQ,Stable,Expand,cleanliness_ambiance,0
EpFFiPHKx9yP-WqOCuxRCw,Stable,Expand,cleanliness_ambiance,0
CSAJxLa_LeuIDe-lHrC03w,Stable,Monitor / Intervene,cleanliness_ambiance,0
TzqkyPTnK7dtHxnvgyn_4Q,Declining,Growth Opportunity,cleanliness_ambiance,1
mtpbu6J2Jg7RkmTSEEXtFQ,Declining,Growth Opportunity,cleanliness_ambiance,2
OiQ1eoqXMPyEUptpUX9JQA,Stable,Expand,cleanliness_ambiance,0
gWV1k7XO9DSAodAlanESFA,Stable,Expand,cleanliness_ambiance,0
332MG0dFd8d2JUcszdRdYw,Declining,Reassess,cleanliness_ambiance,0
H_EmJ9Id0pnFw2poOH2OOw,Declining,Growth Opportunity,cleanliness_ambiance,0
Odx1CHHhQICCehpWMg1w4g,Stable,Expand,cleanliness_ambiance,0
44Xh-IjWDSn7XTw1hzO50g,Growing,Expand,cleanliness_ambiance,0
8iiI_v2E9V4xXByGce05QQ,Stable,Expand,cleanliness_ambiance,2
6GePX4W6Cl8LD68zUq_MAA,Growing,Expand,cleanliness_ambiance,2
wTCA2ZJsssbOCjG0h0ZiGg,Declining,Growth Opportunity,cleanliness_ambiance,0
baF2ZFEtsIo2A1k61x3QSw,Declining,Reassess,cleanliness_ambiance,3
D8NEBGvh1DVHbyEs2cWVAQ,Growing,Monitor / Intervene,cleanliness_ambiance,0
0uWnByfZNCs0MU1Ag10ujw,Stable,Monitor / Intervene,cleanliness_ambiance,1
5bOUBsE1MH8jubPVI4fVmA,Declining,Growth Opportunity,cleanliness_ambiance,3
XBYalnLmnJH5OPNacRJIAA,Growing,Expand,cleanliness_ambiance,0
jsL0EmA3k75npcRvleq2VA,Stable,Expand,cleanliness_ambiance,1
VCTI7doVpU094lugVBP_DA,Growing,Monitor / Intervene,cleanliness_ambiance,0
6aClQOutEBgNxwVM2t_S9A,Stable,Monitor / Intervene,cleanliness_ambiance,1
OH7EpZrKPnZwZDNKQ5S8iA,Stable,Expand,cleanliness_ambiance,0
zAxWNkDWBvgNfIwTAyCBMw,Growing,Expand,cleanliness_ambiance,0
4NXtEZ7buJYC7KLzuhZg3Q,Stable,Expand,cleanliness_ambiance,1
REJ5UMeKH0Ylkf7Ym1rXMA,Growing,Expand,cleanliness_ambiance,0
ZLhu-sAejh5yGd8aV9zcGQ,Declining,Growth Opportunity,cleanliness_ambiance,1
RpNWMXXPnNkt8kmvJcP5ig,Stable,Expand,cleanliness_ambiance,3
o45O8DI0MJXYsHnoIkP0jg,Growing,Expand,cleanliness_ambiance,1
CaS4OzIfDfbYyGai0Wn3Zw,Declining,Growth Opportunity,cleanliness_ambiance,0
8hKi4SyepMGe2W1L4aQ_JQ,Growing,Monitor / Intervene,cleanliness_ambiance,0
JTjrrxgd3p80lS2h_YxsiQ,Declining,Growth Opportunity,cleanliness_ambiance,0
SNxUXrSr-XkEkSQIdjmjhA,Growing,Monitor / Intervene,cleanliness_ambiance,1
Itft7SwYFUXP02MpcijMOQ,Stable,Expand,cleanliness_ambiance,0
cGWhF0eEogy0DKPwCU9TtA,Declining,Growth Opportunity,cleanliness_ambiance,1
pdh91rffpM9QptHSXjJFVQ,Declining,Growth Opportunity,cleanliness_ambiance,1
03dIEDBsDERr6Osmey-udQ,Growing,Expand,cleanliness_ambiance,3
edU5K_QDvydTbWr4xfCfmg,Stable,Expand,cleanliness_ambiance,0
-AWclhh1_2VnqPylPgBU3g,Growing,Monitor / Intervene,cleanliness_ambiance,2
jS3affmkXWrBnidXA-DIfQ,Declining,Growth Opportunity,cleanliness_ambiance,1
S3-EuL3U_nQmiugDnYPiFw,Growing,Expand,cleanliness_ambiance,2
DHENrreqQDQx9NtuorNOZw,Declining,Reassess,cleanliness_ambiance,0
YBak8o0xCiNN4sXr3izLbg,Growing,Expand,cleanliness_ambiance,3
mciSzNKFRZ3HGgeSDuwUcw,Declining,Growth Opportunity,cleanliness_ambiance,1
UVCiRVQID_amNd_q1K5POA,Growing,Expand,cleanliness_ambiance,3
m_5jK3w7t4CS2ReIZI_grQ,Declining,Reassess,cleanliness_ambiance,0
9D0aKRGsutg8S0ClIanmrA,Growing,Expand,cleanliness_ambiance,5
f-9Su3hYbI-OCCt8Hz1wrw,Stable,Expand,cleanliness_ambiance,0
DhZVpgeBKxoLd91MiwTxpg,Declining,Growth Opportunity,cleanliness_ambiance,3
3S_g61xUct3Rmmx4rJS_mA,Stable,Monitor / Intervene,cleanliness_ambiance,0
tUcZMaE2XPp6qJK5dbZlpg,Stable,Expand,cleanliness_ambiance,0
KW2Ma_0uVm7KmBJhMI_yFA,Declining,Reassess,cleanliness_ambiance,1
SHYPQbYqbfK4CwTDjtBH7Q,Growing,Expand,cleanliness_ambiance,0
HHBbetQ-XRQYJprT5Qp9jw,Stable,Expand,cleanliness_ambiance,2
eYNcVdV5bqqg-q23_FU0Vw,Declining,Growth Opportunity,cleanliness_ambiance,1
VSpseb6oijtKffRRL_xfgQ,Declining,Growth Opportunity,cleanliness_ambiance,1
kufU0ChkDC9hZABZoUebIQ,Stable,Monitor / Intervene,cleanliness_ambiance,0
nOZOlidRcVHYn3bDcsXD_Q,Declining,Growth Opportunity,cleanliness_ambiance,1
TdrNka-oPWf4B-jN9rKltw,Stable,Expand,cleanliness_ambiance,8
YQD_Gm999Cthin64uLdOdA,Stable,Monitor / Intervene,cleanliness_ambiance,0
RalJthqqo93-7rTXGgc5Gg,Growing,Expand,cleanliness_ambiance,0
XupqzjOerK3DcIoWWIKslg,Stable,Expand,cleanliness_ambiance,0
0Nqa0zPHoB_GVucVMd9f6w,Declining,Growth Opportunity,cleanliness_ambiance,1
c6zgxvHn5j816s9DDAFYjA,Growing,Expand,cleanliness_ambiance,1
lSR0JkU7iCnR7sP-8Gjkqw,Stable,Expand,cleanliness_ambiance,5
kC2jUMTWt0v_cSWKa63QQA,Declining,Growth Opportunity,cleanliness_ambiance,1
gYYMQeg4X8FUcCxXI4c2Tw,Declining,Reassess,cleanliness_ambiance,0
LAtPOWQ6fUvaU64Yp9hyIg,Declining,Reassess,cleanliness_ambiance,1
-SCIBOTjKGJXmeMMPi-uoQ,Stable,Expand,cleanliness_ambiance,0
_Re2IwkeFUqUsPMRZK8jng,Stable,Expand,cleanliness_ambiance,0
4vy8j-L9zXXFH_wh2sVzAw,Growing,Expand,cleanliness_ambiance,1
ptXuSpg-ScJpAyE2QoLU4Q,Stable,Expand,cleanliness_ambiance,1
A37C-01zpQty9FmxvZrxEg,Declining,Growth Opportunity,cleanliness_ambiance,0
eImAdebEDD47dMd6zIx4MQ,Declining,Growth Opportunity,cleanliness_ambiance,0
kaQ-ReAmU-xO2XnQsMFwRg,Growing,Expand,cleanliness_ambiance,2
s9ceDy-cVHe0uzvZpWq87Q,Growing,Expand,cleanliness_ambiance,1
GTNh2Jx56qE5kJSOVZxZlg,Stable,Monitor / Intervene,cleanliness_ambiance,0
lWedWkinrM5j13pyimbpbA,Stable,Expand,cleanliness_ambiance,1
25sLng-w7vBXbZfyBNeOWg,Stable,Expand,cleanliness_ambiance,0
QXGnmsKYANxOyZBqM-zlJA,Growing,Expand,cleanliness_ambiance,3
a1esN1yBrh8c8jra-7WcXw,Stable,Expand,cleanliness_ambiance,0
Y7bpk83gKWgCmi7yKGTTug,Declining,Reassess,cleanliness_ambiance,0
fzYu9Rh-oqlg95QzkbIO0A,Growing,Expand,cleanliness_ambiance,5
HNXpuOxyh9XPm9sM98Ao3A,Growing,Expand,cleanliness_ambiance,0
Z0Bn-FdyZmXHBh8qQe9JLw,Growing,Expand,cleanliness_ambiance,1
69ccjOpx2iFvr1y2qas9uA,Stable,Expand,cleanliness_ambiance,2
YpUowEOcZNehoBv0lxqlpA,Declining,Reassess,cleanliness_ambiance,0
1XQWvgGDqzDoEOg0_7eWKA,Declining,Growth Opportunity,cleanliness_ambiance,3
UXOji-MYsS0SL_0ccTjbKQ,Stable,Monitor / Intervene,cleanliness_ambiance,0
sq3BcLyY4_jZf-zkO2itDA,Growing,Monitor / Intervene,cleanliness_ambiance,2
dsfRniRgfbDjC8os848B6A,Growing,Expand,cleanliness_ambiance,0
KiwskluQ7tMqZqvuf872vg,Growing,Monitor / Intervene,cleanliness_ambiance,1
7rUaXU8_IgnOrOMnN7HPQQ,Growing,Monitor / Intervene,cleanliness_ambiance,1
b9sLRv_j1eijFIEso8-RQg,Stable,Expand,cleanliness_ambiance,1
yyvFGYfw0azW5mA_th8ndQ,Stable,Expand,cleanliness_ambiance,1
-ib2qJmDKJgH_ZbtSu_HjA,Growing,Expand,cleanliness_ambiance,0
zILVkn_Gm9xASg63jWKMHw,Declining,Growth Opportunity,cleanliness_ambiance,0
a4fNrX46rTl4BE2WauPAUw,Declining,Reassess,cleanliness_ambiance,0
389Y1ecrGnPwGA4KcbiBXA,Stable,Monitor / Intervene,cleanliness_ambiance,0
o3mCQJcBBMDWzTY-FuUh9w,Stable,Expand,cleanliness_ambiance,2
jIzN5atQRz9OIeYO-Lx4mw,Growing,Expand,cleanliness_ambiance,1
Ljtd29uAWCaGK046QuvPhQ,Growing,Monitor / Intervene,cleanliness_ambiance,1
YKAcEh3jygrVpxFEugGf1g,Stable,Expand,cleanliness_ambiance,0
L1xIj8vAvZrZdfEVbH4qTg,Growing,Monitor / Intervene,cleanliness_ambiance,0
S1FwTmCAwv5ulu5gToWi_w,Declining,Growth Opportunity,cleanliness_ambiance,1
GKohndn_sMk2nWCh1jkAfg,Declining,Growth Opportunity,cleanliness_ambiance,1
1B6S6XDoX1fWnQI0_K1b1Q,Growing,Expand,cleanliness_ambiance,6
kn6zHpma8I_xBGTZpNe41A,Declining,Growth Opportunity,cleanliness_ambiance,0
9PZxjhTIU7OgPIzuGi89Ew,Growing,Expand,cleanliness_ambiance,2
03cvVjbkCOtiIt51M-MLFg,Stable,Expand,cleanliness_ambiance,0
IzTh_D90T7LZRxy1lgAG-Q,Stable,Expand,cleanliness_ambiance,0
-361Hc0tlxSYdrH_C3OgzA,Growing,Expand,cleanliness_ambiance,4
Cmw00BFD1l-_DJHPuKi2Rw,Stable,Expand,cleanliness_ambiance,0
d48Xrx8MhGtdaLvhcYzNWQ,Growing,Expand,cleanliness_ambiance,4
6XiTlNnstoTK3tUPkc0Gbw,Declining,Growth Opportunity,cleanliness_ambiance,0
7fHj6bMycSfo5-EqgN02Gg,Declining,Growth Opportunity,cleanliness_ambiance,2
9sOHuGGwb8uRVu7pANSWfg,Growing,Expand,cleanliness_ambiance,0
y930pQM0EUblQluRLkXLQg,Declining,Reassess,cleanliness_ambiance,1
zuObDJ16rxyt5ciCbhKnlA,Stable,Expand,cleanliness_ambiance,1
2z_dEk3ZllVLJvS-x18dog,Declining,Growth Opportunity,cleanliness_ambiance,0
G8qD8M6rHAMGL4Tt1SiPFA,Stable,Expand,cleanliness_ambiance,1
x4855nj7vfdXeVpg5fREZA,Growing,Monitor / Intervene,cleanliness_ambiance,1
nBqvryCdn9N_vU4rdCbnHw,Stable,Monitor / Intervene,cleanliness_ambiance,0
CO05TYrf8g0WTOB_bmE3uQ,Declining,Growth Opportunity,cleanliness_ambiance,2
1OfhM-ZKvcpxyxptCCzEwA,Declining,Growth Opportunity,cleanliness_ambiance,5
GoYSJ-YY-YwbxdgasHuq-Q,Growing,Expand,cleanliness_ambiance,2
6qRe7PF_h56tR2EkDmfg9A,Growing,Expand,cleanliness_ambiance,3
7y1zIK1ZtkkGIKeRUobThg,Declining,Reassess,cleanliness_ambiance,1
XQjnh-n0o11MhApzCfRPxg,Stable,Monitor / Intervene,cleanliness_ambiance,0
Ls3zQR47_wmUkupJXm59oQ,Stable,Expand,cleanliness_ambiance,0
K3oSW7x3LU74viHIbL8b_A,Stable,Monitor / Intervene,cleanliness_ambiance,0
FImeJg7pVG9K7wjuexmV4Q,Declining,Growth Opportunity,cleanliness_ambiance,0
jh-Sg2S4wlelkifvhjwSlg,Declining,Growth Opportunity,cleanliness_ambiance,0
UApicJDoDgayR1N1ZLL3vw,Stable,Expand,cleanliness_ambiance,1
c_MsK_ra1MB1Q9KvZgNwww,Stable,Expand,cleanliness_ambiance,4
SK5QTllf553tIKs0hGaZQg,Growing,Monitor / Intervene,cleanliness_ambiance,1
2zSQu6_cLgWAVbZ2LbSLBA,Growing,Monitor / Intervene,cleanliness_ambiance,0
pDR3n7cjtbTrkgDxfUUDtw,Declining,Growth Opportunity,cleanliness_ambiance,0
6vNOkto7t2nKHQeZ1aYQFw,Stable,Monitor / Intervene,cleanliness_ambiance,0
Y-xCFPYXWd9Ig0R_ZTd9mA,Declining,Growth Opportunity,cleanliness_ambiance,0
FLq9CEy5MCKSlMuPEhumnw,Declining,Growth Opportunity,cleanliness_ambiance,1
PzAYUWwfZqUOoL863k1gMg,Stable,Expand,cleanliness_ambiance,0
C9UylQTOh7uwZo4a7QhLyg,Stable,Expand,cleanliness_ambiance,4
mx31XU-QJIxObRGH_qvy3w,Stable,Expand,cleanliness_ambiance,0
bKaBjDbtwQh_T-3ZpKJxRQ,Stable,Expand,cleanliness_ambiance,0
ij_dE1TNqe_BHrzEGAWU4w,Declining,Growth Opportunity,cleanliness_ambiance,0
ny1N_Py01kVoGOvL9oKjMQ,Declining,Growth Opportunity,cleanliness_ambiance,3
ROeacJQwBeh05Rqg7F6TCg,Growing,Expand,order_accuracy_wait_time,0
hTyJhpH7Bl5moMWQb4Sosg,Stable,Expand,order_accuracy_wait_time,1
68ThEdiK0eWCEgGEmV9Tng,Stable,Expand,order_accuracy_wait_time,0
eqNutOMnPqKa9QDAY6KfEw,Growing,Expand,order_accuracy_wait_time,2
5m3ND7lNNd6zo-bNQGoXhQ,Stable,Monitor / Intervene,order_accuracy_wait_time,2
WO5nr-4sjVs506BdCLL0aA,Declining,Growth Opportunity,order_accuracy_wait_time,0
h85b3MFPWyaopMBy8DpBpA,Growing,Expand,order_accuracy_wait_time,0
xkTjLbBC7uB-rAIDqAm-sw,Stable,Expand,order_accuracy_wait_time,0
knA3b_WnHUJAyrIzzL9Lrg,Growing,Expand,order_accuracy_wait_time,0
Bih0eT_lbbCUwKmGYpX0hw,Growing,Expand,order_accuracy_wait_time,2
EmbZ4QwVt_zgfqMOCATsyA,Stable,Expand,order_accuracy_wait_time,0
E-DcL1u330qwvoxXhipmUQ,Stable,Monitor / Intervene,order_accuracy_wait_time,0
C_EtrXTygRX5RTUOKtO6Dg,Stable,Expand,order_accuracy_wait_time,0
LnZvGYbqozanOSevcftnrw,Stable,Expand,order_accuracy_wait_time,2
jULIPydhMj18KOI5OHTwfA,Declining,Growth Opportunity,order_accuracy_wait_time,2
gCcJTKC40CL0XtYYGfcXDw,Declining,Growth Opportunity,order_accuracy_wait_time,0
wCluBbW9nzS7MEMFltMwJw,Growing,Monitor / Intervene,order_accuracy_wait_time,1
B-DiQpcSTJ7oMMnwzbAGTQ,Growing,Expand,order_accuracy_wait_time,0
cx5rIVMN-FXwBkl2Kbot7w,Stable,Expand,order_accuracy_wait_time,1
JUlsvVAvZvGHWFfkKm0nlg,Stable,Expand,order_accuracy_wait_time,0
99zoELPcbwRBUqiPoaPqiQ,Growing,Expand,order_accuracy_wait_time,0
Uc6PdjT_MO5bRPQsUUEy5Q,Stable,Expand,order_accuracy_wait_time,2
PYUI1OJVksGUbCrteU68bw,Declining,Growth Opportunity,order_accuracy_wait_time,0
l7b33ubze8Jqw7C4I1CAuA,Declining,Reassess,order_accuracy_wait_time,0
2VuOLrhe2Iu_FRz1gEIqQA,Growing,Expand,order_accuracy_wait_time,1
SwBhaxfQPbyhsi0QHUAN0A,Growing,Monitor / Intervene,order_accuracy_wait_time,1
RnqU698MbIjq_eZHEzYL6g,Growing,Expand,order_accuracy_wait_time,1
uBDXcXlLR9IuRV1N2m0SPQ,Stable,Expand,order_accuracy_wait_time,2
tm94_vqmMMeAv01L-7FJzQ,Declining,Growth Opportunity,order_accuracy_wait_time,0
cXSyVvOr9YRN9diDkaWs0Q,Growing,Expand,order_accuracy_wait_time,1
UWk9hczxAjMT6y5C3826fw,Declining,Growth Opportunity,order_accuracy_wait_time,0
OoFCe8VbzzCr88SGC08omw,Growing,Expand,order_accuracy_wait_time,0
38yHZCHWgPZlDj5SqdNcpA,Growing,Monitor / Intervene,order_accuracy_wait_time,1
cdiN0gHvZo3i64jwS990fQ,Declining,Growth Opportunity,order_accuracy_wait_time,0
h0tUOsL3sRYVqSQlxWjW5g,Growing,Expand,order_accuracy_wait_time,2
1PMlvTeQr3BpTm6GqOEckQ,Stable,Monitor / Intervene,order_accuracy_wait_time,0
D1AGSvIci0E53E1Yix1mXA,Stable,Monitor / Intervene,order_accuracy_wait_time,2
gkqfNyv3D84B0WR5GZOpZQ,Declining,Growth Opportunity,order_accuracy_wait_time,1
R_Wi9jh57H_OzzAVWO71Bw,Growing,Expand,order_accuracy_wait_time,0
kgZjJTGNc6WjKVBiSqNUoA,Stable,Expand,order_accuracy_wait_time,1
ES8YqqXVu2TO6o2iwAOYSQ,Declining,Growth Opportunity,order_accuracy_wait_time,2
TcJ1bB2omO0CIoEC4xtSxg,Growing,Expand,order_accuracy_wait_time,0
ktM6aYuzqWd-kA8SIWswiQ,Declining,Growth Opportunity,order_accuracy_wait_time,1
nF5QByCz21MY0KLtSoB5KA,Growing,Expand,order_accuracy_wait_time,1
6_Gsn1ZxSosWb6mZusap0Q,Declining,Growth Opportunity,order_accuracy_wait_time,0
sCPx4Sy4I1wMeZwsTzCFRg,Stable,Monitor / Intervene,order_accuracy_wait_time,1
4hH1lt7mHPbl4r2O7LH6nA,Growing,Expand,order_accuracy_wait_time,0
A55glg6ynzqjNAbRyTI3ig,Growing,Expand,order_accuracy_wait_time,3
WN8wJ8PiBcfSPVWtZZhZfA,Growing,Expand,order_accuracy_wait_time,0
jHk1OJi16n3BlO3LxkH8cw,Declining,Growth Opportunity,order_accuracy_wait_time,0
HuawlT4tXzCXL8ftyvCZ0Q,Stable,Expand,order_accuracy_wait_time,1
siUk0bqIjI80KBFptR1Mcw,Declining,Growth Opportunity,order_accuracy_wait_time,0
g-mnsod42xN2y_LdYpoORw,Growing,Monitor / Intervene,order_accuracy_wait_time,1
gGC3SvEvxsRkRBIEU0Rfrw,Stable,Expand,order_accuracy_wait_time,1
W5qWPa1LPo9stvCGeVSRAg,Declining,Growth Opportunity,order_accuracy_wait_time,0
jStt26nV-CBWRGxjqCzxUw,Stable,Monitor / Intervene,order_accuracy_wait_time,2
mcb8blqo4lWVl91Mrp80uQ,Growing,Expand,order_accuracy_wait_time,1
iZNR8-rqsBL2afDk4Zxe8A,Growing,Monitor / Intervene,order_accuracy_wait_time,1
UBj0aJ6FfMR4tdvRbQ3KSA,Stable,Monitor / Intervene,order_accuracy_wait_time,4
O4wZuA6Im9gQxxddCZ3kkQ,Declining,Growth Opportunity,order_accuracy_wait_time,0
JiEcu8LvmlsPh_Q6Exzp9A,Declining,Growth Opportunity,order_accuracy_wait_time,1
YuhQIv_c08zqfExfSiWB6g,Growing,Monitor / Intervene,order_accuracy_wait_time,0
ctHjyadbDQAtUFfkcAFEHw,Growing,Expand,order_accuracy_wait_time,0
GAuweBrcC_wK3a0UhZjwfA,Stable,Expand,order_accuracy_wait_time,0
7VpTJyMcAnEA-Y6vj0XV4w,Stable,Expand,order_accuracy_wait_time,0
nWhAxQw3bAsvXg3Oe91okw,Growing,Monitor / Intervene,order_accuracy_wait_time,1
EDSqeUjhDwB8VMnIng-Q-A,Stable,Monitor / Intervene,order_accuracy_wait_time,1
v72qGvd53IxhM2m8aatOpg,Growing,Expand,order_accuracy_wait_time,1
qCpdeQYPf9i1EZhTnQgjtg,Declining,Growth Opportunity,order_accuracy_wait_time,1
i7H6gGM5jXMMrhr8VRZXDg,Growing,Expand,order_accuracy_wait_time,0
yG5tkMER9Ftkv4RDwMaQuA,Growing,Expand,order_accuracy_wait_time,0
3bMVhRoYXU4UND8G0xLflw,Declining,Growth Opportunity,order_accuracy_wait_time,0
x5NLYIRLdhFBaNLLvl8Afg,Declining,Growth Opportunity,order_accuracy_wait_time,1
hyXrO6RoAi5GnTl8s72Pkw,Declining,Reassess,order_accuracy_wait_time,1
ra6Ejpr6Y5nJL1Um6pzTdg,Stable,Expand,order_accuracy_wait_time,0
t3PkHzVTvPA8qRxKe9TIkQ,Growing,Expand,order_accuracy_wait_time,3
yj0SWZvJ0tGwAywoVxPT5A,Growing,Expand,order_accuracy_wait_time,0
wXKiStXyJo0zI4uCwpNFMg,Growing,Expand,order_accuracy_wait_time,0
Cch7lpybfh4V0_1j8Nr3yQ,Growing,Expand,order_accuracy_wait_time,0
vwAhm3pRjCEz_jNXr9vMaA,Growing,Expand,order_accuracy_wait_time,1
_UOg5_pk9IhKee91eWrT4A,Declining,Growth Opportunity,order_accuracy_wait_time,1
bN_9QgxdOIk4oK-6fBDJtQ,Declining,Growth Opportunity,order_accuracy_wait_time,0
FvBUare-QfqoTyHIvbWkvA,Growing,Expand,order_accuracy_wait_time,0
HNMN7NhEvA64Z0FDEA2Twg,Growing,Expand,order_accuracy_wait_time,0
j4KA-BujEH7xmG6bD5E-gQ,Declining,Growth Opportunity,order_accuracy_wait_time,0
wGnBaLvgH3hrq6C3AnO5Mg,Stable,Monitor / Intervene,order_accuracy_wait_time,0
_05DcCQmCP5aGnfCnI4r9Q,Growing,Expand,order_accuracy_wait_time,0
or_WcjWELDsssk2JruvJcg,Declining,Growth Opportunity,order_accuracy_wait_time,0
9YyeoqIBSEL_uikPBTZZUQ,Stable,Expand,order_accuracy_wait_time,0
3eAGbHu2VFz8dVNC_dO5ow,Stable,Expand,order_accuracy_wait_time,0
eoj3iAmpgbRIi56yxcTQxA,Growing,Monitor / Intervene,order_accuracy_wait_time,1
-n_beuzQuajaezPD2PyQvA,Stable,Monitor / Intervene,order_accuracy_wait_time,0
JrG4NINLspXPNhSXg7Q07Q,Growing,Expand,order_accuracy_wait_time,0
7QVS6kcmc2vfp3TDCGX-Cw,Stable,Expand,order_accuracy_wait_time,0
4EXm70lqkCxZ-WtgNon8sw,Stable,Expand,order_accuracy_wait_time,1
sg4zySgp0Al1WNk-JhTbHQ,Stable,Monitor / Intervene,order_accuracy_wait_time,1
7LskDbqERsCsiPNKjmNnrA,Growing,Expand,order_accuracy_wait_time,0
sL6fC0P4C-gyL4E5gacUeQ,Growing,Expand,order_accuracy_wait_time,3
Fh7pRpok9KtmrXuY78xeug,Growing,Expand,order_accuracy_wait_time,2
SBDsWNjuMFTpUDgebenNDw,Declining,Reassess,order_accuracy_wait_time,3
03jQGGJ2ch0uHTtW-UUUqg,Declining,Growth Opportunity,order_accuracy_wait_time,1
Qm8pSLYuVS7eIyOx5YsWBw,Growing,Expand,order_accuracy_wait_time,0
u-xGrOvBv1bxtpAHk-SZ5w,Stable,Expand,order_accuracy_wait_time,0
j6dvIfAzbHccoySvaqjT4w,Stable,Monitor / Intervene,order_accuracy_wait_time,6
QV3Xa_GBeMdm7rOS4EaxVQ,Growing,Expand,order_accuracy_wait_time,1
vXQLdqB-stL2JTP5AsPVaA,Declining,Growth Opportunity,order_accuracy_wait_time,3
jWljp4qLuqr968VFA4EWrQ,Stable,Expand,order_accuracy_wait_time,0
3lsE-1hRI526KHKbeytPcg,Stable,Monitor / Intervene,order_accuracy_wait_time,2
kfRkKRVlaPAYOraik4JVXQ,Declining,Reassess,order_accuracy_wait_time,2
MzFhaFNbE03zF84BPkN7yQ,Declining,Growth Opportunity,order_accuracy_wait_time,0
uJBnnlqKIkfMq1H0RhfhJg,Stable,Monitor / Intervene,order_accuracy_wait_time,3
a8_zOZgxg3lNsEyanuwluw,Growing,Expand,order_accuracy_wait_time,3
309eD1s4UG_TkBNHUKAzYA,Declining,Growth Opportunity,order_accuracy_wait_time,0
ObL38c-q8O9Fe-JErYG6Xw,Declining,Reassess,order_accuracy_wait_time,1
vUkiYPpbkMXA99WneLSGkQ,Growing,Expand,order_accuracy_wait_time,0
NDdd698xwCrCNAdaFhe-Dg,Declining,Growth Opportunity,order_accuracy_wait_time,0
Cjwb7VQGP0u2eWYj1wnO3g,Growing,Monitor / Intervene,order_accuracy_wait_time,2
gnpyyeWQ53WlDMJEq-YA_w,Declining,Growth Opportunity,order_accuracy_wait_time,0
OX1eFYQwN1iYdFd0fkNpqw,Declining,Growth Opportunity,order_accuracy_wait_time,0
Wtr51cNrv1pYyIRg_IawYQ,Declining,Growth Opportunity,order_accuracy_wait_time,0
QhgrhVKlXZtSY6gRThf8zA,Growing,Expand,order_accuracy_wait_time,0
qwPpnCgmvrm1WsrmyyhuvQ,Declining,Reassess,order_accuracy_wait_time,1
aubXu1j7HfP50Ohc7JQ3RQ,Stable,Monitor / Intervene,order_accuracy_wait_time,1
ApZoKDMHiY6sm3urIcqfxg,Growing,Expand,order_accuracy_wait_time,3
nMDteyIwo3zLbqm45xBwFw,Growing,Expand,order_accuracy_wait_time,1
hxPnlWZmirx7neooZykmtg,Stable,Expand,order_accuracy_wait_time,0
us7g3OCOFDXjZpmYqQ-f3A,Stable,Expand,order_accuracy_wait_time,0
o5Uee_gmS-y9R582PAkX6w,Declining,Growth Opportunity,order_accuracy_wait_time,3
jIaycjmFK6ZecPx-tMR43A,Declining,Reassess,order_accuracy_wait_time,0
z04btlhvr9rmQ00k1yVMog,Growing,Expand,order_accuracy_wait_time,0
OTwwIvLkrS0zc8f1lNRstw,Stable,Expand,order_accuracy_wait_time,0
_61CLj2WP5jA6X3SDDlrrg,Stable,Expand,order_accuracy_wait_time,1
xa49Z4ar0PXDgjZyHrqbHQ,Declining,Growth Opportunity,order_accuracy_wait_time,0
64zjcLKeEQ5_oGQDnpsj5A,Declining,Growth Opportunity,order_accuracy_wait_time,1
DZglT5FP5VNDQJU3PuRIHw,Declining,Growth Opportunity,order_accuracy_wait_time,3
IzyQVIJG8JAnOiRQPb0-wg,Declining,Growth Opportunity,order_accuracy_wait_time,0
eFB8nsciED7EupYVyAnTyA,Declining,Growth Opportunity,order_accuracy_wait_time,1
AlH5V97JSAu7AL_xdibMIg,Declining,Growth Opportunity,order_accuracy_wait_time,1
SjCxvaC-OZLnOqAqHTXG_Q,Growing,Monitor / Intervene,order_accuracy_wait_time,0
YzluF3FNGjnW-tOrLZt8JA,Growing,Expand,order_accuracy_wait_time,0
WeDn7iD1ckcEg7YttkduWg,Declining,Growth Opportunity,order_accuracy_wait_time,0
AauDx7QSes9nZOAAa4LIbQ,Declining,Growth Opportunity,order_accuracy_wait_time,0
ZForVw2ZTiwDGfZ0XvZsXQ,Stable,Expand,order_accuracy_wait_time,0
lS42krxXMm-HIk7dntRsKQ,Declining,Growth Opportunity,order_accuracy_wait_time,0
pORvWLJb_ioqIrNo-yacfw,Declining,Growth Opportunity,order_accuracy_wait_time,0
YtMgMdZfjlK6ogDIGiOJSw,Growing,Expand,order_accuracy_wait_time,1
1qw5dIsQPNGLOwnuP7Wj1g,Growing,Expand,order_accuracy_wait_time,0
VG_6ZamOZ3-s6ODu9BCmqQ,Stable,Monitor / Intervene,order_accuracy_wait_time,0
dwkI0-b5PM2-yn-v7j2Agg,Stable,Expand,order_accuracy_wait_time,0
RU0UTD_beaENcS5e9EXH-w,Declining,Reassess,order_accuracy_wait_time,3
WgyhlYg3fnSgco4qLa20cg,Stable,Expand,order_accuracy_wait_time,0
EI0iUUbEi3xIy74L7-GrUQ,Declining,Reassess,order_accuracy_wait_time,0
EAF4MLS6x7mzq8CDpOcXXA,Stable,Monitor / Intervene,order_accuracy_wait_time,1
b2egw7DXjck9sKYcBc4NCQ,Stable,Expand,order_accuracy_wait_time,0
EpFFiPHKx9yP-WqOCuxRCw,Stable,Expand,order_accuracy_wait_time,0
CSAJxLa_LeuIDe-lHrC03w,Stable,Monitor / Intervene,order_accuracy_wait_time,2
TzqkyPTnK7dtHxnvgyn_4Q,Declining,Growth Opportunity,order_accuracy_wait_time,1
mtpbu6J2Jg7RkmTSEEXtFQ,Declining,Growth Opportunity,order_accuracy_wait_time,1
OiQ1eoqXMPyEUptpUX9JQA,Stable,Expand,order_accuracy_wait_time,0
gWV1k7XO9DSAodAlanESFA,Stable,Expand,order_accuracy_wait_time,0
332MG0dFd8d2JUcszdRdYw,Declining,Reassess,order_accuracy_wait_time,1
H_EmJ9Id0pnFw2poOH2OOw,Declining,Growth Opportunity,order_accuracy_wait_time,0
Odx1CHHhQICCehpWMg1w4g,Stable,Expand,order_accuracy_wait_time,0
44Xh-IjWDSn7XTw1hzO50g,Growing,Expand,order_accuracy_wait_time,0
8iiI_v2E9V4xXByGce05QQ,Stable,Expand,order_accuracy_wait_time,0
6GePX4W6Cl8LD68zUq_MAA,Growing,Expand,order_accuracy_wait_time,0
wTCA2ZJsssbOCjG0h0ZiGg,Declining,Growth Opportunity,order_accuracy_wait_time,1
baF2ZFEtsIo2A1k61x3QSw,Declining,Reassess,order_accuracy_wait_time,0
D8NEBGvh1DVHbyEs2cWVAQ,Growing,Monitor / Intervene,order_accuracy_wait_time,2
0uWnByfZNCs0MU1Ag10ujw,Stable,Monitor / Intervene,order_accuracy_wait_time,1
5bOUBsE1MH8jubPVI4fVmA,Declining,Growth Opportunity,order_accuracy_wait_time,0
XBYalnLmnJH5OPNacRJIAA,Growing,Expand,order_accuracy_wait_time,1
jsL0EmA3k75npcRvleq2VA,Stable,Expand,order_accuracy_wait_time,0
VCTI7doVpU094lugVBP_DA,Growing,Monitor / Intervene,order_accuracy_wait_time,1
6aClQOutEBgNxwVM2t_S9A,Stable,Monitor / Intervene,order_accuracy_wait_time,0
OH7EpZrKPnZwZDNKQ5S8iA,Stable,Expand,order_accuracy_wait_time,2
zAxWNkDWBvgNfIwTAyCBMw,Growing,Expand,order_accuracy_wait_time,1
4NXtEZ7buJYC7KLzuhZg3Q,Stable,Expand,order_accuracy_wait_time,2
REJ5UMeKH0Ylkf7Ym1rXMA,Growing,Expand,order_accuracy_wait_time,1
ZLhu-sAejh5yGd8aV9zcGQ,Declining,Growth Opportunity,order_accuracy_wait_time,0
RpNWMXXPnNkt8kmvJcP5ig,Stable,Expand,order_accuracy_wait_time,4
o45O8DI0MJXYsHnoIkP0jg,Growing,Expand,order_accuracy_wait_time,0
CaS4OzIfDfbYyGai0Wn3Zw,Declining,Growth Opportunity,order_accuracy_wait_time,0
8hKi4SyepMGe2W1L4aQ_JQ,Growing,Monitor / Intervene,order_accuracy_wait_time,0
JTjrrxgd3p80lS2h_YxsiQ,Declining,Growth Opportunity,order_accuracy_wait_time,0
SNxUXrSr-XkEkSQIdjmjhA,Growing,Monitor / Intervene,order_accuracy_wait_time,1
Itft7SwYFUXP02MpcijMOQ,Stable,Expand,order_accuracy_wait_time,0
cGWhF0eEogy0DKPwCU9TtA,Declining,Growth Opportunity,order_accuracy_wait_time,0
pdh91rffpM9QptHSXjJFVQ,Declining,Growth Opportunity,order_accuracy_wait_time,2
03dIEDBsDERr6Osmey-udQ,Growing,Expand,order_accuracy_wait_time,2
edU5K_QDvydTbWr4xfCfmg,Stable,Expand,order_accuracy_wait_time,0
-AWclhh1_2VnqPylPgBU3g,Growing,Monitor / Intervene,order_accuracy_wait_time,0
jS3affmkXWrBnidXA-DIfQ,Declining,Growth Opportunity,order_accuracy_wait_time,0
S3-EuL3U_nQmiugDnYPiFw,Growing,Expand,order_accuracy_wait_time,2
DHENrreqQDQx9NtuorNOZw,Declining,Reassess,order_accuracy_wait_time,1
YBak8o0xCiNN4sXr3izLbg,Growing,Expand,order_accuracy_wait_time,0
mciSzNKFRZ3HGgeSDuwUcw,Declining,Growth Opportunity,order_accuracy_wait_time,2
UVCiRVQID_amNd_q1K5POA,Growing,Expand,order_accuracy_wait_time,0
m_5jK3w7t4CS2ReIZI_grQ,Declining,Reassess,order_accuracy_wait_time,0
9D0aKRGsutg8S0ClIanmrA,Growing,Expand,order_accuracy_wait_time,0
f-9Su3hYbI-OCCt8Hz1wrw,Stable,Expand,order_accuracy_wait_time,0
DhZVpgeBKxoLd91MiwTxpg,Declining,Growth Opportunity,order_accuracy_wait_time,0
3S_g61xUct3Rmmx4rJS_mA,Stable,Monitor / Intervene,order_accuracy_wait_time,0
tUcZMaE2XPp6qJK5dbZlpg,Stable,Expand,order_accuracy_wait_time,0
KW2Ma_0uVm7KmBJhMI_yFA,Declining,Reassess,order_accuracy_wait_time,4
SHYPQbYqbfK4CwTDjtBH7Q,Growing,Expand,order_accuracy_wait_time,0
HHBbetQ-XRQYJprT5Qp9jw,Stable,Expand,order_accuracy_wait_time,0
eYNcVdV5bqqg-q23_FU0Vw,Declining,Growth Opportunity,order_accuracy_wait_time,0
VSpseb6oijtKffRRL_xfgQ,Declining,Growth Opportunity,order_accuracy_wait_time,0
kufU0ChkDC9hZABZoUebIQ,Stable,Monitor / Intervene,order_accuracy_wait_time,0
nOZOlidRcVHYn3bDcsXD_Q,Declining,Growth Opportunity,order_accuracy_wait_time,0
TdrNka-oPWf4B-jN9rKltw,Stable,Expand,order_accuracy_wait_time,1
YQD_Gm999Cthin64uLdOdA,Stable,Monitor / Intervene,order_accuracy_wait_time,1
RalJthqqo93-7rTXGgc5Gg,Growing,Expand,order_accuracy_wait_time,1
XupqzjOerK3DcIoWWIKslg,Stable,Expand,order_accuracy_wait_time,0
0Nqa0zPHoB_GVucVMd9f6w,Declining,Growth Opportunity,order_accuracy_wait_time,1
c6zgxvHn5j816s9DDAFYjA,Growing,Expand,order_accuracy_wait_time,0
lSR0JkU7iCnR7sP-8Gjkqw,Stable,Expand,order_accuracy_wait_time,0
kC2jUMTWt0v_cSWKa63QQA,Declining,Growth Opportunity,order_accuracy_wait_time,0
gYYMQeg4X8FUcCxXI4c2Tw,Declining,Reassess,order_accuracy_wait_time,1
LAtPOWQ6fUvaU64Yp9hyIg,Declining,Reassess,order_accuracy_wait_time,2
-SCIBOTjKGJXmeMMPi-uoQ,Stable,Expand,order_accuracy_wait_time,0
_Re2IwkeFUqUsPMRZK8jng,Stable,Expand,order_accuracy_wait_time,0
4vy8j-L9zXXFH_wh2sVzAw,Growing,Expand,order_accuracy_wait_time,0
ptXuSpg-ScJpAyE2QoLU4Q,Stable,Expand,order_accuracy_wait_time,0
A37C-01zpQty9FmxvZrxEg,Declining,Growth Opportunity,order_accuracy_wait_time,0
eImAdebEDD47dMd6zIx4MQ,Declining,Growth Opportunity,order_accuracy_wait_time,0
kaQ-ReAmU-xO2XnQsMFwRg,Growing,Expand,order_accuracy_wait_time,0
s9ceDy-cVHe0uzvZpWq87Q,Growing,Expand,order_accuracy_wait_time,0
GTNh2Jx56qE5kJSOVZxZlg,Stable,Monitor / Intervene,order_accuracy_wait_time,2
lWedWkinrM5j13pyimbpbA,Stable,Expand,order_accuracy_wait_time,0
25sLng-w7vBXbZfyBNeOWg,Stable,Expand,order_accuracy_wait_time,0
QXGnmsKYANxOyZBqM-zlJA,Growing,Expand,order_accuracy_wait_time,1
a1esN1yBrh8c8jra-7WcXw,Stable,Expand,order_accuracy_wait_time,0
Y7bpk83gKWgCmi7yKGTTug,Declining,Reassess,order_accuracy_wait_time,3
fzYu9Rh-oqlg95QzkbIO0A,Growing,Expand,order_accuracy_wait_time,0
HNXpuOxyh9XPm9sM98Ao3A,Growing,Expand,order_accuracy_wait_time,2
Z0Bn-FdyZmXHBh8qQe9JLw,Growing,Expand,order_accuracy_wait_time,2
69ccjOpx2iFvr1y2qas9uA,Stable,Expand,order_accuracy_wait_time,1
YpUowEOcZNehoBv0lxqlpA,Declining,Reassess,order_accuracy_wait_time,2
1XQWvgGDqzDoEOg0_7eWKA,Declining,Growth Opportunity,order_accuracy_wait_time,0
UXOji-MYsS0SL_0ccTjbKQ,Stable,Monitor / Intervene,order_accuracy_wait_time,5
sq3BcLyY4_jZf-zkO2itDA,Growing,Monitor / Intervene,order_accuracy_wait_time,2
dsfRniRgfbDjC8os848B6A,Growing,Expand,order_accuracy_wait_time,1
KiwskluQ7tMqZqvuf872vg,Growing,Monitor / Intervene,order_accuracy_wait_time,0
7rUaXU8_IgnOrOMnN7HPQQ,Growing,Monitor / Intervene,order_accuracy_wait_time,1
b9sLRv_j1eijFIEso8-RQg,Stable,Expand,order_accuracy_wait_time,0
yyvFGYfw0azW5mA_th8ndQ,Stable,Expand,order_accuracy_wait_time,2
-ib2qJmDKJgH_ZbtSu_HjA,Growing,Expand,order_accuracy_wait_time,0
zILVkn_Gm9xASg63jWKMHw,Declining,Growth Opportunity,order_accuracy_wait_time,0
a4fNrX46rTl4BE2WauPAUw,Declining,Reassess,order_accuracy_wait_time,3
389Y1ecrGnPwGA4KcbiBXA,Stable,Monitor / Intervene,order_accuracy_wait_time,3
o3mCQJcBBMDWzTY-FuUh9w,Stable,Expand,order_accuracy_wait_time,0
jIzN5atQRz9OIeYO-Lx4mw,Growing,Expand,order_accuracy_wait_time,1
Ljtd29uAWCaGK046QuvPhQ,Growing,Monitor / Intervene,order_accuracy_wait_time,0
YKAcEh3jygrVpxFEugGf1g,Stable,Expand,order_accuracy_wait_time,2
L1xIj8vAvZrZdfEVbH4qTg,Growing,Monitor / Intervene,order_accuracy_wait_time,4
S1FwTmCAwv5ulu5gToWi_w,Declining,Growth Opportunity,order_accuracy_wait_time,0
GKohndn_sMk2nWCh1jkAfg,Declining,Growth Opportunity,order_accuracy_wait_time,0
1B6S6XDoX1fWnQI0_K1b1Q,Growing,Expand,order_accuracy_wait_time,0
kn6zHpma8I_xBGTZpNe41A,Declining,Growth Opportunity,order_accuracy_wait_time,0
9PZxjhTIU7OgPIzuGi89Ew,Growing,Expand,order_accuracy_wait_time,0
03cvVjbkCOtiIt51M-MLFg,Stable,Expand,order_accuracy_wait_time,0
IzTh_D90T7LZRxy1lgAG-Q,Stable,Expand,order_accuracy_wait_time,0
-361Hc0tlxSYdrH_C3OgzA,Growing,Expand,order_accuracy_wait_time,0
Cmw00BFD1l-_DJHPuKi2Rw,Stable,Expand,order_accuracy_wait_time,0
d48Xrx8MhGtdaLvhcYzNWQ,Growing,Expand,order_accuracy_wait_time,0
6XiTlNnstoTK3tUPkc0Gbw,Declining,Growth Opportunity,order_accuracy_wait_time,2
7fHj6bMycSfo5-EqgN02Gg,Declining,Growth Opportunity,order_accuracy_wait_time,2
9sOHuGGwb8uRVu7pANSWfg,Growing,Expand,order_accuracy_wait_time,1
y930pQM0EUblQluRLkXLQg,Declining,Reassess,order_accuracy_wait_time,3
zuObDJ16rxyt5ciCbhKnlA,Stable,Expand,order_accuracy_wait_time,1
2z_dEk3ZllVLJvS-x18dog,Declining,Growth Opportunity,order_accuracy_wait_time,0
G8qD8M6rHAMGL4Tt1SiPFA,Stable,Expand,order_accuracy_wait_time,0
x4855nj7vfdXeVpg5fREZA,Growing,Monitor / Intervene,order_accuracy_wait_time,0
nBqvryCdn9N_vU4rdCbnHw,Stable,Monitor / Intervene,order_accuracy_wait_time,3
CO05TYrf8g0WTOB_bmE3uQ,Declining,Growth Opportunity,order_accuracy_wait_time,0
1OfhM-ZKvcpxyxptCCzEwA,Declining,Growth Opportunity,order_accuracy_wait_time,0
GoYSJ-YY-YwbxdgasHuq-Q,Growing,Expand,order_accuracy_wait_time,0
6qRe7PF_h56tR2EkDmfg9A,Growing,Expand,order_accuracy_wait_time,0
7y1zIK1ZtkkGIKeRUobThg,Declining,Reassess,order_accuracy_wait_time,3
XQjnh-n0o11MhApzCfRPxg,Stable,Monitor / Intervene,order_accuracy_wait_time,1
Ls3zQR47_wmUkupJXm59oQ,Stable,Expand,order_accuracy_wait_time,0
K3oSW7x3LU74viHIbL8b_A,Stable,Monitor / Intervene,order_accuracy_wait_time,1
FImeJg7pVG9K7wjuexmV4Q,Declining,Growth Opportunity,order_accuracy_wait_time,0
jh-Sg2S4wlelkifvhjwSlg,Declining,Growth Opportunity,order_accuracy_wait_time,2
UApicJDoDgayR1N1ZLL3vw,Stable,Expand,order_accuracy_wait_time,0
c_MsK_ra1MB1Q9KvZgNwww,Stable,Expand,order_accuracy_wait_time,0
SK5QTllf553tIKs0hGaZQg,Growing,Monitor / Intervene,order_accuracy_wait_time,2
2zSQu6_cLgWAVbZ2LbSLBA,Growing,Monitor / Intervene,order_accuracy_wait_time,3
pDR3n7cjtbTrkgDxfUUDtw,Declining,Growth Opportunity,order_accuracy_wait_time,0
6vNOkto7t2nKHQeZ1aYQFw,Stable,Monitor / Intervene,order_accuracy_wait_time,2
Y-xCFPYXWd9Ig0R_ZTd9mA,Declining,Growth Opportunity,order_accuracy_wait_time,0
FLq9CEy5MCKSlMuPEhumnw,Declining,Growth Opportunity,order_accuracy_wait_time,0
PzAYUWwfZqUOoL863k1gMg,Stable,Expand,order_accuracy_wait_time,0
C9UylQTOh7uwZo4a7QhLyg,Stable,Expand,order_accuracy_wait_time,0
mx31XU-QJIxObRGH_qvy3w,Stable,Expand,order_accuracy_wait_time,0
bKaBjDbtwQh_T-3ZpKJxRQ,Stable,Expand,order_accuracy_wait_time,1
ij_dE1TNqe_BHrzEGAWU4w,Declining,Growth Opportunity,order_accuracy_wait_time,2
ny1N_Py01kVoGOvL9oKjMQ,Declining,Growth Opportunity,order_accuracy_wait_time,1
ROeacJQwBeh05Rqg7F6TCg,Growing,Expand,other_none,0
hTyJhpH7Bl5moMWQb4Sosg,Stable,Expand,other_none,0
68ThEdiK0eWCEgGEmV9Tng,Stable,Expand,other_none,0
eqNutOMnPqKa9QDAY6KfEw,Growing,Expand,other_none,0
5m3ND7lNNd6zo-bNQGoXhQ,Stable,Monitor / Intervene,other_none,0
WO5nr-4sjVs506BdCLL0aA,Declining,Growth Opportunity,other_none,0
h85b3MFPWyaopMBy8DpBpA,Growing,Expand,other_none,0
xkTjLbBC7uB-rAIDqAm-sw,Stable,Expand,other_none,0
knA3b_WnHUJAyrIzzL9Lrg,Growing,Expand,other_none,0
Bih0eT_lbbCUwKmGYpX0hw,Growing,Expand,other_none,0
EmbZ4QwVt_zgfqMOCATsyA,Stable,Expand,other_none,0
E-DcL1u330qwvoxXhipmUQ,Stable,Monitor / Intervene,other_none,0
C_EtrXTygRX5RTUOKtO6Dg,Stable,Expand,other_none,1
LnZvGYbqozanOSevcftnrw,Stable,Expand,other_none,0
jULIPydhMj18KOI5OHTwfA,Declining,Growth Opportunity,other_none,0
gCcJTKC40CL0XtYYGfcXDw,Declining,Growth Opportunity,other_none,0
wCluBbW9nzS7MEMFltMwJw,Growing,Monitor / Intervene,other_none,0
B-DiQpcSTJ7oMMnwzbAGTQ,Growing,Expand,other_none,1
cx5rIVMN-FXwBkl2Kbot7w,Stable,Expand,other_none,0
JUlsvVAvZvGHWFfkKm0nlg,Stable,Expand,other_none,0
99zoELPcbwRBUqiPoaPqiQ,Growing,Expand,other_none,0
Uc6PdjT_MO5bRPQsUUEy5Q,Stable,Expand,other_none,0
PYUI1OJVksGUbCrteU68bw,Declining,Growth Opportunity,other_none,0
l7b33ubze8Jqw7C4I1CAuA,Declining,Reassess,other_none,0
2VuOLrhe2Iu_FRz1gEIqQA,Growing,Expand,other_none,1
SwBhaxfQPbyhsi0QHUAN0A,Growing,Monitor / Intervene,other_none,1
RnqU698MbIjq_eZHEzYL6g,Growing,Expand,other_none,0
uBDXcXlLR9IuRV1N2m0SPQ,Stable,Expand,other_none,0
tm94_vqmMMeAv01L-7FJzQ,Declining,Growth Opportunity,other_none,0
cXSyVvOr9YRN9diDkaWs0Q,Growing,Expand,other_none,0
UWk9hczxAjMT6y5C3826fw,Declining,Growth Opportunity,other_none,0
OoFCe8VbzzCr88SGC08omw,Growing,Expand,other_none,1
38yHZCHWgPZlDj5SqdNcpA,Growing,Monitor / Intervene,other_none,0
cdiN0gHvZo3i64jwS990fQ,Declining,Growth Opportunity,other_none,1
h0tUOsL3sRYVqSQlxWjW5g,Growing,Expand,other_none,0
1PMlvTeQr3BpTm6GqOEckQ,Stable,Monitor / Intervene,other_none,0
D1AGSvIci0E53E1Yix1mXA,Stable,Monitor / Intervene,other_none,0
gkqfNyv3D84B0WR5GZOpZQ,Declining,Growth Opportunity,other_none,0
R_Wi9jh57H_OzzAVWO71Bw,Growing,Expand,other_none,0
kgZjJTGNc6WjKVBiSqNUoA,Stable,Expand,other_none,0
ES8YqqXVu2TO6o2iwAOYSQ,Declining,Growth Opportunity,other_none,0
TcJ1bB2omO0CIoEC4xtSxg,Growing,Expand,other_none,0
ktM6aYuzqWd-kA8SIWswiQ,Declining,Growth Opportunity,other_none,0
nF5QByCz21MY0KLtSoB5KA,Growing,Expand,other_none,0
6_Gsn1ZxSosWb6mZusap0Q,Declining,Growth Opportunity,other_none,0
sCPx4Sy4I1wMeZwsTzCFRg,Stable,Monitor / Intervene,other_none,0
4hH1lt7mHPbl4r2O7LH6nA,Growing,Expand,other_none,1
A55glg6ynzqjNAbRyTI3ig,Growing,Expand,other_none,0
WN8wJ8PiBcfSPVWtZZhZfA,Growing,Expand,other_none,0
jHk1OJi16n3BlO3LxkH8cw,Declining,Growth Opportunity,other_none,0
HuawlT4tXzCXL8ftyvCZ0Q,Stable,Expand,other_none,0
siUk0bqIjI80KBFptR1Mcw,Declining,Growth Opportunity,other_none,0
g-mnsod42xN2y_LdYpoORw,Growing,Monitor / Intervene,other_none,0
gGC3SvEvxsRkRBIEU0Rfrw,Stable,Expand,other_none,0
W5qWPa1LPo9stvCGeVSRAg,Declining,Growth Opportunity,other_none,0
jStt26nV-CBWRGxjqCzxUw,Stable,Monitor / Intervene,other_none,0
mcb8blqo4lWVl91Mrp80uQ,Growing,Expand,other_none,0
iZNR8-rqsBL2afDk4Zxe8A,Growing,Monitor / Intervene,other_none,2
UBj0aJ6FfMR4tdvRbQ3KSA,Stable,Monitor / Intervene,other_none,0
O4wZuA6Im9gQxxddCZ3kkQ,Declining,Growth Opportunity,other_none,0
JiEcu8LvmlsPh_Q6Exzp9A,Declining,Growth Opportunity,other_none,0
YuhQIv_c08zqfExfSiWB6g,Growing,Monitor / Intervene,other_none,1
ctHjyadbDQAtUFfkcAFEHw,Growing,Expand,other_none,0
GAuweBrcC_wK3a0UhZjwfA,Stable,Expand,other_none,0
7VpTJyMcAnEA-Y6vj0XV4w,Stable,Expand,other_none,0
nWhAxQw3bAsvXg3Oe91okw,Growing,Monitor / Intervene,other_none,1
EDSqeUjhDwB8VMnIng-Q-A,Stable,Monitor / Intervene,other_none,0
v72qGvd53IxhM2m8aatOpg,Growing,Expand,other_none,0
qCpdeQYPf9i1EZhTnQgjtg,Declining,Growth Opportunity,other_none,0
i7H6gGM5jXMMrhr8VRZXDg,Growing,Expand,other_none,0
yG5tkMER9Ftkv4RDwMaQuA,Growing,Expand,other_none,0
3bMVhRoYXU4UND8G0xLflw,Declining,Growth Opportunity,other_none,0
x5NLYIRLdhFBaNLLvl8Afg,Declining,Growth Opportunity,other_none,0
hyXrO6RoAi5GnTl8s72Pkw,Declining,Reassess,other_none,0
ra6Ejpr6Y5nJL1Um6pzTdg,Stable,Expand,other_none,0
t3PkHzVTvPA8qRxKe9TIkQ,Growing,Expand,other_none,0
yj0SWZvJ0tGwAywoVxPT5A,Growing,Expand,other_none,0
wXKiStXyJo0zI4uCwpNFMg,Growing,Expand,other_none,1
Cch7lpybfh4V0_1j8Nr3yQ,Growing,Expand,other_none,1
vwAhm3pRjCEz_jNXr9vMaA,Growing,Expand,other_none,0
_UOg5_pk9IhKee91eWrT4A,Declining,Growth Opportunity,other_none,0
bN_9QgxdOIk4oK-6fBDJtQ,Declining,Growth Opportunity,other_none,0
FvBUare-QfqoTyHIvbWkvA,Growing,Expand,other_none,0
HNMN7NhEvA64Z0FDEA2Twg,Growing,Expand,other_none,0
j4KA-BujEH7xmG6bD5E-gQ,Declining,Growth Opportunity,other_none,0
wGnBaLvgH3hrq6C3AnO5Mg,Stable,Monitor / Intervene,other_none,0
_05DcCQmCP5aGnfCnI4r9Q,Growing,Expand,other_none,0
or_WcjWELDsssk2JruvJcg,Declining,Growth Opportunity,other_none,0
9YyeoqIBSEL_uikPBTZZUQ,Stable,Expand,other_none,0
3eAGbHu2VFz8dVNC_dO5ow,Stable,Expand,other_none,0
eoj3iAmpgbRIi56yxcTQxA,Growing,Monitor / Intervene,other_none,0
-n_beuzQuajaezPD2PyQvA,Stable,Monitor / Intervene,other_none,0
JrG4NINLspXPNhSXg7Q07Q,Growing,Expand,other_none,0
7QVS6kcmc2vfp3TDCGX-Cw,Stable,Expand,other_none,0
4EXm70lqkCxZ-WtgNon8sw,Stable,Expand,other_none,0
sg4zySgp0Al1WNk-JhTbHQ,Stable,Monitor / Intervene,other_none,0
7LskDbqERsCsiPNKjmNnrA,Growing,Expand,other_none,0
sL6fC0P4C-gyL4E5gacUeQ,Growing,Expand,other_none,0
Fh7pRpok9KtmrXuY78xeug,Growing,Expand,other_none,0
SBDsWNjuMFTpUDgebenNDw,Declining,Reassess,other_none,0
03jQGGJ2ch0uHTtW-UUUqg,Declining,Growth Opportunity,other_none,0
Qm8pSLYuVS7eIyOx5YsWBw,Growing,Expand,other_none,0
u-xGrOvBv1bxtpAHk-SZ5w,Stable,Expand,other_none,0
j6dvIfAzbHccoySvaqjT4w,Stable,Monitor / Intervene,other_none,0
QV3Xa_GBeMdm7rOS4EaxVQ,Growing,Expand,other_none,0
vXQLdqB-stL2JTP5AsPVaA,Declining,Growth Opportunity,other_none,0
jWljp4qLuqr968VFA4EWrQ,Stable,Expand,other_none,0
3lsE-1hRI526KHKbeytPcg,Stable,Monitor / Intervene,other_none,0
kfRkKRVlaPAYOraik4JVXQ,Declining,Reassess,other_none,0
MzFhaFNbE03zF84BPkN7yQ,Declining,Growth Opportunity,other_none,1
uJBnnlqKIkfMq1H0RhfhJg,Stable,Monitor / Intervene,other_none,0
a8_zOZgxg3lNsEyanuwluw,Growing,Expand,other_none,0
309eD1s4UG_TkBNHUKAzYA,Declining,Growth Opportunity,other_none,0
ObL38c-q8O9Fe-JErYG6Xw,Declining,Reassess,other_none,0
vUkiYPpbkMXA99WneLSGkQ,Growing,Expand,other_none,0
NDdd698xwCrCNAdaFhe-Dg,Declining,Growth Opportunity,other_none,0
Cjwb7VQGP0u2eWYj1wnO3g,Growing,Monitor / Intervene,other_none,0
gnpyyeWQ53WlDMJEq-YA_w,Declining,Growth Opportunity,other_none,0
OX1eFYQwN1iYdFd0fkNpqw,Declining,Growth Opportunity,other_none,0
Wtr51cNrv1pYyIRg_IawYQ,Declining,Growth Opportunity,other_none,0
QhgrhVKlXZtSY6gRThf8zA,Growing,Expand,other_none,0
qwPpnCgmvrm1WsrmyyhuvQ,Declining,Reassess,other_none,0
aubXu1j7HfP50Ohc7JQ3RQ,Stable,Monitor / Intervene,other_none,0
ApZoKDMHiY6sm3urIcqfxg,Growing,Expand,other_none,0
nMDteyIwo3zLbqm45xBwFw,Growing,Expand,other_none,0
hxPnlWZmirx7neooZykmtg,Stable,Expand,other_none,0
us7g3OCOFDXjZpmYqQ-f3A,Stable,Expand,other_none,0
o5Uee_gmS-y9R582PAkX6w,Declining,Growth Opportunity,other_none,0
jIaycjmFK6ZecPx-tMR43A,Declining,Reassess,other_none,0
z04btlhvr9rmQ00k1yVMog,Growing,Expand,other_none,0
OTwwIvLkrS0zc8f1lNRstw,Stable,Expand,other_none,0
_61CLj2WP5jA6X3SDDlrrg,Stable,Expand,other_none,0
xa49Z4ar0PXDgjZyHrqbHQ,Declining,Growth Opportunity,other_none,0
64zjcLKeEQ5_oGQDnpsj5A,Declining,Growth Opportunity,other_none,0
DZglT5FP5VNDQJU3PuRIHw,Declining,Growth Opportunity,other_none,0
IzyQVIJG8JAnOiRQPb0-wg,Declining,Growth Opportunity,other_none,0
eFB8nsciED7EupYVyAnTyA,Declining,Growth Opportunity,other_none,0
AlH5V97JSAu7AL_xdibMIg,Declining,Growth Opportunity,other_none,0
SjCxvaC-OZLnOqAqHTXG_Q,Growing,Monitor / Intervene,other_none,0
YzluF3FNGjnW-tOrLZt8JA,Growing,Expand,other_none,0
WeDn7iD1ckcEg7YttkduWg,Declining,Growth Opportunity,other_none,1
AauDx7QSes9nZOAAa4LIbQ,Declining,Growth Opportunity,other_none,1
ZForVw2ZTiwDGfZ0XvZsXQ,Stable,Expand,other_none,0
lS42krxXMm-HIk7dntRsKQ,Declining,Growth Opportunity,other_none,0
pORvWLJb_ioqIrNo-yacfw,Declining,Growth Opportunity,other_none,0
YtMgMdZfjlK6ogDIGiOJSw,Growing,Expand,other_none,0
1qw5dIsQPNGLOwnuP7Wj1g,Growing,Expand,other_none,0
VG_6ZamOZ3-s6ODu9BCmqQ,Stable,Monitor / Intervene,other_none,0
dwkI0-b5PM2-yn-v7j2Agg,Stable,Expand,other_none,0
RU0UTD_beaENcS5e9EXH-w,Declining,Reassess,other_none,0
WgyhlYg3fnSgco4qLa20cg,Stable,Expand,other_none,0
EI0iUUbEi3xIy74L7-GrUQ,Declining,Reassess,other_none,1
EAF4MLS6x7mzq8CDpOcXXA,Stable,Monitor / Intervene,other_none,0
b2egw7DXjck9sKYcBc4NCQ,Stable,Expand,other_none,0
EpFFiPHKx9yP-WqOCuxRCw,Stable,Expand,other_none,0
CSAJxLa_LeuIDe-lHrC03w,Stable,Monitor / Intervene,other_none,0
TzqkyPTnK7dtHxnvgyn_4Q,Declining,Growth Opportunity,other_none,0
mtpbu6J2Jg7RkmTSEEXtFQ,Declining,Growth Opportunity,other_none,0
OiQ1eoqXMPyEUptpUX9JQA,Stable,Expand,other_none,0
gWV1k7XO9DSAodAlanESFA,Stable,Expand,other_none,0
332MG0dFd8d2JUcszdRdYw,Declining,Reassess,other_none,0
H_EmJ9Id0pnFw2poOH2OOw,Declining,Growth Opportunity,other_none,1
Odx1CHHhQICCehpWMg1w4g,Stable,Expand,other_none,0
44Xh-IjWDSn7XTw1hzO50g,Growing,Expand,other_none,0
8iiI_v2E9V4xXByGce05QQ,Stable,Expand,other_none,0
6GePX4W6Cl8LD68zUq_MAA,Growing,Expand,other_none,0
wTCA2ZJsssbOCjG0h0ZiGg,Declining,Growth Opportunity,other_none,2
baF2ZFEtsIo2A1k61x3QSw,Declining,Reassess,other_none,0
D8NEBGvh1DVHbyEs2cWVAQ,Growing,Monitor / Intervene,other_none,2
0uWnByfZNCs0MU1Ag10ujw,Stable,Monitor / Intervene,other_none,0
5bOUBsE1MH8jubPVI4fVmA,Declining,Growth Opportunity,other_none,0
XBYalnLmnJH5OPNacRJIAA,Growing,Expand,other_none,0
jsL0EmA3k75npcRvleq2VA,Stable,Expand,other_none,0
VCTI7doVpU094lugVBP_DA,Growing,Monitor / Intervene,other_none,0
6aClQOutEBgNxwVM2t_S9A,Stable,Monitor / Intervene,other_none,0
OH7EpZrKPnZwZDNKQ5S8iA,Stable,Expand,other_none,0
zAxWNkDWBvgNfIwTAyCBMw,Growing,Expand,other_none,0
4NXtEZ7buJYC7KLzuhZg3Q,Stable,Expand,other_none,0
REJ5UMeKH0Ylkf7Ym1rXMA,Growing,Expand,other_none,0
ZLhu-sAejh5yGd8aV9zcGQ,Declining,Growth Opportunity,other_none,0
RpNWMXXPnNkt8kmvJcP5ig,Stable,Expand,other_none,0
o45O8DI0MJXYsHnoIkP0jg,Growing,Expand,other_none,0
CaS4OzIfDfbYyGai0Wn3Zw,Declining,Growth Opportunity,other_none,0
8hKi4SyepMGe2W1L4aQ_JQ,Growing,Monitor / Intervene,other_none,0
JTjrrxgd3p80lS2h_YxsiQ,Declining,Growth Opportunity,other_none,0
SNxUXrSr-XkEkSQIdjmjhA,Growing,Monitor / Intervene,other_none,2
Itft7SwYFUXP02MpcijMOQ,Stable,Expand,other_none,0
cGWhF0eEogy0DKPwCU9TtA,Declining,Growth Opportunity,other_none,0
pdh91rffpM9QptHSXjJFVQ,Declining,Growth Opportunity,other_none,0
03dIEDBsDERr6Osmey-udQ,Growing,Expand,other_none,0
edU5K_QDvydTbWr4xfCfmg,Stable,Expand,other_none,0
-AWclhh1_2VnqPylPgBU3g,Growing,Monitor / Intervene,other_none,0
jS3affmkXWrBnidXA-DIfQ,Declining,Growth Opportunity,other_none,0
S3-EuL3U_nQmiugDnYPiFw,Growing,Expand,other_none,0
DHENrreqQDQx9NtuorNOZw,Declining,Reassess,other_none,0
YBak8o0xCiNN4sXr3izLbg,Growing,Expand,other_none,1
mciSzNKFRZ3HGgeSDuwUcw,Declining,Growth Opportunity,other_none,0
UVCiRVQID_amNd_q1K5POA,Growing,Expand,other_none,0
m_5jK3w7t4CS2ReIZI_grQ,Declining,Reassess,other_none,2
9D0aKRGsutg8S0ClIanmrA,Growing,Expand,other_none,0
f-9Su3hYbI-OCCt8Hz1wrw,Stable,Expand,other_none,0
DhZVpgeBKxoLd91MiwTxpg,Declining,Growth Opportunity,other_none,0
3S_g61xUct3Rmmx4rJS_mA,Stable,Monitor / Intervene,other_none,0
tUcZMaE2XPp6qJK5dbZlpg,Stable,Expand,other_none,0
KW2Ma_0uVm7KmBJhMI_yFA,Declining,Reassess,other_none,0
SHYPQbYqbfK4CwTDjtBH7Q,Growing,Expand,other_none,0
HHBbetQ-XRQYJprT5Qp9jw,Stable,Expand,other_none,1
eYNcVdV5bqqg-q23_FU0Vw,Declining,Growth Opportunity,other_none,0
VSpseb6oijtKffRRL_xfgQ,Declining,Growth Opportunity,other_none,1
kufU0ChkDC9hZABZoUebIQ,Stable,Monitor / Intervene,other_none,0
nOZOlidRcVHYn3bDcsXD_Q,Declining,Growth Opportunity,other_none,1
TdrNka-oPWf4B-jN9rKltw,Stable,Expand,other_none,0
YQD_Gm999Cthin64uLdOdA,Stable,Monitor / Intervene,other_none,0
RalJthqqo93-7rTXGgc5Gg,Growing,Expand,other_none,0
XupqzjOerK3DcIoWWIKslg,Stable,Expand,other_none,0
0Nqa0zPHoB_GVucVMd9f6w,Declining,Growth Opportunity,other_none,0
c6zgxvHn5j816s9DDAFYjA,Growing,Expand,other_none,0
lSR0JkU7iCnR7sP-8Gjkqw,Stable,Expand,other_none,0
kC2jUMTWt0v_cSWKa63QQA,Declining,Growth Opportunity,other_none,0
gYYMQeg4X8FUcCxXI4c2Tw,Declining,Reassess,other_none,0
LAtPOWQ6fUvaU64Yp9hyIg,Declining,Reassess,other_none,1
-SCIBOTjKGJXmeMMPi-uoQ,Stable,Expand,other_none,0
_Re2IwkeFUqUsPMRZK8jng,Stable,Expand,other_none,0
4vy8j-L9zXXFH_wh2sVzAw,Growing,Expand,other_none,0
ptXuSpg-ScJpAyE2QoLU4Q,Stable,Expand,other_none,1
A37C-01zpQty9FmxvZrxEg,Declining,Growth Opportunity,other_none,0
eImAdebEDD47dMd6zIx4MQ,Declining,Growth Opportunity,other_none,0
kaQ-ReAmU-xO2XnQsMFwRg,Growing,Expand,other_none,0
s9ceDy-cVHe0uzvZpWq87Q,Growing,Expand,other_none,0
GTNh2Jx56qE5kJSOVZxZlg,Stable,Monitor / Intervene,other_none,0
lWedWkinrM5j13pyimbpbA,Stable,Expand,other_none,0
25sLng-w7vBXbZfyBNeOWg,Stable,Expand,other_none,0
QXGnmsKYANxOyZBqM-zlJA,Growing,Expand,other_none,0
a1esN1yBrh8c8jra-7WcXw,Stable,Expand,other_none,0
Y7bpk83gKWgCmi7yKGTTug,Declining,Reassess,other_none,0
fzYu9Rh-oqlg95QzkbIO0A,Growing,Expand,other_none,0
HNXpuOxyh9XPm9sM98Ao3A,Growing,Expand,other_none,0
Z0Bn-FdyZmXHBh8qQe9JLw,Growing,Expand,other_none,0
69ccjOpx2iFvr1y2qas9uA,Stable,Expand,other_none,0
YpUowEOcZNehoBv0lxqlpA,Declining,Reassess,other_none,0
1XQWvgGDqzDoEOg0_7eWKA,Declining,Growth Opportunity,other_none,0
UXOji-MYsS0SL_0ccTjbKQ,Stable,Monitor / Intervene,other_none,0
sq3BcLyY4_jZf-zkO2itDA,Growing,Monitor / Intervene,other_none,0
dsfRniRgfbDjC8os848B6A,Growing,Expand,other_none,0
KiwskluQ7tMqZqvuf872vg,Growing,Monitor / Intervene,other_none,0
7rUaXU8_IgnOrOMnN7HPQQ,Growing,Monitor / Intervene,other_none,0
b9sLRv_j1eijFIEso8-RQg,Stable,Expand,other_none,0
yyvFGYfw0azW5mA_th8ndQ,Stable,Expand,other_none,0
-ib2qJmDKJgH_ZbtSu_HjA,Growing,Expand,other_none,0
zILVkn_Gm9xASg63jWKMHw,Declining,Growth Opportunity,other_none,0
a4fNrX46rTl4BE2WauPAUw,Declining,Reassess,other_none,1
389Y1ecrGnPwGA4KcbiBXA,Stable,Monitor / Intervene,other_none,0
o3mCQJcBBMDWzTY-FuUh9w,Stable,Expand,other_none,0
jIzN5atQRz9OIeYO-Lx4mw,Growing,Expand,other_none,0
Ljtd29uAWCaGK046QuvPhQ,Growing,Monitor / Intervene,other_none,0
YKAcEh3jygrVpxFEugGf1g,Stable,Expand,other_none,0
L1xIj8vAvZrZdfEVbH4qTg,Growing,Monitor / Intervene,other_none,0
S1FwTmCAwv5ulu5gToWi_w,Declining,Growth Opportunity,other_none,0
GKohndn_sMk2nWCh1jkAfg,Declining,Growth Opportunity,other_none,0
1B6S6XDoX1fWnQI0_K1b1Q,Growing,Expand,other_none,0
kn6zHpma8I_xBGTZpNe41A,Declining,Growth Opportunity,other_none,1
9PZxjhTIU7OgPIzuGi89Ew,Growing,Expand,other_none,0
03cvVjbkCOtiIt51M-MLFg,Stable,Expand,other_none,0
IzTh_D90T7LZRxy1lgAG-Q,Stable,Expand,other_none,0
-361Hc0tlxSYdrH_C3OgzA,Growing,Expand,other_none,0
Cmw00BFD1l-_DJHPuKi2Rw,Stable,Expand,other_none,0
d48Xrx8MhGtdaLvhcYzNWQ,Growing,Expand,other_none,0
6XiTlNnstoTK3tUPkc0Gbw,Declining,Growth Opportunity,other_none,0
7fHj6bMycSfo5-EqgN02Gg,Declining,Growth Opportunity,other_none,0
9sOHuGGwb8uRVu7pANSWfg,Growing,Expand,other_none,0
y930pQM0EUblQluRLkXLQg,Declining,Reassess,other_none,0
zuObDJ16rxyt5ciCbhKnlA,Stable,Expand,other_none,1
2z_dEk3ZllVLJvS-x18dog,Declining,Growth Opportunity,other_none,0
G8qD8M6rHAMGL4Tt1SiPFA,Stable,Expand,other_none,1
x4855nj7vfdXeVpg5fREZA,Growing,Monitor / Intervene,other_none,0
nBqvryCdn9N_vU4rdCbnHw,Stable,Monitor / Intervene,other_none,1
CO05TYrf8g0WTOB_bmE3uQ,Declining,Growth Opportunity,other_none,0
1OfhM-ZKvcpxyxptCCzEwA,Declining,Growth Opportunity,other_none,0
GoYSJ-YY-YwbxdgasHuq-Q,Growing,Expand,other_none,1
6qRe7PF_h56tR2EkDmfg9A,Growing,Expand,other_none,0
7y1zIK1ZtkkGIKeRUobThg,Declining,Reassess,other_none,0
XQjnh-n0o11MhApzCfRPxg,Stable,Monitor / Intervene,other_none,0
Ls3zQR47_wmUkupJXm59oQ,Stable,Expand,other_none,0
K3oSW7x3LU74viHIbL8b_A,Stable,Monitor / Intervene,other_none,0
FImeJg7pVG9K7wjuexmV4Q,Declining,Growth Opportunity,other_none,0
jh-Sg2S4wlelkifvhjwSlg,Declining,Growth Opportunity,other_none,0
UApicJDoDgayR1N1ZLL3vw,Stable,Expand,other_none,0
c_MsK_ra1MB1Q9KvZgNwww,Stable,Expand,other_none,1
SK5QTllf553tIKs0hGaZQg,Growing,Monitor / Intervene,other_none,0
2zSQu6_cLgWAVbZ2LbSLBA,Growing,Monitor / Intervene,other_none,0
pDR3n7cjtbTrkgDxfUUDtw,Declining,Growth Opportunity,other_none,0
6vNOkto7t2nKHQeZ1aYQFw,Stable,Monitor / Intervene,other_none,0
Y-xCFPYXWd9Ig0R_ZTd9mA,Declining,Growth Opportunity,other_none,0
FLq9CEy5MCKSlMuPEhumnw,Declining,Growth Opportunity,other_none,0
PzAYUWwfZqUOoL863k1gMg,Stable,Expand,other_none,0
C9UylQTOh7uwZo4a7QhLyg,Stable,Expand,other_none,0
mx31XU-QJIxObRGH_qvy3w,Stable,Expand,other_none,0
bKaBjDbtwQh_T-3ZpKJxRQ,Stable,Expand,other_none,0
ij_dE1TNqe_BHrzEGAWU4w,Declining,Growth Opportunity,other_none,0
ny1N_Py01kVoGOvL9oKjMQ,Declining,Growth Opportunity,other_none,0
