business_id,name,address,city,state,postal_code,latitude,longitude,stars,review_count,is_open,attributes,categories,hours,total_reviews,earlier_reviews,recent_reviews,review_growth,average_rating,earlier_average_rating,recent_average_rating,rating_change,total_checkins,earlier_checkins,recent_checkins,checkin_growth,review_change,checkin_change,rating_change_for_score,review_trend_norm,checkin_trend_norm,rating_trend_norm,engagement_score,merchant_status,merchant_sentiment_score,sentiment_review_count,engagement_polarity,sentiment_polarity,priority_group,top_cx_theme
ROeacJQwBeh05Rqg7F6TCg,BAP,1224 South St,Philadelphia,PA,19147.0,39.943223,-75.162568,4.5,205,1,"{'NoiseLevel': ""u'quiet'"", 'GoodForMeal': ""{'dessert': False, 'latenight': False, 'lunch': True, 'dinner': True, 'brunch': False, 'breakfast': False}"", 'RestaurantsGoodForGroups': 'False', 'RestaurantsTableService': 'True', 'WiFi': ""u'no'"", 'GoodForKids': 'True', 'Alcohol': ""u'none'"", 'RestaurantsPriceRange2': '1', 'RestaurantsAttire': ""u'casual'"", 'BikeParking': 'True', 'BusinessParking': ""{'garage': False, 'street': True, 'validated': False, 'lot': False, 'valet': False}"", 'Caters': 'True', 'RestaurantsReservations': 'False', 'HasTV': 'True', 'BusinessAcceptsCreditCards': 'True', 'OutdoorSeating': 'None', 'Ambience': ""{'touristy': False, 'hipster': False, 'romantic': False, 'divey': False, 'intimate': None, 'trendy': False, 'upscale': False, 'classy': False, 'casual': True}"", 'RestaurantsDelivery': 'None', 'RestaurantsTakeOut': 'True'}","Korean, Restaurants","{'Monday': '11:30-20:30', 'Tuesday': '11:30-20:30', 'Wednesday': '11:30-20:30', 'Thursday': '11:30-20:30', 'Friday': '11:30-20:30', 'Saturday': '11:30-20:30'}",208,1,6,5.0,4.3173076923076925,5.0,4.5,-0.5,221,1,2,1.0,5,1,-0.5,0.5480769230769231,0.5595238095238094,0.4375,0.5273199023199022,Growing,0.65,6.0,High,Positive,Expand,"food_product_quality,staff_behavior"
hTyJhpH7Bl5moMWQb4Sosg,Island Fin Poké,"6417 E County Line Rd, Ste 101",Tampa,FL,33647.0,28.169016,-82.356628,5.0,88,1,"{'RestaurantsTableService': 'False', 'WiFi': ""u'free'"", 'HappyHour': 'False', 'WheelchairAccessible': 'True', 'Caters': 'True', 'BusinessParking': ""{'garage': False, 'street': False, 'validated': False, 'lot': False, 'valet': False}"", 'OutdoorSeating': 'True', 'Alcohol': ""u'none'"", 'RestaurantsPriceRange2': '2', 'BusinessAcceptsCreditCards': 'True', 'BYOB': 'False', 'BikeParking': 'True', 'Corkage': 'False', 'RestaurantsTakeOut': 'True', 'RestaurantsDelivery': 'True', 'HasTV': 'True'}","Gluten-Free, Poke, Food, Restaurants, Hawaiian","{'Monday': '0:0-0:0', 'Tuesday': '11:0-21:0', 'Wednesday': '11:0-21:0', 'Thursday': '11:0-21:0', 'Friday': '11:0-20:0', 'Saturday': '11:0-21:0', 'Sunday': '11:0-21:0'}",91,12,14,0.1666666666666666,4.78021978021978,4.666666666666667,4.785714285714286,0.1190476190476186,85,14,9,-0.3571428571428571,2,-5,0.1190476190476186,0.5192307692307693,0.5238095238095237,0.5148809523809523,0.5197903947903948,Stable,0.85,10.0,High,Positive,Expand,"food_product_quality,staff_behavior"
68ThEdiK0eWCEgGEmV9Tng,Southgate,1801 Lombard St,Philadelphia,PA,19146.0,39.9455687,-75.1717901,4.0,323,1,"{'RestaurantsTakeOut': 'True', 'RestaurantsAttire': ""'casual'"", 'Ambience': ""{'touristy': False, 'hipster': False, 'romantic': False, 'divey': False, 'intimate': False, 'trendy': False, 'upscale': False, 'classy': True, 'casual': True}"", 'NoiseLevel': ""u'average'"", 'ByAppointmentOnly': 'False', 'BusinessAcceptsCreditCards': 'True', 'RestaurantsTableService': 'True', 'Alcohol': ""u'full_bar'"", 'Corkage': 'True', 'RestaurantsGoodForGroups': 'True', 'DogsAllowed': 'True', 'Caters': 'False', 'WiFi': ""u'no'"", 'BusinessParking': ""{'garage': False, 'street': True, 'validated': False, 'lot': False, 'valet': False}"", 'HappyHour': 'True', 'RestaurantsDelivery': 'True', 'BusinessAcceptsBitcoin': 'False', 'HasTV': 'True', 'RestaurantsReservations': 'True', 'OutdoorSeating': 'True', 'BikeParking': 'True', 'WheelchairAccessible': 'False', 'RestaurantsPriceRange2': '2', 'GoodForKids': 'False', 'BYOB': 'False', 'GoodForMeal': ""{u'breakfast': False, u'brunch': False, u'lunch': None, u'dinner': True, u'latenight': False, u'dessert': False}""}","Breakfast & Brunch, American (Traditional), Korean, Restaurants, Gastropubs, Nightlife, Bars, Cocktail Bars","{'Monday': '0:0-0:0', 'Tuesday': '16:0-21:0', 'Wednesday': '16:0-21:0', 'Thursday': '16:0-21:0', 'Friday': '16:0-22:0', 'Saturday': '14:0-22:0', 'Sunday': '14:0-21:0'}",330,11,10,-0.0909090909090909,4.157575757575757,4.545454545454546,4.3,-0.245454545454546,565,12,18,0.5,-1,6,-0.245454545454546,0.4903846153846153,0.5892857142857142,0.4693181818181817,0.5186702186702186,Stable,0.54,10.0,High,Positive,Expand,"food_product_quality,pricing_value"
eqNutOMnPqKa9QDAY6KfEw,J'aime French Bakery,212 S 12th St,Philadelphia,PA,19107.0,39.948081,-75.1608093,4.5,310,1,"{'BikeParking': 'True', 'Caters': 'True', 'DogsAllowed': 'False', 'BusinessAcceptsBitcoin': 'False', 'WiFi': ""u'free'"", 'BusinessAcceptsCreditCards': 'True', 'RestaurantsTakeOut': 'True', 'OutdoorSeating': 'True', 'WheelchairAccessible': 'False', 'ByAppointmentOnly': 'False', 'GoodForKids': 'True', 'BusinessParking': ""{'garage': False, 'street': True, 'validated': False, 'lot': False, 'valet': False}"", 'NoiseLevel': ""u'average'"", 'RestaurantsPriceRange2': '2', 'RestaurantsDelivery': 'True'}","Food, Juice Bars & Smoothies, Coffee & Tea, Restaurants, Bakeries, Cafes","{'Monday': '0:0-0:0', 'Tuesday': '7:0-16:0', 'Wednesday': '7:0-16:0', 'Thursday': '8:0-13:0', 'Friday': '8:0-13:0', 'Saturday': '8:0-16:0', 'Sunday': '8:0-16:0'}",321,21,24,0.1428571428571428,4.654205607476635,4.571428571428571,4.541666666666667,-0.0297619047619042,314,17,17,0.0,3,0,-0.0297619047619042,0.5288461538461539,0.5535714285714285,0.496279761904762,0.529850936100936,Growing,0.789,10.0,High,Positive,Expand,"staff_behavior,food_product_quality"
5m3ND7lNNd6zo-bNQGoXhQ,Three 12 Sport Bar and Lounge,312 Market St,Philadelphia,PA,19106.0,39.9499452,-75.146352,2.5,33,1,"{'RestaurantsGoodForGroups': 'True', 'OutdoorSeating': 'True', 'BusinessParking': ""{'garage': True, 'street': True, 'validated': False, 'lot': True, 'valet': False}"", 'WiFi': ""u'free'"", 'Caters': 'True', 'Ambience': ""{'touristy': False, 'hipster': False, 'romantic': False, 'divey': False, 'intimate': False, 'trendy': False, 'upscale': False, 'classy': False, 'casual': True}"", 'HappyHour': 'True', 'BusinessAcceptsBitcoin': 'False', 'BikeParking': 'False', 'DogsAllowed': 'False', 'GoodForDancing': 'False', 'GoodForKids': 'False', 'RestaurantsTakeOut': 'True', 'GoodForMeal': ""{'dessert': False, 'latenight': False, 'lunch': False, 'dinner': False, 'brunch': False, 'breakfast': False}"", 'Smoking': ""u'no'"", 'RestaurantsAttire': ""'casual'"", 'RestaurantsReservations': 'True', 'NoiseLevel': ""u'average'"", 'CoatCheck': 'True', 'RestaurantsTableService': 'True', 'WheelchairAccessible': 'True', 'Music': ""{'dj': True, 'background_music': False, 'no_music': False, 'jukebox': False, 'live': None, 'video': False, 'karaoke': None}"", 'Alcohol': ""u'full_bar'"", 'RestaurantsPriceRange2': '2', 'RestaurantsDelivery': 'True', 'HasTV': 'True', 'BusinessAcceptsCreditCards': 'True'}","Lounges, Sports Bars, Bars, Cocktail Bars, Nightlife, Restaurants, American (Traditional)","{'Monday': '11:0-1:30', 'Tuesday': '11:0-1:30', 'Wednesday': '11:0-1:30', 'Thursday': '11:0-1:30', 'Friday': '11:0-1:30', 'Saturday': '11:0-1:30', 'Sunday': '11:0-1:30'}",33,2,2,0.0,2.4242424242424243,1.0,1.0,0.0,31,0,1,,0,1,0.0,0.5,0.5595238095238094,0.5,0.5198412698412698,Stable,-0.675,4.0,High,Negative,Monitor / Intervene,"staff_behavior,order_accuracy_wait_time"
WO5nr-4sjVs506BdCLL0aA,Kuchi Sushi & Hibachi,9206 Anderson Rd,Tampa,FL,33634.0,28.030876,-82.541377,4.0,319,1,"{'NoiseLevel': ""u'average'"", 'HasTV': 'True', 'BusinessAcceptsCreditCards': 'True', 'RestaurantsGoodForGroups': 'True', 'GoodForKids': 'True', 'RestaurantsAttire': ""'casual'"", 'RestaurantsTakeOut': 'True', 'Alcohol': ""'full_bar'"", 'RestaurantsTableService': 'True', 'BusinessParking': ""{'garage': False, 'street': False, 'validated': False, 'lot': True, 'valet': False}"", 'RestaurantsPriceRange2': '2', 'RestaurantsReservations': 'True', 'Caters': 'False', 'WiFi': ""'no'"", 'Ambience': ""{'touristy': False, 'hipster': False, 'romantic': False, 'divey': False, 'intimate': False, 'trendy': False, 'upscale': False, 'classy': True, 'casual': True}"", 'GoodForMeal': ""{'dessert': None, 'latenight': None, 'lunch': True, 'dinner': True, 'brunch': False, 'breakfast': False}"", 'OutdoorSeating': 'False', 'BusinessAcceptsBitcoin': 'False', 'RestaurantsDelivery': 'True', 'DogsAllowed': 'True', 'BikeParking': 'True'}","Restaurants, Japanese, Asian Fusion, Sushi Bars, Teppanyaki","{'Monday': '11:0-22:0', 'Tuesday': '11:0-22:0', 'Wednesday': '11:0-22:0', 'Thursday': '11:0-22:0', 'Friday': '11:0-23:0', 'Saturday': '13:0-23:0', 'Sunday': '13:0-22:0'}",331,20,15,-0.25,4.0362537764350455,3.65,3.866666666666666,0.2166666666666667,326,9,9,0.0,-5,0,0.2166666666666667,0.4519230769230769,0.5535714285714285,0.5270833333333333,0.5025081400081399,Declining,0.365,10.0,Low,Positive,Growth Opportunity,"food_product_quality,cleanliness_ambiance"
h85b3MFPWyaopMBy8DpBpA,Ron's Caribbean Cuisine,5726 N Broad St,Philadelphia,PA,19141.0,40.0407573,-75.1448014,4.0,142,1,"{'Alcohol': ""u'none'"", 'GoodForKids': 'True', 'RestaurantsPriceRange2': '2', 'BusinessParking': ""{'garage': False, 'street': True, 'validated': False, 'lot': False, 'valet': False}"", 'Caters': 'False', 'RestaurantsTakeOut': 'True', 'WiFi': ""u'no'"", 'BikeParking': 'False', 'HasTV': 'True', 'BusinessAcceptsCreditCards': 'True', 'OutdoorSeating': 'False', 'RestaurantsAttire': ""u'casual'"", 'RestaurantsDelivery': 'False', 'RestaurantsGoodForGroups': 'True', 'NoiseLevel': ""u'average'"", 'WheelchairAccessible': 'True', 'RestaurantsReservations': 'False', 'HappyHour': 'False', 'Ambience': ""{'touristy': False, 'hipster': False, 'romantic': False, 'divey': None, 'intimate': None, 'trendy': None, 'upscale': False, 'classy': None, 'casual': None}"", 'GoodForMeal': ""{'dessert': False, 'latenight': False, 'lunch': False, 'dinner': False, 'brunch': False, 'breakfast': False}"", 'DogsAllowed': 'False'}","Restaurants, Food, Ethnic Food, Cafes, Caribbean, Specialty Food","{'Monday': '10:0-21:0', 'Tuesday': '10:0-21:0', 'Wednesday': '10:0-21:0', 'Thursday': '10:0-21:0', 'Friday': '10:0-22:0', 'Saturday': '10:0-22:0', 'Sunday': '11:0-20:0'}",147,8,10,0.25,3.9047619047619047,3.875,3.7,-0.1749999999999998,118,1,2,1.0,2,1,-0.1749999999999998,0.5192307692307693,0.5595238095238094,0.478125,0.5235271672771672,Growing,0.54,10.0,High,Positive,Expand,"food_product_quality,service_speed"
xkTjLbBC7uB-rAIDqAm-sw,Los Comparres,5305 N Armenia Ave,Tampa,FL,33603.0,27.995155,-82.48414,4.5,339,1,"{'OutdoorSeating': 'True', 'Ambience': ""{'romantic': False, 'intimate': False, 'classy': False, 'hipster': False, 'divey': True, 'touristy': False, 'trendy': False, 'upscale': False, 'casual': False}"", 'RestaurantsPriceRange2': '1', 'Alcohol': ""u'none'"", 'RestaurantsAttire': ""u'casual'"", 'NoiseLevel': ""'average'"", 'WiFi': ""u'no'"", 'RestaurantsGoodForGroups': 'True', 'GoodForKids': 'True', 'BusinessParking': ""{'garage': False, 'street': False, 'validated': False, 'lot': True, 'valet': False}"", 'BusinessAcceptsCreditCards': 'True', 'RestaurantsReservations': 'False', 'HasTV': 'True', 'WheelchairAccessible': 'True', 'Caters': 'False', 'GoodForMeal': ""{'dessert': False, 'latenight': False, 'lunch': True, 'dinner': True, 'brunch': False, 'breakfast': False}"", 'RestaurantsDelivery': 'True', 'RestaurantsTakeOut': 'True', 'BikeParking': 'True'}","Street Vendors, Restaurants, Mexican, Food Trucks, Food, Seafood","{'Tuesday': '11:0-19:0', 'Thursday': '11:0-19:0', 'Sunday': '11:0-19:0'}",349,9,8,-0.1111111111111111,4.610315186246418,5.0,5.0,0.0,334,1,3,2.0,-1,2,0.0,0.4903846153846153,0.5654761904761904,0.5,0.5175518925518925,Stable,0.86,10.0,High,Positive,Expand,"food_product_quality,staff_behavior"
knA3b_WnHUJAyrIzzL9Lrg,Earl of Sandwich,"2223 Fc-206 International Mall Food Court N Westshore Blvd, International Mall Food Court",Tampa,FL,33607.0,27.9656004,-82.5207316,3.5,100,1,"{'Alcohol': ""u'none'"", 'BusinessAcceptsCreditCards': 'True', 'Ambience': ""{'romantic': False, 'intimate': False, 'touristy': False, 'hipster': False, 'divey': False, 'classy': False, 'trendy': False, 'upscale': False, 'casual': True}"", 'BikeParking': 'True', 'NoiseLevel': ""'average'"", 'RestaurantsPriceRange2': '1', 'RestaurantsDelivery': 'True', 'RestaurantsAttire': ""u'casual'"", 'RestaurantsGoodForGroups': 'True', 'RestaurantsReservations': 'False', 'RestaurantsTakeOut': 'True', 'GoodForKids': 'True', 'CoatCheck': 'False', 'GoodForMeal': ""{'dessert': False, 'latenight': False, 'lunch': True, 'dinner': True, 'brunch': False, 'breakfast': False}"", 'Caters': 'True', 'BusinessParking': ""{'garage': False, 'street': False, 'validated': False, 'lot': True, 'valet': False}"", 'OutdoorSeating': 'True', 'WiFi': ""u'free'"", 'HasTV': 'True'}","Event Planning & Services, Restaurants, Food, Wraps, Caterers, Salad, Sandwiches, Food Delivery Services","{'Monday': '0:0-0:0', 'Tuesday': '11:0-18:0', 'Wednesday': '11:0-18:0', 'Thursday': '11:0-18:0', 'Friday': '11:0-17:0', 'Saturday': '11:0-19:0', 'Sunday': '11:0-18:0'}",101,2,3,0.5,3.376237623762376,5.0,5.0,0.0,314,1,3,2.0,1,2,0.0,0.5096153846153846,0.5654761904761904,0.5,0.526098901098901,Growing,0.86,5.0,High,Positive,Expand,"food_product_quality,staff_behavior"
Bih0eT_lbbCUwKmGYpX0hw,Ricci's Hoagies,1165 S 11th St,Philadelphia,PA,19147.0,39.9353601,-75.1615836,4.0,67,1,"{'OutdoorSeating': 'True', 'RestaurantsDelivery': 'True', 'RestaurantsAttire': ""'casual'"", 'Alcohol': ""u'none'"", 'Corkage': 'False', 'RestaurantsPriceRange2': '1', 'RestaurantsReservations': 'False', 'BYOBCorkage': ""'yes_free'"", 'GoodForKids': 'True', 'NoiseLevel': ""u'average'"", 'BusinessParking': ""{'garage': False, 'street': True, 'validated': False, 'lot': False, 'valet': False}"", 'BikeParking': 'False', 'RestaurantsTakeOut': 'True', 'WiFi': ""u'no'"", 'Caters': 'True', 'HasTV': 'True', 'WheelchairAccessible': 'True', 'GoodForMeal': ""{'dessert': False, 'latenight': False, 'lunch': True, 'dinner': False, 'brunch': False, 'breakfast': False}"", 'Ambience': ""{'touristy': False, 'hipster': False, 'romantic': False, 'divey': False, 'intimate': False, 'trendy': False, 'upscale': False, 'classy': False, 'casual': False}"", 'BusinessAcceptsCreditCards': 'True', 'RestaurantsGoodForGroups': 'True'}","Restaurants, Italian, Sandwiches","{'Monday': '8:0-15:0', 'Tuesday': '8:0-15:0', 'Wednesday': '8:0-15:0', 'Thursday': '8:0-15:0', 'Friday': '8:0-15:0', 'Saturday': '9:0-15:30'}",70,3,5,0.6666666666666666,4.214285714285714,3.6666666666666665,4.6,0.9333333333333332,69,4,11,1.75,2,7,0.9333333333333332,0.5192307692307693,0.5952380952380951,0.6166666666666667,0.5662189662189662,Growing,0.425,8.0,High,Positive,Expand,"food_product_quality,staff_behavior"
EmbZ4QwVt_zgfqMOCATsyA,Let Them Eat Cake,"3805 S West Shore Blvd, Ste B",Tampa,FL,33611.0,27.9083039,-82.5272462,3.5,37,1,"{'BusinessParking': ""{'garage': False, 'street': False, 'validated': False, 'lot': True, 'valet': False}"", 'Caters': 'False', 'BusinessAcceptsCreditCards': 'True', 'DogsAllowed': 'False', 'WheelchairAccessible': 'True', 'RestaurantsTakeOut': 'False', 'BikeParking': 'True', 'RestaurantsDelivery': 'True', 'RestaurantsPriceRange2': '2', 'BusinessAcceptsBitcoin': 'False'}","Food, Bakeries, Restaurants","{'Tuesday': '9:0-17:0', 'Wednesday': '9:0-17:0', 'Thursday': '9:0-17:0', 'Friday': '9:0-17:0', 'Saturday': '9:0-17:0'}",38,1,1,0.0,3.473684210526316,5.0,5.0,0.0,20,0,0,,0,0,0.0,0.5,0.5535714285714285,0.5,0.5178571428571428,Stable,0.8,2.0,High,Positive,Expand,"food_product_quality,staff_behavior"
E-DcL1u330qwvoxXhipmUQ,George's Sandwich Shop,900 S 9th St,Philadelphia,PA,19147.0,39.9388315986,-75.1579846257,4.0,93,1,"{'BikeParking': 'True', 'NoiseLevel': ""u'average'"", 'BusinessAcceptsCreditCards': 'False', 'RestaurantsReservations': 'False', 'RestaurantsTakeOut': 'True', 'RestaurantsPriceRange2': '1', 'RestaurantsAttire': ""u'casual'"", 'GoodForKids': 'True', 'OutdoorSeating': 'True', 'Alcohol': ""u'none'"", 'HasTV': 'True', 'RestaurantsGoodForGroups': 'False', 'Caters': 'False', 'BusinessParking': ""{'garage': False, 'street': True, 'validated': False, 'lot': False, 'valet': False}"", 'RestaurantsDelivery': 'True', 'GoodForMeal': ""{'dessert': False, 'latenight': False, 'lunch': True, 'dinner': False, 'brunch': False, 'breakfast': False}"", 'WiFi': ""u'no'"", 'Ambience': ""{'touristy': False, 'hipster': False, 'romantic': False, 'divey': None, 'intimate': False, 'trendy': False, 'upscale': False, 'classy': False, 'casual': True}""}","Italian, Cheesesteaks, Restaurants, Sandwiches","{'Monday': '8:0-17:0', 'Tuesday': '8:0-17:0', 'Wednesday': '8:0-17:0', 'Thursday': '8:0-17:0', 'Friday': '8:0-17:0'}",95,2,2,0.0,3.9894736842105263,3.0,3.0,0.0,122,3,1,-0.6666666666666666,0,-2,0.0,0.5,0.5416666666666666,0.5,0.5138888888888888,Stable,-0.0999999999999999,4.0,High,Negative,Monitor / Intervene,"food_product_quality,pricing_value"
C_EtrXTygRX5RTUOKtO6Dg,Copabanana,4000 Spruce St,Philadelphia,PA,19104.0,39.9515586,-75.2032578,3.0,334,1,"{'Caters': 'True', 'WiFi': ""u'no'"", 'BikeParking': 'True', 'BusinessParking': ""{'garage': False, 'street': True, 'validated': False, 'lot': False, 'valet': False}"", 'RestaurantsPriceRange2': '2', 'OutdoorSeating': 'True', 'RestaurantsGoodForGroups': 'True', 'HasTV': 'True', 'Alcohol': ""u'full_bar'"", 'GoodForKids': 'False', 'BusinessAcceptsCreditCards': 'True', 'RestaurantsAttire': ""u'casual'"", 'RestaurantsDelivery': 'True', 'BestNights': ""{'monday': False, 'tuesday': False, 'friday': True, 'wednesday': True, 'thursday': False, 'sunday': False, 'saturday': True}"", 'RestaurantsReservations': 'True', 'RestaurantsTakeOut': 'True', 'NoiseLevel': ""u'loud'"", 'Music': ""{'dj': False, 'background_music': False, 'no_music': False, 'jukebox': False, 'live': False, 'video': False, 'karaoke': False}"", 'GoodForMeal': ""{'dessert': False, 'latenight': True, 'lunch': False, 'dinner': True, 'brunch': False, 'breakfast': False}"", 'Ambience': ""{u'divey': None, u'hipster': False, u'casual': True, u'touristy': False, u'trendy': False, u'intimate': False, u'romantic': False, u'classy': False, u'upscale': False}""}","Nightlife, Bars, Restaurants, American (Traditional)","{'Monday': '0:0-0:0', 'Tuesday': '11:30-22:0', 'Wednesday': '11:30-22:0', 'Thursday': '11:30-22:0', 'Friday': '11:30-22:0', 'Saturday': '11:30-22:0', 'Sunday': '12:0-20:0'}",342,6,6,0.0,2.9239766081871346,3.5,3.6666666666666665,0.1666666666666665,798,5,3,-0.4,0,-2,0.1666666666666665,0.5,0.5416666666666666,0.5208333333333333,0.5185185185185185,Stable,0.35,10.0,High,Positive,Expand,"food_product_quality,pricing_value"
LnZvGYbqozanOSevcftnrw,HipCityVeg - University City,214 S 40th St,Philadelphia,PA,19104.0,39.953549,-75.202991,4.0,314,1,"{'HasTV': 'False', 'BusinessAcceptsCreditCards': 'True', 'BusinessParking': ""{'garage': False, 'street': True, 'validated': False, 'lot': False, 'valet': False}"", 'NoiseLevel': ""u'average'"", 'RestaurantsTakeOut': 'True', 'OutdoorSeating': 'False', 'BikeParking': 'True', 'RestaurantsDelivery': 'True', 'WiFi': ""u'free'"", 'Caters': 'True', 'GoodForKids': 'True', 'RestaurantsReservations': 'False', 'DriveThru': 'False', 'RestaurantsPriceRange2': '2', 'DogsAllowed': 'False', 'Alcohol': ""u'none'"", 'RestaurantsAttire': ""u'casual'"", 'ByAppointmentOnly': 'False', 'RestaurantsGoodForGroups': 'True', 'Ambience': ""{'touristy': False, 'hipster': True, 'romantic': False, 'divey': False, 'intimate': False, 'trendy': True, 'upscale': False, 'classy': True, 'casual': True}"", 'GoodForMeal': ""{'dessert': False, 'latenight': False, 'lunch': True, 'dinner': True, 'brunch': False, 'breakfast': False}""}","Sandwiches, Food, Burgers, Restaurants, Vegan, Desserts","{'Monday': '11:0-21:0', 'Tuesday': '11:0-21:0', 'Wednesday': '11:0-21:0', 'Thursday': '11:0-21:0', 'Friday': '11:0-21:0', 'Saturday': '11:0-21:0', 'Sunday': '11:0-21:0'}",326,6,5,-0.1666666666666666,4.214723926380368,4.166666666666667,4.0,-0.1666666666666669,750,4,7,0.75,-1,3,-0.1666666666666669,0.4903846153846153,0.5714285714285714,0.4791666666666666,0.5149063899063898,Stable,0.38,10.0,High,Positive,Expand,"food_product_quality,pricing_value"
jULIPydhMj18KOI5OHTwfA,Buena Onda,1901 Callowhill St,Philadelphia,PA,19130.0,39.9609147337,-75.1708267829,4.0,552,1,"{'RestaurantsReservations': 'False', 'BusinessParking': ""{'garage': False, 'street': True, 'validated': False, 'lot': True, 'valet': False}"", 'OutdoorSeating': 'True', 'RestaurantsTakeOut': 'True', 'NoiseLevel': ""'average'"", 'RestaurantsAttire': ""u'casual'"", 'WiFi': ""'free'"", 'BusinessAcceptsCreditCards': 'True', 'DriveThru': 'False', 'BikeParking': 'True', 'Caters': 'True', 'Ambience': ""{'touristy': False, 'hipster': None, 'romantic': False, 'divey': False, 'intimate': False, 'trendy': True, 'upscale': False, 'classy': False, 'casual': True}"", 'GoodForKids': 'True', 'GoodForMeal': ""{'dessert': False, 'latenight': False, 'lunch': True, 'dinner': None, 'brunch': False, 'breakfast': False}"", 'RestaurantsTableService': 'False', 'HasTV': 'True', 'RestaurantsPriceRange2': '2', 'RestaurantsDelivery': 'True', 'Alcohol': ""u'beer_and_wine'"", 'RestaurantsGoodForGroups': 'True', 'HappyHour': 'True'}","Tacos, Restaurants, Mexican","{'Monday': '11:0-21:0', 'Tuesday': '11:0-21:0', 'Wednesday': '11:0-21:0', 'Thursday': '11:0-21:0', 'Friday': '11:0-21:0', 'Saturday': '11:0-21:0', 'Sunday': '11:0-21:0'}",572,20,17,-0.15,4.048951048951049,3.85,3.7058823529411766,-0.1441176470588234,1017,11,9,-0.1818181818181818,-3,-2,-0.1441176470588234,0.4711538461538461,0.5416666666666666,0.481985294117647,0.4970651080945197,Declining,0.255,10.0,Low,Positive,Growth Opportunity,"food_product_quality,staff_behavior"
gCcJTKC40CL0XtYYGfcXDw,Smiley's Cafe,4251 Main St,Philadelphia,PA,19127.0,40.024774,-75.2214354,4.5,423,1,"{'Ambience': ""{'romantic': False, 'intimate': False, 'touristy': False, 'hipster': False, 'divey': False, 'classy': False, 'trendy': False, 'upscale': False, 'casual': True}"", 'RestaurantsDelivery': 'True', 'GoodForKids': 'True', 'BikeParking': 'True', 'RestaurantsReservations': 'False', 'RestaurantsTakeOut': 'True', 'Caters': 'True', 'HasTV': 'True', 'RestaurantsGoodForGroups': 'True', 'NoiseLevel': ""u'quiet'"", 'RestaurantsAttire': ""u'casual'"", 'BusinessAcceptsCreditCards': 'True', 'Alcohol': ""u'none'"", 'RestaurantsPriceRange2': '1', 'WheelchairAccessible': 'False', 'DogsAllowed': 'False', 'RestaurantsTableService': 'True', 'WiFi': ""'no'"", 'GoodForMeal': ""{'dessert': False, 'latenight': False, 'lunch': True, 'dinner': True, 'brunch': False, 'breakfast': False}"", 'OutdoorSeating': 'True', 'BusinessParking': ""{'garage': False, 'street': True, 'validated': False, 'lot': False, 'valet': False}""}","Juice Bars & Smoothies, Food, Mediterranean, Greek, Restaurants, Sandwiches","{'Monday': '11:0-21:0', 'Tuesday': '11:0-21:0', 'Wednesday': '11:0-21:0', 'Thursday': '11:0-21:0', 'Friday': '11:0-21:0', 'Saturday': '11:30-21:0'}",440,17,9,-0.4705882352941176,4.470454545454546,4.647058823529412,4.0,-0.6470588235294121,350,6,3,-0.5,-8,-3,-0.6470588235294121,0.4230769230769231,0.5357142857142856,0.4191176470588235,0.4597428715075773,Declining,0.5,10.0,Low,Positive,Growth Opportunity,"food_product_quality,staff_behavior"
wCluBbW9nzS7MEMFltMwJw,Tasties,1212 N 52nd St,Philadelphia,PA,19144.0,39.9717941,-75.2261989,2.5,106,1,"{'RestaurantsTableService': 'False', 'HasTV': 'True', 'RestaurantsAttire': ""'casual'"", 'GoodForKids': 'True', 'NoiseLevel': ""'average'"", 'BusinessAcceptsCreditCards': 'False', 'RestaurantsPriceRange2': '2', 'RestaurantsDelivery': 'True', 'BusinessParking': ""{'garage': False, 'street': True, 'validated': False, 'lot': False, 'valet': False}"", 'RestaurantsTakeOut': 'True', 'WiFi': ""u'free'"", 'BikeParking': 'False', 'Alcohol': ""u'full_bar'"", 'GoodForMeal': ""{'dessert': False, 'latenight': False, 'lunch': False, 'dinner': False, 'brunch': False, 'breakfast': False}"", 'RestaurantsReservations': 'True', 'RestaurantsGoodForGroups': 'True', 'Ambience': ""{'touristy': None, 'hipster': False, 'romantic': None, 'divey': None, 'intimate': None, 'trendy': None, 'upscale': False, 'classy': None, 'casual': True}"", 'OutdoorSeating': 'True', 'Caters': 'True', 'HappyHour': 'True'}","Food, Imported Food, Food Trucks, Desserts, Seafood, Steakhouses, Ethnic Food, Sandwiches, Soul Food, Specialty Food, Restaurants","{'Monday': '11:0-23:0', 'Tuesday': '11:0-23:0', 'Wednesday': '11:0-23:0', 'Thursday': '11:0-23:0', 'Friday': '11:0-0:0', 'Saturday': '11:0-0:0', 'Sunday': '11:0-22:0'}",110,1,2,1.0,2.4545454545454546,1.0,2.0,1.0,48,0,0,,1,0,1.0,0.5096153846153846,0.5535714285714285,0.625,0.5499084249084248,Growing,-0.7333333333333334,3.0,High,Negative,Monitor / Intervene,"food_product_quality,pricing_value"
B-DiQpcSTJ7oMMnwzbAGTQ,Cucina Zapata,S 31st & Ludlow St,Philadelphia,PA,19104.0,39.9542886,-75.1855377,4.5,248,1,"{'GoodForKids': 'True', 'RestaurantsReservations': 'False', 'OutdoorSeating': 'False', 'Caters': 'False', 'RestaurantsPriceRange2': '1', 'BusinessAcceptsCreditCards': 'False', 'RestaurantsDelivery': 'False', 'BikeParking': 'True', 'RestaurantsAttire': ""u'casual'"", 'RestaurantsTakeOut': 'True', 'HasTV': 'False', 'BusinessParking': ""{'garage': False, 'street': True, 'validated': False, 'lot': False, 'valet': False}"", 'Ambience': ""{'romantic': False, 'intimate': False, 'touristy': False, 'hipster': False, 'divey': False, 'classy': False, 'trendy': False, 'upscale': False, 'casual': True}"", 'GoodForMeal': ""{'dessert': False, 'latenight': False, 'lunch': True, 'dinner': False, 'brunch': False, 'breakfast': False}"", 'NoiseLevel': ""u'average'"", 'WiFi': ""u'no'"", 'Alcohol': ""u'none'"", 'DogsAllowed': 'True', 'BusinessAcceptsBitcoin': 'False', 'RestaurantsTableService': 'False', 'RestaurantsGoodForGroups': 'True'}","Thai, Food Stands, Restaurants, Mexican","{'Monday': '12:0-17:0', 'Tuesday': '12:0-17:0', 'Wednesday': '12:0-17:0', 'Thursday': '12:0-17:0', 'Friday': '12:0-17:0'}",251,1,2,1.0,4.613545816733068,5.0,5.0,0.0,515,0,0,,1,0,0.0,0.5096153846153846,0.5535714285714285,0.5,0.522130647130647,Growing,0.5666666666666668,3.0,High,Positive,Expand,"food_product_quality,pricing_value"
cx5rIVMN-FXwBkl2Kbot7w,North 30th Sports Pub & Grille,11402 N 30th St,Tampa,FL,33612.0,28.052244,-82.426674,4.5,106,1,"{'RestaurantsAttire': ""u'casual'"", 'HasTV': 'True', 'RestaurantsGoodForGroups': 'True', 'BusinessParking': ""{'garage': None, 'street': False, 'validated': None, 'lot': True, 'valet': False}"", 'Alcohol': ""'full_bar'"", 'RestaurantsPriceRange2': '2', 'RestaurantsTableService': 'True', 'RestaurantsReservations': 'False', 'Music': ""{'dj': False, 'background_music': False, 'no_music': False, 'jukebox': False, 'live': True, 'video': False, 'karaoke': False}"", 'WiFi': ""'free'"", 'Smoking': ""u'outdoor'"", 'CoatCheck': 'False', 'RestaurantsTakeOut': 'True', 'WheelchairAccessible': 'True', 'BestNights': ""{'monday': False, 'tuesday': False, 'friday': False, 'wednesday': False, 'thursday': False, 'sunday': False, 'saturday': True}"", 'BusinessAcceptsCreditCards': 'True', 'GoodForMeal': ""{'dessert': None, 'latenight': None, 'lunch': None, 'dinner': True, 'brunch': None, 'breakfast': None}"", 'GoodForKids': 'True', 'OutdoorSeating': 'True', 'Ambience': ""{u'divey': False, u'hipster': None, u'casual': True, u'touristy': False, u'trendy': None, u'intimate': False, u'romantic': False, u'classy': False, u'upscale': None}"", 'RestaurantsDelivery': 'True', 'BYOB': 'False', 'Caters': 'True', 'HappyHour': 'True', 'BikeParking': 'True'}","Nightlife, Sports Bars, Bars, Restaurants, American (Traditional)","{'Monday': '11:0-23:0', 'Wednesday': '11:0-23:0', 'Thursday': '11:0-23:0', 'Friday': '11:0-0:0', 'Saturday': '11:0-0:0', 'Sunday': '11:0-23:0'}",113,7,9,0.2857142857142857,4.283185840707965,4.285714285714286,4.555555555555555,0.2698412698412697,68,10,2,-0.8,2,-8,0.2698412698412697,0.5192307692307693,0.5059523809523809,0.5337301587301587,0.5180267263600598,Stable,0.635,10.0,High,Positive,Expand,"food_product_quality,staff_behavior"
JUlsvVAvZvGHWFfkKm0nlg,El Camino Real,1040 N 2nd St,Philadelphia,PA,19123.0,39.9673004,-75.1403984,3.5,1014,1,"{'BikeParking': 'True', 'RestaurantsPriceRange2': '2', 'BusinessAcceptsCreditCards': 'True', 'Alcohol': ""u'full_bar'"", 'BusinessParking': ""{'garage': False, 'street': True, 'validated': False, 'lot': False, 'valet': False}"", 'GoodForKids': 'False', 'RestaurantsAttire': ""u'casual'"", 'WiFi': ""u'no'"", 'RestaurantsGoodForGroups': 'True', 'RestaurantsTakeOut': 'True', 'HasTV': 'True', 'RestaurantsReservations': 'True', 'OutdoorSeating': 'True', 'HappyHour': 'True', 'DogsAllowed': 'False', 'Caters': 'True', 'GoodForMeal': ""{'dessert': False, 'latenight': None, 'lunch': None, 'dinner': True, 'brunch': None, 'breakfast': False}"", 'Ambience': ""{'touristy': False, 'hipster': True, 'romantic': False, 'divey': False, 'intimate': False, 'trendy': None, 'upscale': False, 'classy': False, 'casual': True}"", 'NoiseLevel': ""u'average'"", 'RestaurantsDelivery': 'True'}","Mexican, Tex-Mex, Restaurants, Barbeque","{'Monday': '0:0-0:0', 'Tuesday': '11:0-23:0', 'Wednesday': '11:0-23:0', 'Thursday': '11:0-23:0', 'Friday': '11:0-23:0', 'Saturday': '10:0-23:0', 'Sunday': '10:0-22:0'}",1074,15,14,-0.0666666666666666,3.3584729981378025,2.933333333333333,3.142857142857143,0.2095238095238096,2248,11,11,0.0,-1,0,0.2095238095238096,0.4903846153846153,0.5535714285714285,0.5261904761904762,0.5194037444037443,Stable,0.0499999999999999,10.0,High,Positive,Expand,"food_product_quality,staff_behavior"
99zoELPcbwRBUqiPoaPqiQ,Bold Coffee Bar,1623 Ridge Ave,Philadelphia,PA,19130.0,39.9699772,-75.1639247,5.0,28,1,"{'RestaurantsReservations': 'False', 'OutdoorSeating': 'False', 'BusinessParking': ""{'garage': False, 'street': True, 'validated': False, 'lot': False, 'valet': False}"", 'HasTV': 'False', 'Caters': 'False', 'RestaurantsTableService': 'False', 'BYOB': 'False', 'RestaurantsTakeOut': 'True', 'BikeParking': 'False', 'DogsAllowed': 'True', 'Alcohol': ""u'none'"", 'BusinessAcceptsCreditCards': 'True', 'WheelchairAccessible': 'True', 'BusinessAcceptsBitcoin': 'False', 'HappyHour': 'False', 'WiFi': ""u'free'"", 'RestaurantsDelivery': 'False'}","Coffee & Tea, Food, Cafes, Restaurants","{'Monday': '0:0-0:0', 'Tuesday': '7:0-15:0', 'Wednesday': '7:0-15:0', 'Thursday': '7:0-15:0', 'Friday': '8:0-12:0', 'Saturday': '8:0-15:0'}",28,5,10,1.0,4.964285714285714,4.8,5.0,0.2000000000000001,32,12,9,-0.25,5,-3,0.2000000000000001,0.5480769230769231,0.5357142857142856,0.525,0.5388278388278388,Growing,0.8869999999999999,10.0,High,Positive,Expand,"food_product_quality,staff_behavior"
Uc6PdjT_MO5bRPQsUUEy5Q,Anthony's Coal Fired Pizza,1901 S Dale Mabry Hwy,Tampa,FL,33629.0,27.9271341,-82.5063009,4.0,229,1,"{'HasTV': 'True', 'RestaurantsPriceRange2': '2', 'BusinessAcceptsCreditCards': 'True', 'RestaurantsAttire': ""u'casual'"", 'RestaurantsTakeOut': 'True', 'BusinessParking': ""{'garage': False, 'street': False, 'validated': False, 'lot': True, 'valet': False}"", 'RestaurantsReservations': 'False', 'BikeParking': 'True', 'Ambience': ""{'romantic': False, 'intimate': False, 'touristy': False, 'hipster': False, 'divey': False, 'classy': False, 'trendy': False, 'upscale': False, 'casual': True}"", 'Caters': 'True', 'NoiseLevel': ""u'average'"", 'RestaurantsTableService': 'True', 'GoodForMeal': ""{'dessert': False, 'latenight': False, 'lunch': True, 'dinner': True, 'brunch': False, 'breakfast': False}"", 'OutdoorSeating': 'True', 'GoodForKids': 'True', 'RestaurantsGoodForGroups': 'True', 'WiFi': ""'free'"", 'Alcohol': ""'beer_and_wine'"", 'ByAppointmentOnly': 'False', 'HappyHour': 'True', 'RestaurantsDelivery': 'True'}","Restaurants, Italian, Pizza","{'Monday': '0:0-0:0', 'Tuesday': '11:0-21:0', 'Wednesday': '11:0-21:0', 'Thursday': '11:0-21:0', 'Friday': '11:0-22:0', 'Saturday': '11:30-22:0', 'Sunday': '11:30-21:0'}",231,9,10,0.1111111111111111,3.757575757575758,3.333333333333333,3.4,0.0666666666666664,469,7,2,-0.7142857142857143,1,-5,0.0666666666666664,0.5096153846153846,0.5238095238095237,0.5083333333333333,0.5140618640618639,Stable,0.355,10.0,High,Positive,Expand,"food_product_quality,staff_behavior"
PYUI1OJVksGUbCrteU68bw,Bourbon & Branch,705 N 2nd St,Philadelphia,PA,19123.0,39.96207,-75.14104,4.0,392,1,"{'Alcohol': ""u'full_bar'"", 'BusinessParking': ""{'garage': False, 'street': True, 'validated': False, 'lot': False, 'valet': False}"", 'Caters': 'True', 'GoodForDancing': 'False', 'BikeParking': 'True', 'HappyHour': 'True', 'RestaurantsPriceRange2': '2', 'NoiseLevel': ""'average'"", 'BusinessAcceptsCreditCards': 'True', 'RestaurantsGoodForGroups': 'True', 'HasTV': 'True', 'CoatCheck': 'False', 'WiFi': ""'free'"", 'WheelchairAccessible': 'False', 'Music': ""{'live': True}"", 'RestaurantsAttire': ""'casual'"", 'Smoking': ""u'outdoor'"", 'BestNights': ""{'monday': False, 'tuesday': False, 'friday': True, 'wednesday': False, 'thursday': False, 'sunday': True, 'saturday': True}"", 'Ambience': ""{'touristy': False, 'hipster': False, 'romantic': False, 'divey': False, 'intimate': False, 'trendy': False, 'upscale': False, 'classy': True, 'casual': True}"", 'RestaurantsTakeOut': 'True', 'OutdoorSeating': 'True', 'RestaurantsTableService': 'True', 'RestaurantsReservations': 'True', 'RestaurantsDelivery': 'True', 'GoodForKids': 'False', 'Corkage': 'False', 'GoodForMeal': ""{u'breakfast': False, u'brunch': True, u'lunch': True, u'dinner': True, u'latenight': None, u'dessert': None}"", 'BYOB': 'False', 'DogsAllowed': 'False'}","Bars, American (Traditional), Breakfast & Brunch, Music Venues, Arts & Entertainment, Nightlife, Restaurants","{'Monday': '11:0-22:0', 'Tuesday': '11:0-22:0', 'Wednesday': '11:0-22:0', 'Thursday': '11:0-22:0', 'Friday': '11:0-22:0', 'Saturday': '10:0-22:0', 'Sunday': '10:0-22:0'}",405,16,17,0.0625,3.861728395061729,4.0625,3.0588235294117645,-1.0036764705882355,646,10,18,0.8,1,8,-1.0036764705882355,0.5096153846153846,0.601190476190476,0.3745404411764705,0.5101237610428786,Declining,0.583,10.0,Low,Positive,Growth Opportunity,"food_product_quality,staff_behavior"
l7b33ubze8Jqw7C4I1CAuA,Embassy Suites by Hilton Tampa Airport Westshore,555 N Westshore Blvd,Tampa,FL,33609.0,27.9490484,-82.5234881,2.5,121,1,"{'BusinessAcceptsBitcoin': 'False', 'BusinessAcceptsCreditCards': 'True', 'RestaurantsPriceRange2': '2', 'WiFi': ""u'free'"", 'WheelchairAccessible': 'True', 'OutdoorSeating': 'True', 'RestaurantsDelivery': 'False', 'RestaurantsTakeOut': 'False', 'BusinessParking': ""{'garage': True, 'street': False, 'validated': False, 'lot': False, 'valet': False}"", 'HappyHour': 'True', 'DogsAllowed': 'True', 'BikeParking': 'False', 'RestaurantsReservations': 'True', 'HasTV': 'True', 'RestaurantsTableService': 'True', 'Alcohol': ""u'full_bar'""}","Hotels & Travel, Event Planning & Services, Restaurants, Hotels","{'Monday': '0:0-0:0', 'Tuesday': '0:0-0:0', 'Wednesday': '0:0-0:0', 'Thursday': '0:0-0:0', 'Friday': '0:0-0:0', 'Saturday': '0:0-0:0', 'Sunday': '0:0-0:0'}",124,7,3,-0.5714285714285714,2.6129032258064515,2.0,2.333333333333333,0.3333333333333335,282,6,0,-1.0,-4,-6,0.3333333333333335,0.4615384615384615,0.5178571428571428,0.5416666666666667,0.4981176231176231,Declining,-0.2,8.0,Low,Negative,Reassess,"staff_behavior,cleanliness_ambiance"
2VuOLrhe2Iu_FRz1gEIqQA,Michelle Faedo's Tampeño Cuisine,601 E Kennedy Blvd,Tampa,FL,33602.0,27.9483566,-82.4548727,4.5,67,1,"{'RestaurantsPriceRange2': '2', 'RestaurantsDelivery': 'True', 'RestaurantsReservations': 'False', 'GoodForKids': 'True', 'OutdoorSeating': 'True', 'BusinessAcceptsCreditCards': 'True', 'RestaurantsTakeOut': 'True', 'RestaurantsAttire': ""'casual'"", 'WiFi': ""'free'"", 'BikeParking': 'True', 'RestaurantsGoodForGroups': 'True', 'GoodForMeal': ""{u'breakfast': None, u'brunch': None, u'lunch': True, u'dinner': None, u'latenight': None, u'dessert': None}"", 'Ambience': ""{u'divey': None, u'hipster': False, u'casual': True, u'touristy': None, u'trendy': None, u'intimate': False, u'romantic': False, u'classy': None, u'upscale': False}"", 'HasTV': 'True', 'BusinessParking': ""{u'valet': False, u'garage': None, u'street': True, u'lot': None, u'validated': None}""}","Latin American, Restaurants, Cuban, Local Flavor","{'Monday': '7:0-18:0', 'Tuesday': '7:0-18:0', 'Wednesday': '7:0-18:0', 'Thursday': '7:0-18:0', 'Friday': '7:0-18:0'}",67,3,3,0.0,4.283582089552239,4.0,4.666666666666667,0.666666666666667,73,3,9,2.0,0,6,0.666666666666667,0.5,0.5892857142857142,0.5833333333333334,0.5482804232804233,Growing,0.5166666666666667,6.0,High,Positive,Expand,"food_product_quality,cleanliness_ambiance"
SwBhaxfQPbyhsi0QHUAN0A,Seminole Hard Rock Hotel & Casino Tampa,5223 Orient Rd,Tampa,FL,33610.0,27.993551,-82.371017,2.5,739,1,"{'BusinessAcceptsCreditCards': 'True', 'RestaurantsTakeOut': 'False', 'RestaurantsGoodForGroups': 'True', 'OutdoorSeating': 'False', 'HasTV': 'True', 'RestaurantsAttire': ""u'casual'"", 'Alcohol': ""u'full_bar'"", 'RestaurantsDelivery': 'False', 'Ambience': ""{'romantic': False, 'intimate': False, 'classy': False, 'hipster': False, 'divey': False, 'touristy': False, 'trendy': False, 'upscale': False, 'casual': True}"", 'GoodForKids': 'False', 'Caters': 'True', 'RestaurantsReservations': 'True', 'BusinessParking': ""{'garage': True, 'street': False, 'validated': False, 'lot': False, 'valet': False}"", 'NoiseLevel': ""u'loud'"", 'RestaurantsPriceRange2': '2', 'WiFi': ""'free'"", 'BikeParking': 'True', 'GoodForDancing': 'True', 'CoatCheck': 'False', 'BestNights': ""{'monday': False, 'tuesday': False, 'friday': True, 'wednesday': False, 'thursday': False, 'sunday': False, 'saturday': True}"", 'RestaurantsTableService': 'True', 'Music': ""{'dj': False, 'background_music': False, 'no_music': False, 'jukebox': False, 'live': True, 'video': False, 'karaoke': False}"", 'GoodForMeal': ""{'dessert': False, 'latenight': False, 'lunch': True, 'dinner': True, 'brunch': False, 'breakfast': False}"", 'DogsAllowed': 'True', 'ByAppointmentOnly': 'False', 'HappyHour': 'True', 'Smoking': ""u'yes'"", 'DriveThru': 'False'}","Food, Hotels, Coffee & Tea, Hotels & Travel, Restaurants, Casinos, Burgers, Bars, Nightlife, Arts & Entertainment, Event Planning & Services","{'Monday': '0:0-0:0', 'Tuesday': '0:0-0:0', 'Wednesday': '0:0-0:0', 'Thursday': '0:0-0:0', 'Friday': '0:0-0:0', 'Saturday': '0:0-0:0', 'Sunday': '0:0-0:0'}",821,37,34,-0.081081081081081,2.707673568818514,2.5135135135135136,2.911764705882353,0.3982511923688392,5394,193,217,0.1243523316062176,-3,24,0.3982511923688392,0.4711538461538461,0.6964285714285714,0.5497813990461049,0.5637182107770342,Growing,-0.29,10.0,High,Negative,Monitor / Intervene,"staff_behavior,cleanliness_ambiance"
RnqU698MbIjq_eZHEzYL6g,Top China,3810 W Neptune St,Tampa,FL,33629.0,27.9297615054,-82.5065715719,3.0,43,1,"{'BusinessAcceptsCreditCards': 'True', 'RestaurantsAttire': ""'casual'"", 'RestaurantsPriceRange2': '1', 'Alcohol': ""u'none'"", 'RestaurantsReservations': 'True', 'OutdoorSeating': 'False', 'NoiseLevel': ""u'quiet'"", 'WiFi': ""u'free'"", 'BikeParking': 'True', 'Caters': 'True', 'RestaurantsTableService': 'False', 'RestaurantsGoodForGroups': 'True', 'RestaurantsDelivery': 'True', 'RestaurantsTakeOut': 'True', 'Ambience': ""{'touristy': None, 'hipster': False, 'romantic': False, 'divey': False, 'intimate': False, 'trendy': None, 'upscale': False, 'classy': False, 'casual': True}"", 'HasTV': 'True', 'GoodForKids': 'True', 'BusinessParking': ""{u'valet': False, u'garage': False, u'street': None, u'lot': True, u'validated': False}"", 'GoodForMeal': ""{u'breakfast': None, u'brunch': False, u'lunch': True, u'dinner': True, u'latenight': None, u'dessert': None}""}","Seafood, Chinese, Restaurants, Thai","{'Monday': '0:0-0:0', 'Tuesday': '11:0-22:0', 'Wednesday': '11:0-22:0', 'Thursday': '11:0-22:0', 'Friday': '16:0-22:30', 'Saturday': '16:0-22:30', 'Sunday': '16:0-22:0'}",45,3,2,-0.3333333333333333,3.0444444444444443,3.333333333333333,3.5,0.1666666666666665,67,0,2,,-1,2,0.1666666666666665,0.4903846153846153,0.5654761904761904,0.5208333333333333,0.522181522181522,Growing,0.1,5.0,High,Positive,Expand,"food_product_quality,service_speed"
uBDXcXlLR9IuRV1N2m0SPQ,Pho Street,2104 Market St,Philadelphia,PA,19103.0,39.9536619,-75.1754204,4.0,150,1,"{'OutdoorSeating': 'False', 'RestaurantsAttire': ""'casual'"", 'Caters': 'True', 'RestaurantsReservations': 'False', 'Alcohol': ""u'none'"", 'Ambience': ""{'touristy': False, 'hipster': False, 'romantic': False, 'divey': False, 'intimate': False, 'trendy': None, 'upscale': False, 'classy': False, 'casual': True}"", 'BusinessAcceptsBitcoin': 'False', 'NoiseLevel': ""'quiet'"", 'BikeParking': 'True', 'GoodForKids': 'True', 'RestaurantsPriceRange2': '2', 'RestaurantsTakeOut': 'True', 'HasTV': 'True', 'DogsAllowed': 'False', 'RestaurantsGoodForGroups': 'True', 'HappyHour': 'False', 'WiFi': ""u'free'"", 'BusinessAcceptsCreditCards': 'True', 'RestaurantsTableService': 'False', 'GoodForMeal': ""{'dessert': None, 'latenight': None, 'lunch': True, 'dinner': True, 'brunch': None, 'breakfast': None}"", 'RestaurantsDelivery': 'True', 'BusinessParking': ""{'garage': False, 'street': True, 'validated': False, 'lot': True, 'valet': False}"", 'WheelchairAccessible': 'True'}","Restaurants, Vietnamese","{'Monday': '0:0-0:0', 'Tuesday': '11:0-20:30', 'Wednesday': '11:0-20:30', 'Thursday': '11:0-20:30', 'Friday': '11:0-20:30', 'Saturday': '11:30-20:30', 'Sunday': '11:30-20:0'}",153,9,7,-0.2222222222222222,4.215686274509804,4.0,4.285714285714286,0.2857142857142856,114,3,2,-0.3333333333333333,-2,-1,0.2857142857142856,0.4807692307692308,0.5476190476190476,0.5357142857142857,0.5152625152625152,Stable,0.72,10.0,High,Positive,Expand,"food_product_quality,pricing_value"
tm94_vqmMMeAv01L-7FJzQ,Mayura Indian Restaurant,9321-23 Krewstown Rd,Philadelphia,PA,19115.0,40.086176,-75.045126,4.5,19,1,"{'WheelchairAccessible': 'True', 'RestaurantsTakeOut': 'True', 'WiFi': ""u'free'"", 'BusinessAcceptsCreditCards': 'True', 'RestaurantsDelivery': 'True', 'Caters': 'True', 'HasTV': 'False', 'DogsAllowed': 'False', 'OutdoorSeating': 'False', 'RestaurantsTableService': 'True', 'BusinessParking': ""{'garage': False, 'street': False, 'validated': False, 'lot': True, 'valet': False}""}","Indian, Food, Soup, Desserts, Restaurants","{'Tuesday': '17:0-21:30', 'Wednesday': '17:0-21:30', 'Thursday': '11:0-19:0', 'Friday': '17:0-21:30', 'Saturday': '17:0-22:0', 'Sunday': '17:0-21:0'}",19,6,6,0.0,4.631578947368421,4.666666666666667,4.166666666666667,-0.5,3,2,1,-0.5,0,-1,-0.5,0.5,0.5476190476190476,0.4375,0.501984126984127,Declining,0.535,10.0,Low,Positive,Growth Opportunity,"food_product_quality,staff_behavior"
cXSyVvOr9YRN9diDkaWs0Q,Honey's Sit-N-Eat,800 N 4th St,Philadelphia,PA,19123.0,39.96399,-75.1444822,4.0,1396,1,"{'RestaurantsTakeOut': 'True', 'OutdoorSeating': 'True', 'BusinessAcceptsCreditCards': 'False', 'BYOBCorkage': ""'yes_free'"", 'RestaurantsAttire': ""'casual'"", 'Corkage': 'True', 'GoodForKids': 'True', 'RestaurantsReservations': 'False', 'Alcohol': ""'none'"", 'BusinessParking': ""{'garage': False, 'street': True, 'validated': False, 'lot': False, 'valet': False}"", 'WiFi': ""u'no'"", 'RestaurantsGoodForGroups': 'True', 'BikeParking': 'True', 'NoiseLevel': ""u'average'"", 'Caters': 'True', 'RestaurantsPriceRange2': '2', 'DogsAllowed': 'False', 'WheelchairAccessible': 'True', 'RestaurantsTableService': 'True', 'GoodForMeal': ""{'dessert': False, 'latenight': False, 'lunch': None, 'dinner': False, 'brunch': True, 'breakfast': True}"", 'HasTV': 'True', 'Ambience': ""{'touristy': False, 'hipster': True, 'romantic': False, 'divey': False, 'intimate': False, 'trendy': None, 'upscale': False, 'classy': True, 'casual': True}"", 'HappyHour': 'False', 'RestaurantsDelivery': 'True'}","Southern, Restaurants, American (Traditional)","{'Monday': '9:0-14:0', 'Tuesday': '9:0-14:0', 'Wednesday': '9:0-14:0', 'Thursday': '9:0-14:0', 'Friday': '9:0-14:0', 'Saturday': '8:0-15:0', 'Sunday': '8:0-15:0'}",1444,19,26,0.3684210526315789,4.226454293628809,4.157894736842105,4.653846153846154,0.4959514170040489,2726,24,19,-0.2083333333333333,7,-5,0.4959514170040489,0.5673076923076923,0.5238095238095237,0.5619939271255061,0.5516274661011502,Growing,0.52,10.0,High,Positive,Expand,"food_product_quality,service_speed"
UWk9hczxAjMT6y5C3826fw,Cicis,5771 E Fowler Ave,Tampa,FL,33617.0,28.0531920633,-82.3917619139,3.0,31,1,"{'GoodForKids': 'True', 'RestaurantsPriceRange2': '1', 'NoiseLevel': ""u'loud'"", 'Caters': 'False', 'BusinessAcceptsCreditCards': 'True', 'RestaurantsGoodForGroups': 'True', 'RestaurantsTakeOut': 'True', 'OutdoorSeating': 'False', 'RestaurantsAttire': ""'casual'"", 'BikeParking': 'True', 'RestaurantsReservations': 'False', 'WiFi': ""'no'"", 'Alcohol': ""u'none'"", 'RestaurantsDelivery': 'True', 'DogsAllowed': 'False', 'HasTV': 'True', 'Ambience': ""{u'divey': None, u'hipster': False, u'casual': True, u'touristy': None, u'trendy': False, u'intimate': False, u'romantic': False, u'classy': False, u'upscale': False}"", 'BusinessParking': ""{'garage': False, 'street': False, 'validated': False, 'lot': False, 'valet': False}"", 'GoodForMeal': ""{'dessert': True, 'latenight': False, 'lunch': False, 'dinner': False, 'brunch': False, 'breakfast': False}""}","Pizza, Restaurants, American (Traditional)","{'Monday': '11:0-22:0', 'Tuesday': '11:0-22:0', 'Wednesday': '11:0-22:0', 'Thursday': '11:0-22:0', 'Friday': '11:0-22:0', 'Saturday': '11:0-22:0', 'Sunday': '11:0-22:0'}",31,3,1,-0.6666666666666666,3.032258064516129,3.0,3.0,0.0,47,0,1,,-2,1,0.0,0.4807692307692308,0.5595238095238094,0.5,0.5112942612942613,Declining,0.3125,4.0,Low,Positive,Growth Opportunity,"food_product_quality,service_speed"
OoFCe8VbzzCr88SGC08omw,Buk Chon Korean Cuisine,132 Chestnut St,Philadelphia,PA,19106.0,39.9482156,-75.143697,4.5,221,1,"{'NoiseLevel': ""u'average'"", 'BusinessParking': ""{'garage': False, 'street': True, 'validated': False, 'lot': False, 'valet': False}"", 'RestaurantsDelivery': 'True', 'WiFi': ""u'free'"", 'BikeParking': 'True', 'WheelchairAccessible': 'False', 'Ambience': ""{'touristy': False, 'hipster': False, 'romantic': False, 'divey': False, 'intimate': False, 'trendy': False, 'upscale': False, 'classy': True, 'casual': False}"", 'RestaurantsPriceRange2': '2', 'RestaurantsReservations': 'True', 'Caters': 'True', 'RestaurantsGoodForGroups': 'True', 'GoodForMeal': ""{u'breakfast': None, u'brunch': None, u'lunch': None, u'dinner': True, u'latenight': None, u'dessert': None}"", 'Alcohol': ""u'none'"", 'RestaurantsTableService': 'True', 'GoodForKids': 'True', 'DogsAllowed': 'False', 'BYOB': 'True', 'Corkage': 'False', 'HappyHour': 'True', 'BusinessAcceptsBitcoin': 'False', 'RestaurantsAttire': ""u'casual'"", 'RestaurantsTakeOut': 'True', 'OutdoorSeating': 'True', 'BusinessAcceptsCreditCards': 'True', 'HasTV': 'False'}","Korean, Restaurants, Asian Fusion","{'Monday': '0:0-0:0', 'Wednesday': '11:30-22:0', 'Thursday': '11:30-22:0', 'Friday': '11:30-23:0', 'Saturday': '11:30-23:0', 'Sunday': '11:30-22:0'}",226,18,25,0.3888888888888889,4.407079646017699,4.388888888888889,4.4,0.011111111111111,191,17,21,0.2352941176470588,7,4,0.011111111111111,0.5673076923076923,0.5773809523809523,0.5013888888888889,0.5560168226834893,Growing,0.754,10.0,High,Positive,Expand,"food_product_quality,staff_behavior"
38yHZCHWgPZlDj5SqdNcpA,Mama Rosa's Pizza,1616 E 7th Ave,Tampa,FL,33605.0,27.9603618941,-82.4410984448,2.0,121,1,"{'RestaurantsDelivery': 'True', 'BusinessParking': ""{'garage': False, 'street': True, 'validated': False, 'lot': False, 'valet': False}"", 'GoodForKids': 'True', 'HasTV': 'True', 'RestaurantsPriceRange2': '2', 'RestaurantsAttire': ""'casual'"", 'WiFi': ""u'free'"", 'DogsAllowed': 'True', 'BikeParking': 'False', 'WheelchairAccessible': 'True', 'Alcohol': ""'beer_and_wine'"", 'RestaurantsGoodForGroups': 'True', 'Ambience': ""{'touristy': False, 'hipster': None, 'romantic': False, 'divey': True, 'intimate': None, 'trendy': None, 'upscale': False, 'classy': False, 'casual': None}"", 'OutdoorSeating': 'False', 'RestaurantsReservations': 'False', 'BusinessAcceptsCreditCards': 'True', 'Caters': 'True', 'BusinessAcceptsBitcoin': 'False', 'GoodForMeal': ""{'dessert': True, 'latenight': True, 'lunch': True, 'dinner': True, 'brunch': None, 'breakfast': None}"", 'RestaurantsTableService': 'False', 'NoiseLevel': ""'average'"", 'RestaurantsTakeOut': 'True'}","Restaurants, Italian, Food Delivery Services, Mediterranean, Food, Pizza, Chicken Wings","{'Monday': '16:0-3:0', 'Tuesday': '16:0-3:0', 'Wednesday': '11:0-3:0', 'Thursday': '11:0-3:0', 'Friday': '11:0-3:0', 'Saturday': '11:0-3:0', 'Sunday': '11:0-3:0'}",121,1,5,4.0,2.1818181818181817,1.0,3.0,2.0,162,1,0,-1.0,4,-1,2.0,0.5384615384615384,0.5476190476190476,0.75,0.5885225885225884,Growing,-0.1666666666666666,6.0,High,Negative,Monitor / Intervene,"staff_behavior,food_product_quality"
cdiN0gHvZo3i64jwS990fQ,Alez Haitian Cuisine,1428 E Fletcher Ave,Tampa,FL,33613.0,28.069621,-82.443782,4.0,44,1,"{'OutdoorSeating': 'False', 'Alcohol': ""u'none'"", 'RestaurantsPriceRange2': '1', 'RestaurantsTakeOut': 'True', 'BusinessParking': ""{'garage': False, 'street': False, 'validated': False, 'lot': False, 'valet': False}"", 'NoiseLevel': ""u'average'"", 'HasTV': 'True', 'Ambience': ""{'romantic': False, 'intimate': False, 'classy': False, 'hipster': False, 'divey': False, 'touristy': False, 'trendy': False, 'upscale': False, 'casual': True}"", 'Caters': 'True', 'RestaurantsGoodForGroups': 'True', 'WiFi': ""u'free'"", 'GoodForKids': 'True', 'BikeParking': 'False', 'BusinessAcceptsCreditCards': 'True', 'RestaurantsReservations': 'True', 'GoodForMeal': ""{'dessert': False, 'latenight': False, 'lunch': True, 'dinner': True, 'brunch': False, 'breakfast': False}"", 'RestaurantsAttire': ""u'casual'"", 'RestaurantsDelivery': 'True'}","Caribbean, Restaurants, Haitian","{'Monday': '11:0-21:0', 'Tuesday': '11:0-21:0', 'Wednesday': '11:0-21:0', 'Thursday': '11:0-21:0', 'Friday': '11:0-0:0', 'Saturday': '11:0-22:0', 'Sunday': '12:0-19:0'}",45,2,6,2.0,4.044444444444444,5.0,2.833333333333333,-2.1666666666666665,43,0,1,,4,1,-2.1666666666666665,0.5384615384615384,0.5595238095238094,0.2291666666666666,0.4767501017501017,Declining,0.11,7.0,Low,Positive,Growth Opportunity,"food_product_quality,staff_behavior"
h0tUOsL3sRYVqSQlxWjW5g,Minerva Indian Restaurant,19050 Bruce B Downs Blvd,Tampa,FL,33647.0,28.1460177958,-82.354815,4.0,289,1,"{'RestaurantsReservations': 'True', 'RestaurantsGoodForGroups': 'True', 'RestaurantsTableService': 'True', 'GoodForMeal': ""{'dessert': None, 'latenight': False, 'lunch': True, 'dinner': True, 'brunch': None, 'breakfast': False}"", 'RestaurantsAttire': ""'casual'"", 'RestaurantsTakeOut': 'True', 'BikeParking': 'True', 'CoatCheck': 'True', 'GoodForDancing': 'False', 'RestaurantsPriceRange2': '2', 'BusinessAcceptsCreditCards': 'True', 'Ambience': ""{'touristy': False, 'hipster': False, 'romantic': False, 'divey': False, 'intimate': None, 'trendy': None, 'upscale': False, 'classy': False, 'casual': True}"", 'Smoking': ""u'outdoor'"", 'GoodForKids': 'True', 'WheelchairAccessible': 'True', 'RestaurantsDelivery': 'True', 'Caters': 'True', 'DogsAllowed': 'False', 'HappyHour': 'True', 'BusinessAcceptsBitcoin': 'True', 'HasTV': 'True', 'NoiseLevel': ""u'average'"", 'Corkage': 'True', 'ByAppointmentOnly': 'False', 'Music': ""{'dj': None, 'background_music': False, 'no_music': False, 'jukebox': False, 'live': False, 'video': False, 'karaoke': None}"", 'Alcohol': ""u'beer_and_wine'"", 'BusinessParking': ""{'garage': False, 'street': True, 'validated': False, 'lot': True, 'valet': False}"", 'WiFi': ""u'free'"", 'BYOB': 'True', 'OutdoorSeating': 'False', 'BestNights': ""{'monday': False, 'tuesday': False, 'friday': False, 'wednesday': True, 'thursday': False, 'sunday': True, 'saturday': False}""}","Bars, Beer Bar, Nightlife, Restaurants, Indian, Pakistani, Buffets, Halal, Southern","{'Monday': '17:0-22:0', 'Tuesday': '17:0-22:0', 'Wednesday': '17:0-22:0', 'Thursday': '17:0-22:0', 'Friday': '10:0-22:0', 'Saturday': '17:0-22:0', 'Sunday': '17:0-22:0'}",306,22,26,0.1818181818181818,3.950980392156863,2.772727272727273,3.615384615384616,0.8426573426573425,359,11,17,0.5454545454545454,4,6,0.8426573426573425,0.5384615384615384,0.5892857142857142,0.6053321678321678,0.5702630702630702,Growing,0.04,10.0,High,Positive,Expand,"food_product_quality,service_speed"
1PMlvTeQr3BpTm6GqOEckQ,Panda Express,"4200 George J. Bean Parkway, Terminal E",Tampa,FL,33607.0,27.976146,-82.532111,2.5,7,1,"{'Ambience': ""{'touristy': False, 'hipster': False, 'romantic': False, 'divey': False, 'intimate': False, 'trendy': False, 'upscale': False, 'classy': False, 'casual': False}"", 'RestaurantsTakeOut': 'True', 'RestaurantsDelivery': 'True', 'HasTV': 'True', 'Caters': 'True', 'DriveThru': 'True'}","Pan Asian, Chinese, Restaurants, Fast Food","{'Monday': '5:30-21:30', 'Tuesday': '5:30-21:30', 'Wednesday': '5:30-21:30', 'Thursday': '5:30-21:30', 'Friday': '5:30-21:30', 'Saturday': '5:30-21:30', 'Sunday': '5:30-21:30'}",7,1,1,0.0,2.7142857142857144,1.0,1.0,0.0,12,1,1,0.0,0,0,0.0,0.5,0.5535714285714285,0.5,0.5178571428571428,Stable,-0.7,2.0,High,Negative,Monitor / Intervene,"service_speed,staff_behavior"
D1AGSvIci0E53E1Yix1mXA,Taco Bell,1701 East Fowler Avenue,Tampa,FL,33612.0,28.054546,-82.440837,2.5,14,1,"{'BusinessAcceptsCreditCards': 'True', 'GoodForKids': 'True', 'RestaurantsAttire': ""'casual'"", 'RestaurantsPriceRange2': '1', 'RestaurantsTakeOut': 'True', 'RestaurantsReservations': 'False', 'RestaurantsGoodForGroups': 'True', 'BusinessParking': ""{'garage': None, 'street': False, 'validated': None, 'lot': True, 'valet': False}"", 'WiFi': ""'no'"", 'Ambience': ""{'touristy': False, 'hipster': False, 'romantic': False, 'divey': False, 'intimate': False, 'trendy': False, 'upscale': False, 'classy': False, 'casual': False}"", 'GoodForMeal': ""{'dessert': False, 'latenight': False, 'lunch': False, 'dinner': False, 'brunch': False, 'breakfast': False}"", 'DriveThru': 'True', 'RestaurantsDelivery': 'True'}","Mexican, Restaurants, Tex-Mex, Breakfast & Brunch, Fast Food, Tacos","{'Monday': '8:0-1:0', 'Tuesday': '8:0-1:0', 'Wednesday': '8:0-1:0', 'Thursday': '8:0-1:0', 'Friday': '8:0-1:0', 'Saturday': '8:0-1:0', 'Sunday': '8:0-1:0'}",14,2,2,0.0,2.357142857142857,1.0,1.0,0.0,17,2,1,-0.5,0,-1,0.0,0.5,0.5476190476190476,0.5,0.5158730158730158,Stable,-0.8250000000000001,4.0,High,Negative,Monitor / Intervene,"staff_behavior,order_accuracy_wait_time"
gkqfNyv3D84B0WR5GZOpZQ,Originals Italian Restaurant & Bar,9436 State Rd,Philadelphia,PA,19114.0,40.049706,-74.989807,3.0,42,1,"{'OutdoorSeating': 'False', 'RestaurantsPriceRange2': '2', 'RestaurantsGoodForGroups': 'True', 'BusinessAcceptsCreditCards': 'True', 'Caters': 'True', 'BusinessParking': ""{'garage': False, 'street': False, 'validated': False, 'lot': True, 'valet': False}"", 'Ambience': ""{'romantic': False, 'intimate': False, 'classy': False, 'hipster': False, 'divey': False, 'touristy': False, 'trendy': False, 'upscale': False, 'casual': True}"", 'RestaurantsTakeOut': 'True', 'GoodForKids': 'True', 'Alcohol': ""u'full_bar'"", 'HasTV': 'True', 'RestaurantsAttire': ""u'casual'"", 'RestaurantsReservations': 'True', 'WiFi': ""u'free'"", 'RestaurantsDelivery': 'True', 'NoiseLevel': ""u'average'"", 'GoodForMeal': ""{'dessert': False, 'latenight': False, 'lunch': True, 'dinner': True, 'brunch': False, 'breakfast': False}"", 'BikeParking': 'True'}","Food Delivery Services, Pizza, Restaurants, Sandwiches, Food, Beer, Wine & Spirits","{'Monday': '11:0-22:0', 'Tuesday': '11:0-22:0', 'Wednesday': '11:0-23:0', 'Thursday': '11:0-23:0', 'Friday': '11:0-0:0', 'Saturday': '11:0-23:0', 'Sunday': '11:0-22:0'}",44,3,3,0.0,2.8181818181818183,4.0,3.6666666666666665,-0.3333333333333335,46,0,0,,0,0,-0.3333333333333335,0.5,0.5535714285714285,0.4583333333333333,0.5085978835978835,Declining,0.3833333333333333,6.0,Low,Positive,Growth Opportunity,"staff_behavior,food_product_quality"
R_Wi9jh57H_OzzAVWO71Bw,Psomi,701 N Howard Ave,Tampa,FL,33606.0,27.950161,-82.482754,4.5,280,1,"{'WiFi': ""u'free'"", 'Caters': 'True', 'Corkage': 'True', 'RestaurantsPriceRange2': '2', 'DogsAllowed': 'True', 'WheelchairAccessible': 'True', 'BikeParking': 'True', 'BusinessParking': ""{'garage': False, 'street': True, 'validated': False, 'lot': True, 'valet': False}"", 'RestaurantsReservations': 'True', 'HasTV': 'False', 'Alcohol': ""u'full_bar'"", 'OutdoorSeating': 'True', 'RestaurantsDelivery': 'True', 'NoiseLevel': ""u'average'"", 'HappyHour': 'False', 'RestaurantsTableService': 'True', 'Ambience': ""{'touristy': False, 'hipster': False, 'romantic': False, 'divey': False, 'intimate': False, 'trendy': False, 'upscale': False, 'classy': True, 'casual': False}"", 'BusinessAcceptsCreditCards': 'True', 'RestaurantsTakeOut': 'True', 'BYOB': 'False'}","Mediterranean, Breakfast & Brunch, Bagels, Restaurants, Food, Bakeries, Greek","{'Monday': '0:0-0:0', 'Wednesday': '8:0-15:0', 'Thursday': '8:0-15:0', 'Friday': '8:0-15:0', 'Saturday': '8:0-15:0', 'Sunday': '8:0-15:0'}",290,48,63,0.3125,4.468965517241379,4.458333333333333,4.412698412698413,-0.04563492063492,228,28,49,0.75,15,21,-0.04563492063492,0.6442307692307693,0.6785714285714285,0.494295634920635,0.6223587369420702,Growing,0.843,10.0,High,Positive,Expand,"food_product_quality,cleanliness_ambiance"
kgZjJTGNc6WjKVBiSqNUoA,En Mi Viejo San Juan,7657 W Hillsborough Ave,Tampa,FL,33615.0,27.9975942846,-82.5656077072,4.5,20,1,"{'BusinessParking': ""{'garage': False, 'street': False, 'validated': False, 'lot': True, 'valet': False}"", 'Ambience': ""{'touristy': False, 'hipster': False, 'romantic': False, 'divey': False, 'intimate': False, 'trendy': False, 'upscale': False, 'classy': True, 'casual': False}"", 'DogsAllowed': 'True', 'BYOB': 'True', 'OutdoorSeating': 'True', 'RestaurantsTableService': 'False', 'BusinessAcceptsBitcoin': 'False', 'Alcohol': ""u'none'"", 'Corkage': 'False', 'WheelchairAccessible': 'True', 'HasTV': 'False', 'BikeParking': 'True', 'RestaurantsReservations': 'True', 'BusinessAcceptsCreditCards': 'True', 'Caters': 'True', 'RestaurantsTakeOut': 'True', 'WiFi': ""u'no'"", 'RestaurantsDelivery': 'True'}","Puerto Rican, Food Trucks, Sandwiches, Restaurants, Food, Caribbean","{'Thursday': '15:0-20:0', 'Friday': '15:0-20:0', 'Saturday': '15:0-20:0', 'Sunday': '15:0-20:0'}",20,4,4,0.0,4.35,4.0,4.0,0.0,3,1,0,-1.0,0,-1,0.0,0.5,0.5476190476190476,0.5,0.5158730158730158,Stable,0.48125,8.0,High,Positive,Expand,"food_product_quality,staff_behavior"
ES8YqqXVu2TO6o2iwAOYSQ,Chef Thai & Sushi,"1155 S Dale Mabry Hwy, Ste 22",Tampa,FL,33629.0,27.9326118,-82.5063215,3.5,148,1,"{'GoodForKids': 'True', 'RestaurantsReservations': 'False', 'RestaurantsTakeOut': 'True', 'BikeParking': 'True', 'Caters': 'False', 'NoiseLevel': ""u'quiet'"", 'RestaurantsDelivery': 'True', 'RestaurantsPriceRange2': '1', 'RestaurantsAttire': ""u'casual'"", 'HasTV': 'True', 'BusinessAcceptsCreditCards': 'True', 'OutdoorSeating': 'True', 'WiFi': ""u'free'"", 'RestaurantsGoodForGroups': 'True', 'Ambience': ""{'romantic': False, 'intimate': False, 'touristy': False, 'hipster': False, 'divey': False, 'classy': False, 'trendy': False, 'upscale': False, 'casual': True}"", 'Alcohol': ""u'beer_and_wine'"", 'BusinessParking': ""{'garage': False, 'street': False, 'validated': False, 'lot': None, 'valet': False}"", 'RestaurantsTableService': 'True', 'WheelchairAccessible': 'True', 'Corkage': 'False', 'GoodForMeal': ""{'dessert': False, 'latenight': False, 'lunch': True, 'dinner': True, 'brunch': False, 'breakfast': False}"", 'BYOB': 'False'}","Restaurants, Sushi Bars, Thai","{'Monday': '17:0-20:0', 'Tuesday': '17:0-20:0', 'Wednesday': '17:0-20:0', 'Thursday': '17:0-20:0', 'Friday': '17:0-21:0', 'Saturday': '17:0-21:0', 'Sunday': '17:0-20:0'}",150,5,4,-0.2,3.7466666666666666,3.6,3.25,-0.3500000000000001,279,3,2,-0.3333333333333333,-1,-1,-0.3500000000000001,0.4903846153846153,0.5476190476190476,0.45625,0.5018772893772893,Declining,0.2277777777777777,9.0,Low,Positive,Growth Opportunity,"food_product_quality,staff_behavior"
TcJ1bB2omO0CIoEC4xtSxg,Tampa Pizza Company,4110 Henderson Blvd,Tampa,FL,33629.0,27.927386,-82.512608,3.0,30,1,"{'BusinessParking': ""{u'valet': False, u'garage': False, u'street': False, u'lot': None, u'validated': None}"", 'RestaurantsTakeOut': 'True', 'RestaurantsDelivery': 'None'}","Chicken Wings, Restaurants, Pizza, Italian, Wraps","{'Monday': '11:0-21:0', 'Tuesday': '11:0-21:0', 'Wednesday': '11:0-21:0', 'Thursday': '11:0-21:0', 'Friday': '11:0-23:0', 'Saturday': '11:0-23:0', 'Sunday': '11:0-21:0'}",30,4,4,0.0,3.066666666666667,2.25,4.75,2.5,18,5,3,-0.4,0,-2,2.5,0.5,0.5416666666666666,0.8125,0.5833333333333333,Growing,0.21,8.0,High,Positive,Expand,"food_product_quality,service_speed"
ktM6aYuzqWd-kA8SIWswiQ,Winnie's Manayunk,4266 Main St,Philadelphia,PA,19127.0,40.024735,-75.2222673,3.5,599,1,"{'BusinessParking': ""{'garage': False, 'street': True, 'validated': False, 'lot': False, 'valet': False}"", 'BikeParking': 'True', 'RestaurantsReservations': 'True', 'RestaurantsPriceRange2': '2', 'RestaurantsGoodForGroups': 'True', 'RestaurantsAttire': ""'casual'"", 'BusinessAcceptsCreditCards': 'True', 'WiFi': ""u'free'"", 'Caters': 'True', 'GoodForKids': 'True', 'BYOBCorkage': ""'no'"", 'HasTV': 'True', 'NoiseLevel': ""u'average'"", 'RestaurantsTakeOut': 'True', 'Alcohol': ""u'full_bar'"", 'Ambience': ""{'touristy': False, 'hipster': False, 'romantic': False, 'divey': False, 'intimate': False, 'trendy': False, 'upscale': False, 'classy': True, 'casual': True}"", 'BYOB': 'False', 'BestNights': ""{'monday': False, 'tuesday': False, 'friday': False, 'wednesday': False, 'thursday': False, 'sunday': False, 'saturday': False}"", 'GoodForMeal': ""{'dessert': False, 'latenight': False, 'lunch': True, 'dinner': False, 'brunch': True, 'breakfast': False}"", 'CoatCheck': 'False', 'Smoking': ""u'no'"", 'RestaurantsTableService': 'True', 'RestaurantsDelivery': 'True', 'GoodForDancing': 'False', 'OutdoorSeating': 'True', 'WheelchairAccessible': 'True', 'Music': ""{'dj': False, 'background_music': False, 'no_music': False, 'jukebox': False, 'live': False, 'video': False, 'karaoke': False}""}","Bakeries, Bars, Beer Bar, American (Traditional), Event Planning & Services, Food, American (New), Cocktail Bars, Nightlife, Caterers, Restaurants, Tapas/Small Plates, Breakfast & Brunch","{'Monday': '11:0-21:0', 'Tuesday': '11:0-21:0', 'Wednesday': '11:0-21:0', 'Thursday': '11:0-21:0', 'Friday': '11:0-21:0', 'Saturday': '9:0-21:0', 'Sunday': '9:0-16:0'}",615,20,22,0.1,3.575609756097561,3.85,3.954545454545455,0.1045454545454545,889,16,8,-0.5,2,-8,0.1045454545454545,0.5192307692307693,0.5059523809523809,0.5130681818181818,0.513435175935176,Declining,0.285,10.0,Low,Positive,Growth Opportunity,"food_product_quality,staff_behavior"
nF5QByCz21MY0KLtSoB5KA,Penrose Diner,2016 Penrose Ave,Philadelphia,PA,19145.0,39.9122173,-75.1827641,4.0,386,1,"{'RestaurantsAttire': ""'casual'"", 'RestaurantsGoodForGroups': 'True', 'BusinessParking': ""{'garage': False, 'street': False, 'validated': False, 'lot': True, 'valet': False}"", 'GoodForKids': 'True', 'HasTV': 'True', 'RestaurantsTakeOut': 'True', 'Alcohol': ""u'full_bar'"", 'RestaurantsPriceRange2': '2', 'BusinessAcceptsCreditCards': 'True', 'GoodForMeal': ""{'dessert': True, 'latenight': True, 'lunch': True, 'dinner': True, 'brunch': True, 'breakfast': True}"", 'WiFi': ""u'no'"", 'Caters': 'True', 'BikeParking': 'True', 'HappyHour': 'False', 'RestaurantsDelivery': 'True', 'DogsAllowed': 'False', 'RestaurantsReservations': 'False', 'NoiseLevel': ""u'average'"", 'OutdoorSeating': 'True', 'Ambience': ""{'touristy': False, 'hipster': False, 'romantic': False, 'divey': False, 'intimate': False, 'trendy': False, 'upscale': False, 'classy': True, 'casual': True}""}","Comfort Food, Diners, Breakfast & Brunch, Restaurants","{'Monday': '8:0-22:0', 'Tuesday': '8:0-22:0', 'Wednesday': '8:0-22:0', 'Thursday': '8:0-22:0', 'Friday': '8:0-22:0', 'Saturday': '8:0-22:0', 'Sunday': '8:0-22:0'}",403,14,17,0.2142857142857142,3.8486352357320097,3.928571428571429,3.882352941176471,-0.0462184873949578,1126,18,17,-0.0555555555555555,3,-1,-0.0462184873949578,0.5288461538461539,0.5476190476190476,0.4942226890756303,0.5274096818214464,Growing,0.47,10.0,High,Positive,Expand,"staff_behavior,food_product_quality"
6_Gsn1ZxSosWb6mZusap0Q,Sweet Soul,1101 S Howard Ave,Tampa,FL,33606.0,27.9325705,-82.483258,4.5,198,1,"{'GoodForMeal': ""{'dessert': False, 'latenight': False, 'lunch': False, 'dinner': False, 'brunch': False, 'breakfast': False}"", 'BusinessParking': ""{'garage': False, 'street': True, 'validated': False, 'lot': True, 'valet': False}"", 'Caters': 'False', 'BusinessAcceptsCreditCards': 'True', 'NoiseLevel': ""u'average'"", 'DogsAllowed': 'True', 'BikeParking': 'True', 'RestaurantsTakeOut': 'True', 'GoodForKids': 'True', 'RestaurantsPriceRange2': '2', 'DriveThru': 'False', 'RestaurantsDelivery': 'True', 'BusinessAcceptsBitcoin': 'False', 'WiFi': ""u'free'""}","Restaurants, Ice Cream & Frozen Yogurt, Acai Bowls, Vegan, Food, Juice Bars & Smoothies","{'Monday': '0:0-0:0', 'Tuesday': '8:30-21:0', 'Wednesday': '8:30-21:0', 'Thursday': '8:30-21:0', 'Friday': '8:30-16:0', 'Saturday': '8:30-21:0', 'Sunday': '8:30-21:0'}",203,22,18,-0.1818181818181818,4.522167487684729,4.454545454545454,4.444444444444445,-0.0101010101010095,226,20,19,-0.05,-4,-1,-0.0101010101010095,0.4615384615384615,0.5476190476190476,0.4987373737373738,0.4984984151650818,Declining,0.8,10.0,Low,Positive,Growth Opportunity,"food_product_quality,staff_behavior"
sCPx4Sy4I1wMeZwsTzCFRg,Chipotle Mexican Grill,1000 S Broad St,Philadelphia,PA,19146.0,39.9386420632,-75.1668745431,1.5,24,1,"{'RestaurantsDelivery': 'True', 'BusinessParking': ""{'garage': False, 'street': False, 'validated': False, 'lot': False, 'valet': False}"", 'RestaurantsTakeOut': 'True'}","Event Planning & Services, Mexican, Restaurants, Caterers, Fast Food","{'Monday': '0:0-0:0', 'Tuesday': '10:45-22:0', 'Wednesday': '10:45-22:0', 'Thursday': '10:45-22:0', 'Friday': '10:45-22:0', 'Saturday': '10:45-22:0', 'Sunday': '10:45-22:0'}",25,3,3,0.0,1.44,1.0,1.0,0.0,11,0,1,,0,1,0.0,0.5,0.5595238095238094,0.5,0.5198412698412698,Stable,-0.875,6.0,High,Negative,Monitor / Intervene,"staff_behavior,food_product_quality"
4hH1lt7mHPbl4r2O7LH6nA,Jordan Johnson's Gourmet Seafood,7199 Buselton Ave,Philadelphia,PA,19149.0,40.0450716,-75.0606831,3.5,128,1,"{'BusinessParking': ""{'garage': False, 'street': True, 'validated': False, 'lot': False, 'valet': False}"", 'HasTV': 'True', 'RestaurantsTakeOut': 'True', 'Caters': 'False', 'GoodForKids': 'False', 'RestaurantsReservations': 'True', 'BusinessAcceptsCreditCards': 'True', 'Alcohol': ""'none'"", 'RestaurantsPriceRange2': '2', 'OutdoorSeating': 'False', 'BikeParking': 'False', 'RestaurantsAttire': ""'casual'"", 'NoiseLevel': ""u'average'"", 'GoodForMeal': ""{'dessert': False, 'latenight': None, 'lunch': None, 'dinner': True, 'brunch': None, 'breakfast': None}"", 'WiFi': ""u'no'"", 'RestaurantsGoodForGroups': 'True', 'Ambience': ""{u'divey': None, u'hipster': False, u'casual': True, u'touristy': False, u'trendy': None, u'intimate': None, u'romantic': None, u'classy': None, u'upscale': False}"", 'RestaurantsDelivery': 'True', 'RestaurantsTableService': 'True'}","Restaurants, Seafood","{'Monday': '15:0-22:0', 'Tuesday': '15:0-22:0', 'Wednesday': '15:0-22:0', 'Thursday': '15:0-0:0', 'Friday': '15:0-0:0', 'Saturday': '15:0-0:0'}",131,4,1,-0.75,3.534351145038168,3.25,5.0,1.75,57,0,2,,-3,2,1.75,0.4711538461538461,0.5654761904761904,0.71875,0.557615995115995,Growing,0.1499999999999999,5.0,High,Positive,Expand,"food_product_quality,staff_behavior"
A55glg6ynzqjNAbRyTI3ig,Nifty Fifty's,2700 S 10th St,Philadelphia,PA,19148.0,39.9157811,-75.1647757,3.5,27,1,"{'RestaurantsTakeOut': 'True', 'Caters': 'True', 'HappyHour': 'False', 'BikeParking': 'False', 'Alcohol': ""u'none'"", 'BusinessAcceptsBitcoin': 'False', 'RestaurantsDelivery': 'True', 'BusinessAcceptsCreditCards': 'True', 'BusinessParking': ""{'garage': False, 'street': True, 'validated': False, 'lot': False, 'valet': False}"", 'WheelchairAccessible': 'True', 'RestaurantsReservations': 'False', 'WiFi': ""u'free'"", 'DogsAllowed': 'False', 'BYOB': 'False', 'Corkage': 'False', 'RestaurantsTableService': 'False', 'HasTV': 'False', 'OutdoorSeating': 'True', 'NoiseLevel': ""u'average'""}","Fast Food, Breakfast & Brunch, Juice Bars & Smoothies, Desserts, Burgers, Restaurants, Food","{'Monday': '11:0-23:0', 'Tuesday': '11:0-23:0', 'Wednesday': '11:0-23:0', 'Thursday': '11:0-23:0', 'Friday': '11:0-0:0', 'Saturday': '11:0-0:0', 'Sunday': '11:0-23:0'}",28,7,9,0.2857142857142857,3.678571428571429,3.142857142857143,4.0,0.8571428571428572,17,4,5,0.25,2,1,0.8571428571428572,0.5192307692307693,0.5595238095238094,0.6071428571428572,0.5521978021978022,Growing,0.21,10.0,High,Positive,Expand,"food_product_quality,service_speed"
WN8wJ8PiBcfSPVWtZZhZfA,Daiva's Grille,6750 Ridge Ave,Philadelphia,PA,19128.0,40.0413479,-75.2255195,3.5,92,1,"{'RestaurantsPriceRange2': '1', 'RestaurantsAttire': ""u'casual'"", 'BusinessAcceptsCreditCards': 'True', 'Ambience': ""{'romantic': False, 'intimate': False, 'touristy': False, 'hipster': False, 'divey': False, 'classy': False, 'trendy': False, 'upscale': False, 'casual': True}"", 'GoodForKids': 'True', 'BikeParking': 'True', 'NoiseLevel': ""u'average'"", 'RestaurantsDelivery': 'False', 'WiFi': ""u'free'"", 'ByAppointmentOnly': 'False', 'RestaurantsGoodForGroups': 'True', 'RestaurantsReservations': 'False', 'RestaurantsTakeOut': 'True', 'Caters': 'False', 'GoodForMeal': ""{'dessert': None, 'latenight': False, 'lunch': None, 'dinner': None, 'brunch': True, 'breakfast': True}"", 'HasTV': 'False', 'Alcohol': ""u'none'"", 'DriveThru': 'False', 'RestaurantsTableService': 'True', 'BYOB': 'True', 'OutdoorSeating': 'False', 'BusinessParking': ""{u'valet': False, u'garage': False, u'street': False, u'lot': True, u'validated': False}""}","Restaurants, Diners, American (Traditional), Italian","{'Monday': '8:0-18:0', 'Tuesday': '8:0-18:0', 'Wednesday': '8:0-18:0', 'Thursday': '8:0-18:0', 'Friday': '8:0-18:0', 'Saturday': '8:0-18:0', 'Sunday': '8:0-18:0'}",97,1,2,1.0,3.525773195876289,5.0,5.0,0.0,106,0,0,,1,0,0.0,0.5096153846153846,0.5535714285714285,0.5,0.522130647130647,Growing,0.9733333333333332,3.0,High,Positive,Expand,"staff_behavior,food_product_quality"
jHk1OJi16n3BlO3LxkH8cw,Rybrew,2816 W Girard Ave,Philadelphia,PA,19130.0,39.974214,-75.182504,4.5,210,1,"{'RestaurantsDelivery': 'True', 'BikeParking': 'True', 'RestaurantsAttire': ""u'casual'"", 'BusinessAcceptsCreditCards': 'True', 'Alcohol': ""u'beer_and_wine'"", 'RestaurantsReservations': 'False', 'Caters': 'True', 'HasTV': 'False', 'WiFi': ""u'free'"", 'RestaurantsGoodForGroups': 'True', 'RestaurantsTakeOut': 'True', 'RestaurantsPriceRange2': '1', 'GoodForKids': 'True', 'BusinessParking': ""{'garage': False, 'street': True, 'validated': False, 'lot': False, 'valet': False}"", 'OutdoorSeating': 'True', 'NoiseLevel': ""u'average'"", 'Ambience': ""{'touristy': False, 'hipster': None, 'romantic': False, 'divey': False, 'intimate': False, 'trendy': None, 'upscale': False, 'classy': False, 'casual': True}"", 'GoodForMeal': ""{'dessert': False, 'latenight': False, 'lunch': True, 'dinner': False, 'brunch': False, 'breakfast': False}""}","Restaurants, Beer, Wine & Spirits, Salad, Sandwiches, Food, American (New)","{'Monday': '11:0-21:0', 'Tuesday': '11:0-21:0', 'Wednesday': '11:0-21:0', 'Thursday': '11:0-21:0', 'Friday': '11:0-22:0', 'Saturday': '11:0-22:0', 'Sunday': '11:0-21:0'}",215,5,8,0.6,4.404651162790698,5.0,4.5,-0.5,488,7,5,-0.2857142857142857,3,-2,-0.5,0.5288461538461539,0.5416666666666666,0.4375,0.5128205128205128,Declining,0.825,10.0,Low,Positive,Growth Opportunity,"food_product_quality,staff_behavior"
HuawlT4tXzCXL8ftyvCZ0Q,Topgolf,10690 Palm River Rd,Tampa,FL,33619.0,27.9298601275,-82.3342503906,4.0,734,1,"{'BusinessParking': ""{'garage': False, 'street': False, 'validated': False, 'lot': True, 'valet': False}"", 'RestaurantsAttire': ""'casual'"", 'WiFi': ""u'free'"", 'RestaurantsDelivery': 'False', 'HasTV': 'True', 'WheelchairAccessible': 'True', 'Caters': 'True', 'BusinessAcceptsBitcoin': 'False', 'CoatCheck': 'False', 'GoodForMeal': ""{'dessert': False, 'latenight': True, 'lunch': True, 'dinner': True, 'brunch': True, 'breakfast': False}"", 'GoodForKids': 'True', 'BestNights': ""{'monday': True, 'tuesday': False, 'friday': True, 'wednesday': False, 'thursday': False, 'sunday': False, 'saturday': True}"", 'RestaurantsReservations': 'True', 'Smoking': ""u'no'"", 'RestaurantsGoodForGroups': 'True', 'BikeParking': 'False', 'RestaurantsPriceRange2': '2', 'Alcohol': ""'full_bar'"", 'GoodForDancing': 'False', 'Music': ""{'dj': False, 'background_music': False, 'no_music': False, 'jukebox': False, 'live': False, 'video': False, 'karaoke': False}"", 'DogsAllowed': 'False', 'BusinessAcceptsCreditCards': 'True', 'OutdoorSeating': 'None', 'NoiseLevel': ""u'loud'"", 'HappyHour': 'True', 'RestaurantsTableService': 'True', 'Ambience': ""{'touristy': False, 'hipster': False, 'romantic': False, 'divey': False, 'intimate': False, 'trendy': False, 'upscale': False, 'classy': True, 'casual': True}"", 'RestaurantsTakeOut': 'True'}","Golf, Sports Bars, Nightlife, Active Life, Bars, Restaurants, American (New)","{'Monday': '0:0-0:0', 'Tuesday': '10:0-23:0', 'Wednesday': '10:0-23:0', 'Thursday': '10:0-23:0', 'Friday': '10:0-1:0', 'Saturday': '10:0-0:0', 'Sunday': '10:0-23:0'}",758,31,27,-0.1290322580645161,4.060686015831134,3.4516129032258065,4.148148148148148,0.6965352449223414,1636,33,31,-0.0606060606060606,-4,-2,0.6965352449223414,0.4615384615384615,0.5416666666666666,0.5870669056152926,0.5161430730427146,Stable,0.435,10.0,High,Positive,Expand,"cleanliness_ambiance,staff_behavior"
siUk0bqIjI80KBFptR1Mcw,Heights Seafood,6421 N Florida Ave,Tampa,FL,33604.0,28.0055767876,-82.4593311111,4.5,95,1,"{'RestaurantsReservations': 'False', 'RestaurantsPriceRange2': '2', 'Ambience': ""{'touristy': False, 'hipster': False, 'romantic': False, 'divey': False, 'intimate': False, 'trendy': False, 'upscale': False, 'classy': False, 'casual': False}"", 'WiFi': ""u'no'"", 'BusinessParking': ""{'garage': False, 'street': None, 'validated': False, 'lot': True, 'valet': False}"", 'NoiseLevel': ""u'average'"", 'HasTV': 'True', 'GoodForMeal': ""{'dessert': False, 'latenight': False, 'lunch': False, 'dinner': False, 'brunch': False, 'breakfast': False}"", 'RestaurantsTakeOut': 'None', 'RestaurantsDelivery': 'True', 'BusinessAcceptsCreditCards': 'True', 'HappyHour': 'False', 'DogsAllowed': 'False', 'OutdoorSeating': 'None'}","Food, Seafood, Poke, Restaurants, Seafood Markets, Specialty Food","{'Wednesday': '11:30-19:0', 'Thursday': '11:30-19:0', 'Friday': '11:30-20:0', 'Saturday': '11:30-20:0', 'Sunday': '11:30-16:0'}",95,7,6,-0.1428571428571428,4.642105263157895,5.0,4.833333333333333,-0.1666666666666669,78,3,2,-0.3333333333333333,-1,-1,-0.1666666666666669,0.4903846153846153,0.5476190476190476,0.4791666666666666,0.5069698819698818,Declining,0.8130000000000001,10.0,Low,Positive,Growth Opportunity,"food_product_quality,staff_behavior"
g-mnsod42xN2y_LdYpoORw,The Freshworks - Mayfair Store,6801 Frankford Ave,Philadelphia,PA,19135.0,40.0320816,-75.0497523,2.5,26,1,"{'OutdoorSeating': 'False', 'HasTV': 'True', 'RestaurantsDelivery': 'True', 'RestaurantsPriceRange2': '1', 'RestaurantsAttire': ""u'casual'"", 'RestaurantsReservations': 'False', 'BusinessAcceptsCreditCards': 'True', 'Alcohol': ""u'none'"", 'NoiseLevel': ""u'quiet'"", 'RestaurantsTakeOut': 'True', 'BusinessParking': ""{'garage': False, 'street': False, 'validated': False, 'lot': False, 'valet': False}"", 'Ambience': ""{'romantic': False, 'intimate': False, 'touristy': False, 'hipster': False, 'divey': False, 'classy': False, 'trendy': False, 'upscale': False, 'casual': False}"", 'RestaurantsGoodForGroups': 'True', 'GoodForKids': 'True', 'WiFi': ""'no'"", 'BikeParking': 'True'}","Sandwiches, Cheesesteaks, Pizza, Restaurants","{'Monday': '11:0-22:0', 'Tuesday': '11:0-22:0', 'Wednesday': '11:0-22:0', 'Thursday': '11:0-22:0', 'Friday': '11:0-22:0', 'Saturday': '11:0-22:0', 'Sunday': '11:0-21:0'}",27,3,1,-0.6666666666666666,2.740740740740741,1.0,5.0,4.0,38,1,0,-1.0,-2,-1,4.0,0.4807692307692308,0.5476190476190476,1.0,0.6184371184371183,Growing,-0.325,4.0,High,Negative,Monitor / Intervene,"food_product_quality,staff_behavior"
gGC3SvEvxsRkRBIEU0Rfrw,Jim's Steaks South Street Steaks and Hoagies,8500 Essington Ave,Philadelphia,PA,19153.0,39.87602,-75.242971,3.5,37,1,"{'Ambience': ""{'touristy': False, 'hipster': False, 'romantic': False, 'divey': False, 'intimate': False, 'trendy': False, 'upscale': False, 'classy': True, 'casual': False}"", 'RestaurantsAttire': ""u'casual'"", 'BusinessParking': ""{u'valet': False, u'garage': None, u'street': None, u'lot': False, u'validated': None}"", 'RestaurantsDelivery': 'False', 'RestaurantsReservations': 'False'}","Steakhouses, Restaurants, Sandwiches",,37,9,8,-0.1111111111111111,3.3783783783783785,3.2222222222222223,3.0,-0.2222222222222223,32,2,8,3.0,-1,6,-0.2222222222222223,0.4903846153846153,0.5892857142857142,0.4722222222222222,0.5193155609822275,Stable,0.25,10.0,High,Positive,Expand,"food_product_quality,service_speed"
W5qWPa1LPo9stvCGeVSRAg,Pho Don,3528 Germantown Ave,Philadelphia,PA,19140.0,40.00673,-75.15034,4.5,43,1,"{'BusinessAcceptsCreditCards': 'True', 'OutdoorSeating': 'None', 'GoodForKids': 'None', 'RestaurantsPriceRange2': 'None', 'WiFi': 'None', 'RestaurantsReservations': 'None', 'BusinessParking': ""{'garage': False, 'street': True, 'validated': False, 'lot': False, 'valet': False}"", 'RestaurantsGoodForGroups': 'None', 'Ambience': ""{u'divey': None, u'hipster': None, u'casual': None, u'touristy': False, u'trendy': None, u'intimate': None, u'romantic': None, u'classy': None, u'upscale': None}"", 'RestaurantsTakeOut': 'True', 'RestaurantsDelivery': 'True', 'HasTV': 'True', 'GoodForMeal': ""{'dessert': False, 'latenight': False, 'lunch': False, 'dinner': False, 'brunch': False, 'breakfast': False}""}","Vietnamese, Restaurants","{'Monday': '8:30-19:30', 'Tuesday': '8:30-19:30', 'Wednesday': '8:30-19:30', 'Thursday': '8:30-19:30', 'Friday': '8:30-19:30', 'Saturday': '8:30-19:30'}",45,4,7,0.75,4.466666666666667,4.75,4.142857142857143,-0.6071428571428568,27,5,2,-0.6,3,-3,-0.6071428571428568,0.5288461538461539,0.5357142857142856,0.4241071428571429,0.5078601953601953,Declining,0.5222222222222223,9.0,Low,Positive,Growth Opportunity,"food_product_quality,pricing_value"
jStt26nV-CBWRGxjqCzxUw,Einstein Bros. Bagels,5003 E Fowler Ave,Tampa,FL,33617.0,28.0540639,-82.4011711,3.0,49,1,"{'RestaurantsPriceRange2': '1', 'BusinessAcceptsCreditCards': 'True', 'BikeParking': 'False', 'Caters': 'False', 'BusinessParking': ""{'garage': False, 'street': False, 'validated': False, 'lot': True, 'valet': False}"", 'RestaurantsTakeOut': 'True', 'RestaurantsDelivery': 'True', 'WiFi': ""u'free'"", 'OutdoorSeating': 'True', 'AgesAllowed': ""u'allages'""}","Bagels, Food, Sandwiches, Coffee & Tea, Breakfast & Brunch, Restaurants","{'Monday': '0:0-0:0', 'Tuesday': '5:30-14:0', 'Wednesday': '5:30-14:0', 'Thursday': '5:30-14:0', 'Friday': '5:30-14:0', 'Saturday': '7:0-14:0', 'Sunday': '6:0-14:0'}",50,1,1,0.0,2.78,1.0,1.0,0.0,168,0,0,,0,0,0.0,0.5,0.5535714285714285,0.5,0.5178571428571428,Stable,-0.8,2.0,High,Negative,Monitor / Intervene,"order_accuracy_wait_time,staff_behavior"
mcb8blqo4lWVl91Mrp80uQ,Hungry Howie's Pizza & Subs,15441 N Dale Mabry,Tampa,FL,33618.0,28.0909071,-82.5025914,3.0,16,1,"{'RestaurantsAttire': ""u'casual'"", 'BusinessAcceptsCreditCards': 'True', 'Caters': 'False', 'BusinessParking': ""{'garage': False, 'street': False, 'validated': False, 'lot': False, 'valet': False}"", 'NoiseLevel': ""u'loud'"", 'RestaurantsPriceRange2': '1', 'Ambience': ""{'romantic': False, 'intimate': False, 'touristy': False, 'hipster': False, 'divey': False, 'classy': False, 'trendy': False, 'upscale': False, 'casual': False}"", 'Alcohol': ""u'none'"", 'RestaurantsReservations': 'False', 'RestaurantsGoodForGroups': 'True', 'OutdoorSeating': 'False', 'RestaurantsTakeOut': 'True', 'HasTV': 'True', 'GoodForKids': 'True', 'RestaurantsDelivery': 'True'}","Italian, Restaurants, Chicken Wings, Sandwiches, Pizza","{'Monday': '16:0-23:0', 'Tuesday': '16:0-23:0', 'Wednesday': '11:0-23:0', 'Thursday': '11:0-23:0', 'Friday': '11:0-0:0', 'Saturday': '11:0-0:0', 'Sunday': '11:0-23:0'}",16,1,1,0.0,3.1875,1.0,5.0,4.0,4,0,0,,0,0,4.0,0.5,0.5535714285714285,1.0,0.628968253968254,Growing,0.0499999999999999,2.0,High,Positive,Expand,"staff_behavior,food_product_quality"
iZNR8-rqsBL2afDk4Zxe8A,Koch's Deli,4309 Locust St,Philadelphia,PA,19104.0,39.953956271,-75.2097241761,4.0,260,1,"{'BusinessAcceptsCreditCards': 'True', 'Alcohol': ""u'none'"", 'WiFi': ""u'no'"", 'Caters': 'True', 'RestaurantsAttire': ""u'casual'"", 'RestaurantsDelivery': 'True', 'BusinessParking': ""{'garage': False, 'street': True, 'validated': False, 'lot': False, 'valet': False}"", 'RestaurantsTakeOut': 'True', 'BikeParking': 'True', 'GoodForKids': 'True', 'RestaurantsReservations': 'False', 'RestaurantsGoodForGroups': 'False', 'Ambience': ""{'touristy': False, 'hipster': False, 'romantic': False, 'divey': False, 'intimate': False, 'trendy': False, 'upscale': False, 'classy': False, 'casual': False}"", 'RestaurantsPriceRange2': '2', 'RestaurantsTableService': 'False', 'OutdoorSeating': 'False', 'GoodForMeal': ""{'dessert': False, 'latenight': False, 'lunch': True, 'dinner': False, 'brunch': False, 'breakfast': False}"", 'NoiseLevel': ""u'average'"", 'HasTV': 'True'}","Convenience Stores, Salad, Food, Delis, Caterers, Event Planning & Services, Kosher, Sandwiches, Restaurants","{'Monday': '11:0-20:0', 'Tuesday': '11:0-20:0', 'Wednesday': '11:0-20:0', 'Thursday': '11:0-20:0', 'Friday': '11:0-20:0', 'Saturday': '11:0-20:0', 'Sunday': '11:0-20:0'}",269,2,4,1.0,3.869888475836431,2.0,3.0,1.0,234,1,0,-1.0,2,-1,1.0,0.5192307692307693,0.5476190476190476,0.625,0.5521978021978022,Growing,-9.251858538542969e-18,6.0,High,Negative,Monitor / Intervene,"staff_behavior,food_product_quality"
UBj0aJ6FfMR4tdvRbQ3KSA,McDonald's,3935 Walnut St,Philadelphia,PA,19104.0,39.954342,-75.202337,1.5,89,1,"{'Alcohol': ""'none'"", 'RestaurantsReservations': 'False', 'RestaurantsTakeOut': 'True', 'BusinessParking': ""{'garage': False, 'street': True, 'validated': False, 'lot': False, 'valet': False}"", 'Corkage': 'False', 'BYOBCorkage': ""'yes_free'"", 'NoiseLevel': ""u'very_loud'"", 'RestaurantsAttire': ""'casual'"", 'RestaurantsPriceRange2': '1', 'WiFi': ""'free'"", 'BusinessAcceptsCreditCards': 'True', 'RestaurantsGoodForGroups': 'True', 'OutdoorSeating': 'False', 'GoodForKids': 'True', 'GoodForMeal': ""{'dessert': False, 'latenight': True, 'lunch': True, 'dinner': True, 'brunch': False, 'breakfast': True}"", 'Caters': 'False', 'HasTV': 'True', 'Ambience': ""{'touristy': False, 'hipster': False, 'romantic': False, 'divey': True, 'intimate': False, 'trendy': False, 'upscale': False, 'classy': False, 'casual': True}"", 'BikeParking': 'True', 'RestaurantsDelivery': 'True', 'DriveThru': 'True'}","Restaurants, Coffee & Tea, Fast Food, Burgers, Food","{'Monday': '0:0-0:0', 'Tuesday': '0:0-0:0', 'Wednesday': '0:0-0:0', 'Thursday': '0:0-0:0', 'Friday': '0:0-0:0', 'Saturday': '0:0-0:0', 'Sunday': '0:0-0:0'}",95,5,4,-0.2,1.7473684210526317,1.0,1.0,0.0,316,2,4,1.0,-1,2,0.0,0.4903846153846153,0.5654761904761904,0.5,0.5175518925518925,Stable,-0.75,9.0,High,Negative,Monitor / Intervene,"staff_behavior,order_accuracy_wait_time"
O4wZuA6Im9gQxxddCZ3kkQ,New York Gyro Truck,41ST And Walnut,Philadelphia,PA,19104.0,39.954482017,-75.2052439587,4.5,84,1,"{'BikeParking': 'False', 'BusinessAcceptsCreditCards': 'False', 'RestaurantsPriceRange2': '1', 'GoodForMeal': ""{'dessert': False, 'latenight': False, 'lunch': True, 'dinner': False, 'brunch': False, 'breakfast': False}"", 'RestaurantsReservations': 'False', 'Alcohol': ""u'none'"", 'RestaurantsTableService': 'False', 'RestaurantsTakeOut': 'True', 'NoiseLevel': ""u'average'"", 'RestaurantsAttire': ""'casual'"", 'OutdoorSeating': 'False', 'GoodForKids': 'True', 'Ambience': ""{'touristy': False, 'hipster': False, 'romantic': False, 'divey': False, 'intimate': False, 'trendy': False, 'upscale': False, 'classy': False, 'casual': False}"", 'RestaurantsGoodForGroups': 'False', 'HasTV': 'True', 'Caters': 'True', 'WiFi': ""u'no'"", 'RestaurantsDelivery': 'True', 'BusinessParking': ""{u'valet': False, u'garage': False, u'street': True, u'lot': False, u'validated': False}""}","Restaurants, Food Trucks, Food, Street Vendors, Middle Eastern","{'Monday': '9:30-20:30', 'Tuesday': '9:30-20:30', 'Wednesday': '9:30-20:30', 'Thursday': '9:30-20:30', 'Friday': '9:30-20:30', 'Saturday': '9:30-20:30', 'Sunday': '9:30-20:30'}",84,2,1,-0.5,4.654761904761905,5.0,5.0,0.0,163,1,1,0.0,-1,0,0.0,0.4903846153846153,0.5535714285714285,0.5,0.5135836385836385,Declining,0.9166666666666666,3.0,Low,Positive,Growth Opportunity,"food_product_quality,service_speed"
JiEcu8LvmlsPh_Q6Exzp9A,Riverside Seafood Market,6501 N 40th St,Tampa,FL,33610.0,28.0072788,-82.4138533,3.5,51,1,"{'GoodForKids': 'True', 'RestaurantsGoodForGroups': 'False', 'BusinessAcceptsCreditCards': 'True', 'RestaurantsTakeOut': 'True', 'RestaurantsAttire': ""'casual'"", 'NoiseLevel': ""'average'"", 'RestaurantsReservations': 'False', 'BusinessParking': ""{'garage': False, 'street': False, 'validated': False, 'lot': True, 'valet': False}"", 'Ambience': ""{'touristy': False, 'hipster': False, 'romantic': False, 'divey': False, 'intimate': False, 'trendy': False, 'upscale': False, 'classy': True, 'casual': False}"", 'HasTV': 'True', 'WiFi': ""'no'"", 'OutdoorSeating': 'False', 'Alcohol': ""'none'"", 'GoodForMeal': ""{'dessert': False, 'latenight': False, 'lunch': False, 'dinner': False, 'brunch': False, 'breakfast': False}"", 'RestaurantsPriceRange2': '2', 'DogsAllowed': 'False', 'RestaurantsDelivery': 'True', 'BikeParking': 'True'}","Specialty Food, Seafood Markets, Food, Seafood, Restaurants","{'Monday': '11:0-22:0', 'Tuesday': '11:0-22:0', 'Wednesday': '11:0-22:0', 'Thursday': '11:0-22:0', 'Friday': '11:0-23:0', 'Saturday': '11:0-23:0', 'Sunday': '11:0-22:0'}",55,5,6,0.2,3.836363636363637,4.6,3.1666666666666665,-1.4333333333333331,63,9,3,-0.6666666666666666,1,-6,-1.4333333333333331,0.5096153846153846,0.5178571428571428,0.3208333333333333,0.4704110704110703,Declining,0.465,10.0,Low,Positive,Growth Opportunity,"food_product_quality,staff_behavior"
YuhQIv_c08zqfExfSiWB6g,Tampa Tap Room,13150 N Dale Mabry Hwy,Tampa,FL,33618.0,28.0659398082,-82.5065359846,3.5,108,1,"{'RestaurantsTakeOut': 'True', 'HasTV': 'True', 'RestaurantsPriceRange2': '2', 'RestaurantsReservations': 'False', 'WiFi': ""u'free'"", 'NoiseLevel': ""u'average'"", 'BusinessAcceptsCreditCards': 'True', 'RestaurantsGoodForGroups': 'True', 'RestaurantsAttire': ""u'casual'"", 'RestaurantsDelivery': 'False', 'Alcohol': ""u'full_bar'"", 'BikeParking': 'True', 'OutdoorSeating': 'True', 'BusinessParking': ""{'garage': False, 'street': False, 'validated': False, 'lot': True, 'valet': False}"", 'Caters': 'True', 'Music': ""{'dj': False, 'background_music': False, 'no_music': False, 'jukebox': True, 'live': None, 'video': False, 'karaoke': False}"", 'GoodForKids': 'True', 'BestNights': ""{'monday': True, 'tuesday': True, 'friday': True, 'wednesday': False, 'thursday': False, 'sunday': False, 'saturday': False}"", 'GoodForDancing': 'False', 'Ambience': ""{'touristy': False, 'hipster': False, 'romantic': False, 'divey': None, 'intimate': False, 'trendy': False, 'upscale': False, 'classy': False, 'casual': True}"", 'BusinessAcceptsBitcoin': 'False', 'GoodForMeal': ""{'dessert': False, 'latenight': True, 'lunch': True, 'dinner': True, 'brunch': False, 'breakfast': False}""}","Beer, Wine & Spirits, Nightlife, Sports Bars, American (New), Bars, Cajun/Creole, Restaurants, Food","{'Monday': '15:0-3:0', 'Tuesday': '15:0-3:0', 'Wednesday': '15:0-3:0', 'Thursday': '15:0-3:0', 'Friday': '15:0-3:0', 'Saturday': '12:0-3:0', 'Sunday': '12:0-3:0'}",114,4,5,0.25,3.3421052631578947,2.0,2.2,0.2000000000000001,233,2,2,0.0,1,0,0.2000000000000001,0.5096153846153846,0.5535714285714285,0.525,0.5276862026862026,Growing,-0.2,9.0,High,Negative,Monitor / Intervene,"food_product_quality,staff_behavior"
ctHjyadbDQAtUFfkcAFEHw,Zahav,237 St James Pl,Philadelphia,PA,19106.0,39.9462611465,-75.1451350779,4.5,3065,1,"{'RestaurantsAttire': ""'casual'"", 'BikeParking': 'True', 'Caters': 'False', 'BusinessParking': ""{'garage': False, 'street': True, 'validated': False, 'lot': False, 'valet': False}"", 'BusinessAcceptsCreditCards': 'True', 'NoiseLevel': ""u'average'"", 'GoodForKids': 'False', 'Alcohol': ""'full_bar'"", 'RestaurantsReservations': 'True', 'WiFi': ""u'no'"", 'HasTV': 'False', 'DogsAllowed': 'False', 'RestaurantsGoodForGroups': 'True', 'OutdoorSeating': 'True', 'GoodForMeal': ""{'dessert': False, 'latenight': False, 'lunch': False, 'dinner': True, 'brunch': False, 'breakfast': False}"", 'HappyHour': 'False', 'RestaurantsDelivery': 'False', 'Ambience': ""{'touristy': False, 'hipster': False, 'romantic': False, 'divey': False, 'intimate': False, 'trendy': True, 'upscale': False, 'classy': True, 'casual': False}"", 'RestaurantsPriceRange2': '4', 'RestaurantsTakeOut': 'None'}","Nightlife, Bars, Food, Ethnic Food, Middle Eastern, Vegetarian, Specialty Food, Israeli, Restaurants","{'Monday': '0:0-0:0', 'Tuesday': '16:45-21:30', 'Wednesday': '16:45-21:30', 'Thursday': '16:45-21:30', 'Friday': '16:45-21:30', 'Saturday': '16:45-21:30'}",3173,60,61,0.0166666666666666,4.5486920895052005,4.633333333333334,4.557377049180328,-0.0759562841530057,3104,31,48,0.5483870967741935,1,17,-0.0759562841530057,0.5096153846153846,0.6547619047619047,0.4905054644808743,0.5537509090787778,Growing,0.749,10.0,High,Positive,Expand,"food_product_quality,staff_behavior"
GAuweBrcC_wK3a0UhZjwfA,Loco Pez,2401 E Norris St,Philadelphia,PA,19125.0,39.977142,-75.127202,4.0,650,1,"{'RestaurantsGoodForGroups': 'True', 'GoodForKids': 'False', 'RestaurantsPriceRange2': '2', 'RestaurantsAttire': ""u'casual'"", 'WheelchairAccessible': 'True', 'BestNights': ""{'monday': False, 'tuesday': True, 'friday': False, 'wednesday': False, 'thursday': True, 'sunday': False, 'saturday': False}"", 'BusinessParking': ""{'garage': False, 'street': True, 'validated': False, 'lot': False, 'valet': False}"", 'HappyHour': 'True', 'GoodForMeal': ""{'dessert': None, 'latenight': None, 'lunch': None, 'dinner': True, 'brunch': True, 'breakfast': None}"", 'WiFi': ""u'no'"", 'Music': ""{'dj': False, 'background_music': False, 'no_music': False, 'jukebox': None, 'live': False, 'video': False, 'karaoke': None}"", 'RestaurantsTableService': 'True', 'GoodForDancing': 'False', 'NoiseLevel': ""u'average'"", 'Caters': 'False', 'DogsAllowed': 'False', 'Alcohol': ""u'full_bar'"", 'BikeParking': 'True', 'DriveThru': 'False', 'OutdoorSeating': 'True', 'BusinessAcceptsBitcoin': 'False', 'RestaurantsDelivery': 'True', 'Ambience': ""{'touristy': False, 'hipster': False, 'romantic': False, 'divey': False, 'intimate': False, 'trendy': False, 'upscale': False, 'classy': True, 'casual': False}"", 'HasTV': 'True', 'RestaurantsReservations': 'False', 'CoatCheck': 'False', 'BusinessAcceptsCreditCards': 'False', 'RestaurantsTakeOut': 'True', 'Smoking': ""u'no'""}","Restaurants, Tacos, Bars, Nightlife, Mexican","{'Monday': '11:0-22:0', 'Tuesday': '11:0-22:0', 'Wednesday': '11:0-22:0', 'Thursday': '11:0-22:0', 'Friday': '11:0-22:0', 'Saturday': '11:0-22:0', 'Sunday': '11:0-22:0'}",677,14,12,-0.1428571428571428,4.0,4.0,4.0,0.0,2193,9,13,0.4444444444444444,-2,4,0.0,0.4807692307692308,0.5773809523809523,0.5,0.5172466422466422,Stable,0.555,10.0,High,Positive,Expand,"food_product_quality,staff_behavior"
7VpTJyMcAnEA-Y6vj0XV4w,La Pita,14959 N Florida Ave,Tampa,FL,33613.0,28.0865581918,-82.4586519999,4.5,204,1,"{'RestaurantsPriceRange2': '1', 'RestaurantsAttire': ""u'casual'"", 'RestaurantsGoodForGroups': 'True', 'Alcohol': ""u'none'"", 'Caters': 'True', 'RestaurantsTakeOut': 'True', 'GoodForMeal': ""{'dessert': None, 'latenight': False, 'lunch': True, 'dinner': True, 'brunch': False, 'breakfast': False}"", 'BikeParking': 'True', 'GoodForKids': 'True', 'RestaurantsTableService': 'False', 'Corkage': 'False', 'BYOB': 'False', 'OutdoorSeating': 'False', 'BusinessAcceptsCreditCards': 'True', 'WheelchairAccessible': 'True', 'WiFi': ""u'no'"", 'NoiseLevel': ""u'quiet'"", 'BusinessParking': ""{'garage': False, 'street': None, 'validated': False, 'lot': True, 'valet': False}"", 'RestaurantsDelivery': 'True', 'Ambience': ""{'touristy': False, 'hipster': False, 'romantic': False, 'divey': None, 'intimate': False, 'trendy': False, 'upscale': False, 'classy': False, 'casual': True}"", 'HasTV': 'True', 'RestaurantsReservations': 'False'}","Restaurants, Lebanese, Middle Eastern, Mediterranean","{'Monday': '0:0-0:0', 'Tuesday': '11:0-19:45', 'Wednesday': '11:0-19:45', 'Thursday': '11:0-19:45', 'Friday': '11:0-19:45', 'Saturday': '11:0-19:45'}",214,2,5,1.5,4.677570093457944,5.0,4.6,-0.4000000000000003,154,2,1,-0.5,3,-1,-0.4000000000000003,0.5288461538461539,0.5476190476190476,0.4499999999999999,0.5175824175824175,Stable,0.8628571428571429,7.0,High,Positive,Expand,"food_product_quality,staff_behavior"
nWhAxQw3bAsvXg3Oe91okw,Wawa,2502 N 50th St,Tampa,FL,33619.0,27.9655409217,-82.4021694642,2.0,13,1,"{'RestaurantsTakeOut': 'True', 'RestaurantsAttire': ""'casual'"", 'GoodForKids': 'True', 'WiFi': ""u'free'"", 'Ambience': ""{'touristy': False, 'hipster': False, 'romantic': False, 'divey': False, 'intimate': False, 'trendy': False, 'upscale': False, 'classy': False, 'casual': False}"", 'RestaurantsGoodForGroups': 'False', 'BusinessParking': ""{'garage': False, 'street': False, 'validated': False, 'lot': True, 'valet': False}"", 'RestaurantsReservations': 'False', 'RestaurantsPriceRange2': '1', 'BusinessAcceptsCreditCards': 'True', 'RestaurantsDelivery': 'True'}","Restaurants, Automotive, Delis, Convenience Stores, Gas Stations, Food, Coffee & Tea, Sandwiches","{'Monday': '0:0-0:0', 'Tuesday': '0:0-0:0', 'Wednesday': '0:0-0:0', 'Thursday': '0:0-0:0', 'Friday': '0:0-0:0', 'Saturday': '0:0-0:0', 'Sunday': '0:0-0:0'}",13,2,3,0.5,1.8461538461538465,1.0,1.0,0.0,24,1,0,-1.0,1,-1,0.0,0.5096153846153846,0.5476190476190476,0.5,0.5201465201465201,Growing,-0.8300000000000001,5.0,High,Negative,Monitor / Intervene,"staff_behavior,food_product_quality"
EDSqeUjhDwB8VMnIng-Q-A,Pizza Hut,"902 W Busch Blvd, Ste 110",Tampa,FL,33612.0,28.032999,-82.468687,1.5,19,1,"{'BusinessAcceptsCreditCards': 'True', 'RestaurantsReservations': 'False', 'RestaurantsTakeOut': 'True', 'GoodForKids': 'True', 'RestaurantsDelivery': 'False', 'Caters': 'True', 'Alcohol': ""u'none'"", 'OutdoorSeating': 'False', 'RestaurantsGoodForGroups': 'False', 'RestaurantsPriceRange2': '1'}","Italian, Pizza, Restaurants, Chicken Wings, Fast Food","{'Monday': '10:0-23:0', 'Tuesday': '10:0-23:0', 'Wednesday': '10:0-23:0', 'Thursday': '10:0-23:0', 'Friday': '10:0-0:0', 'Saturday': '10:0-0:0', 'Sunday': '10:0-23:0'}",19,1,1,0.0,1.263157894736842,1.0,1.0,0.0,3,0,0,,0,0,0.0,0.5,0.5535714285714285,0.5,0.5178571428571428,Stable,-0.75,2.0,High,Negative,Monitor / Intervene,"staff_behavior,service_speed"
v72qGvd53IxhM2m8aatOpg,Kanella Grill,1001 Spruce St,Philadelphia,PA,19107.0,39.9463188,-75.1579609,4.0,242,1,"{'RestaurantsAttire': ""'casual'"", 'RestaurantsTableService': 'True', 'WheelchairAccessible': 'True', 'RestaurantsGoodForGroups': 'True', 'DogsAllowed': 'True', 'RestaurantsTakeOut': 'True', 'BusinessParking': ""{'garage': False, 'street': True, 'validated': False, 'lot': False, 'valet': False}"", 'Alcohol': ""u'none'"", 'Caters': 'True', 'RestaurantsPriceRange2': '2', 'Corkage': 'False', 'NoiseLevel': ""u'average'"", 'Ambience': ""{'touristy': False, 'hipster': False, 'romantic': False, 'divey': False, 'intimate': False, 'trendy': False, 'upscale': False, 'classy': True, 'casual': True}"", 'BikeParking': 'True', 'HasTV': 'False', 'WiFi': ""u'free'"", 'BusinessAcceptsCreditCards': 'True', 'RestaurantsReservations': 'False', 'RestaurantsDelivery': 'True', 'HappyHour': 'False', 'GoodForMeal': ""{'dessert': None, 'latenight': False, 'lunch': True, 'dinner': True, 'brunch': False, 'breakfast': False}"", 'BYOB': 'True', 'BusinessAcceptsBitcoin': 'False', 'GoodForKids': 'False', 'OutdoorSeating': 'False'}","Falafel, American (Traditional), Greek, Mediterranean, Breakfast & Brunch, Restaurants, Middle Eastern","{'Wednesday': '16:0-20:0', 'Thursday': '16:0-20:0', 'Friday': '16:0-20:0', 'Saturday': '16:0-20:0', 'Sunday': '16:0-20:0'}",249,3,5,0.6666666666666666,4.028112449799197,2.333333333333333,4.0,1.6666666666666663,255,0,3,,2,3,1.6666666666666663,0.5192307692307693,0.5714285714285714,0.7083333333333333,0.5786528286528286,Growing,0.25625,8.0,High,Positive,Expand,"food_product_quality,staff_behavior"
qCpdeQYPf9i1EZhTnQgjtg,The Foodery at Rittenhouse,1710 Sansom St,Philadelphia,PA,19103.0,39.9505843,-75.1693697,4.0,265,1,"{'BusinessParking': ""{'garage': False, 'street': True, 'validated': False, 'lot': False, 'valet': False}"", 'BikeParking': 'True', 'RestaurantsGoodForGroups': 'True', 'Alcohol': ""u'beer_and_wine'"", 'Caters': 'True', 'RestaurantsAttire': ""u'casual'"", 'HasTV': 'True', 'OutdoorSeating': 'True', 'RestaurantsTakeOut': 'True', 'GoodForKids': 'False', 'GoodForDancing': 'False', 'RestaurantsPriceRange2': '2', 'BestNights': ""{'monday': False, 'tuesday': False, 'friday': True, 'wednesday': False, 'thursday': True, 'sunday': False, 'saturday': True}"", 'RestaurantsDelivery': 'True', 'NoiseLevel': ""u'average'"", 'HappyHour': 'True', 'Music': ""{'dj': False, 'background_music': False, 'no_music': False, 'jukebox': False, 'live': False, 'video': False, 'karaoke': False}"", 'WiFi': ""u'free'"", 'BusinessAcceptsCreditCards': 'True', 'RestaurantsReservations': 'False', 'Ambience': ""{u'divey': False, u'hipster': True, u'casual': True, u'touristy': False, u'trendy': None, u'intimate': False, u'romantic': False, u'classy': False, u'upscale': False}"", 'GoodForMeal': ""{'dessert': False, 'latenight': False, 'lunch': True, 'dinner': True, 'brunch': False, 'breakfast': False}""}","Nightlife, Bars, Food, Restaurants, Delis, Beer, Wine & Spirits, Gastropubs, Beer Bar, Sandwiches","{'Monday': '11:0-23:0', 'Tuesday': '11:0-23:0', 'Wednesday': '11:0-23:0', 'Thursday': '11:0-23:0', 'Friday': '11:0-0:0', 'Saturday': '11:0-0:0', 'Sunday': '11:0-20:0'}",271,7,6,-0.1428571428571428,3.996309963099631,4.428571428571429,4.0,-0.4285714285714288,1105,3,4,0.3333333333333333,-1,1,-0.4285714285714288,0.4903846153846153,0.5595238095238094,0.4464285714285714,0.5036630036630035,Declining,0.345,10.0,Low,Positive,Growth Opportunity,"food_product_quality,staff_behavior"
i7H6gGM5jXMMrhr8VRZXDg,The Black Squirrel Pub and Haunt,3749 Midvale Ave,Philadelphia,PA,19129.0,40.009233,-75.1939231,4.0,22,1,"{'Alcohol': ""u'full_bar'"", 'BestNights': ""{u'monday': False, u'tuesday': False, u'wednesday': False, u'thursday': False, u'friday': False, u'saturday': False, u'sunday': False}"", 'HasTV': 'True', 'RestaurantsTableService': 'True', 'NoiseLevel': ""u'average'"", 'Ambience': ""{u'divey': False, u'hipster': None, u'casual': None, u'touristy': False, u'trendy': None, u'intimate': None, u'romantic': None, u'classy': None, u'upscale': None}"", 'BusinessAcceptsCreditCards': 'True', 'BusinessParking': ""{u'valet': False, u'garage': False, u'street': True, u'lot': False, u'validated': False}"", 'OutdoorSeating': 'True', 'RestaurantsReservations': 'True', 'Music': ""{u'dj': False, u'live': False, u'jukebox': None, u'video': False, u'background_music': False, u'karaoke': None, u'no_music': False}"", 'DogsAllowed': 'False', 'Smoking': ""u'no'"", 'RestaurantsGoodForGroups': 'True'}","Nightlife, Bars, Pubs, Restaurants","{'Wednesday': '15:0-22:0', 'Thursday': '15:0-22:0', 'Friday': '15:0-22:0', 'Saturday': '12:0-22:0'}",22,7,15,1.1428571428571428,4.136363636363637,4.0,4.2,0.2000000000000001,9,0,9,,8,9,0.2000000000000001,0.5769230769230769,0.6071428571428571,0.525,0.5754578754578754,Growing,0.737,10.0,High,Positive,Expand,"food_product_quality,cleanliness_ambiance"
yG5tkMER9Ftkv4RDwMaQuA,Chengdu Famous Food,3635 Lancaster Ave,Philadelphia,PA,19104.0,39.9591840099,-75.1945733333,4.0,214,1,"{'HappyHour': 'True', 'RestaurantsGoodForGroups': 'True', 'WiFi': ""u'free'"", 'RestaurantsTableService': 'True', 'BikeParking': 'True', 'BusinessAcceptsCreditCards': 'True', 'RestaurantsDelivery': 'True', 'Corkage': 'False', 'WheelchairAccessible': 'True', 'Caters': 'True', 'Alcohol': ""'none'"", 'BusinessAcceptsBitcoin': 'False', 'DogsAllowed': 'True', 'NoiseLevel': ""u'average'"", 'BusinessParking': ""{'garage': False, 'street': True, 'validated': False, 'lot': False, 'valet': False}"", 'RestaurantsAttire': ""'casual'"", 'RestaurantsPriceRange2': '2', 'GoodForKids': 'True', 'Ambience': ""{'touristy': False, 'hipster': None, 'romantic': False, 'divey': False, 'intimate': None, 'trendy': True, 'upscale': False, 'classy': False, 'casual': True}"", 'OutdoorSeating': 'True', 'HasTV': 'True', 'BYOB': 'True', 'RestaurantsReservations': 'True', 'GoodForMeal': ""{u'breakfast': False, u'brunch': False, u'lunch': True, u'dinner': True, u'latenight': False, u'dessert': False}"", 'RestaurantsTakeOut': 'True'}","Noodles, Chinese, Restaurants, Szechuan, Seafood","{'Monday': '0:0-0:0', 'Tuesday': '16:0-22:0', 'Wednesday': '16:0-22:0', 'Thursday': '16:0-22:0', 'Friday': '16:0-22:0', 'Saturday': '16:0-22:0', 'Sunday': '16:0-22:0'}",223,10,11,0.1,4.098654708520179,4.3,4.181818181818182,-0.1181818181818181,213,14,31,1.2142857142857142,1,17,-0.1181818181818181,0.5096153846153846,0.6547619047619047,0.4852272727272727,0.5525779775779774,Growing,0.483,10.0,High,Positive,Expand,"food_product_quality,staff_behavior"
3bMVhRoYXU4UND8G0xLflw,Man vs Fries,701 Cathedral Rd,Philadelphia,PA,19128.0,40.063497,-75.236561,4.0,7,1,"{'RestaurantsTakeOut': 'None', 'RestaurantsDelivery': 'None'}","Restaurants, Food Delivery Services, Fast Food, Pop-Up Restaurants, Sandwiches, Mexican, Food","{'Monday': '11:0-2:0', 'Tuesday': '11:0-2:0', 'Wednesday': '11:0-2:0', 'Thursday': '11:0-2:0', 'Friday': '11:0-2:0', 'Saturday': '11:0-2:0', 'Sunday': '11:0-2:0'}",7,4,3,-0.25,3.857142857142857,4.25,3.333333333333333,-0.9166666666666664,1,0,1,,-1,1,-0.9166666666666664,0.4903846153846153,0.5595238095238094,0.3854166666666667,0.4901048026048025,Declining,0.3285714285714285,7.0,Low,Positive,Growth Opportunity,"food_product_quality,service_speed"
x5NLYIRLdhFBaNLLvl8Afg,Bar Louie - Tampa,2223 N Westshore Blvd,Tampa,FL,33607.0,27.96615,-82.52095,4.0,451,1,"{'RestaurantsGoodForGroups': 'True', 'RestaurantsAttire': ""'casual'"", 'BusinessParking': ""{'garage': False, 'street': False, 'validated': False, 'lot': True, 'valet': False}"", 'BYOBCorkage': ""'no'"", 'RestaurantsReservations': 'False', 'HasTV': 'True', 'RestaurantsTakeOut': 'True', 'NoiseLevel': ""'average'"", 'BusinessAcceptsCreditCards': 'True', 'Alcohol': ""u'full_bar'"", 'GoodForKids': 'False', 'RestaurantsPriceRange2': '2', 'WiFi': ""u'free'"", 'GoodForDancing': 'False', 'BestNights': ""{'monday': False, 'tuesday': True, 'friday': True, 'wednesday': False, 'thursday': False, 'sunday': False, 'saturday': True}"", 'BikeParking': 'True', 'GoodForMeal': ""{'dessert': False, 'latenight': True, 'lunch': True, 'dinner': True, 'brunch': False, 'breakfast': False}"", 'RestaurantsDelivery': 'True', 'DriveThru': 'None', 'Music': ""{u'dj': False, u'live': False, u'jukebox': False, u'video': False, u'background_music': False, u'karaoke': False, u'no_music': False}"", 'Caters': 'True', 'Ambience': ""{'touristy': False, 'hipster': False, 'romantic': False, 'divey': False, 'intimate': False, 'trendy': False, 'upscale': False, 'classy': True, 'casual': True}"", 'OutdoorSeating': 'None'}","Cocktail Bars, American (New), Restaurants, Burgers, Nightlife, Bars, Gastropubs, Pubs, Sports Bars","{'Monday': '11:0-2:0', 'Tuesday': '11:0-2:0', 'Wednesday': '11:0-2:0', 'Thursday': '16:0-2:0', 'Friday': '11:0-0:0', 'Saturday': '16:0-0:0', 'Sunday': '0:0-2:0'}",469,18,9,-0.5,3.85501066098081,3.2222222222222223,3.888888888888889,0.6666666666666665,1448,18,11,-0.3888888888888889,-9,-7,0.6666666666666665,0.4134615384615384,0.5119047619047619,0.5833333333333333,0.4840252340252339,Declining,0.29,10.0,Low,Positive,Growth Opportunity,"food_product_quality,staff_behavior"
hyXrO6RoAi5GnTl8s72Pkw,Burger King,4565 W Kennedy Blvd,Tampa,FL,33609.0,27.945219,-82.5217762,2.0,34,1,"{'BusinessAcceptsCreditCards': 'True', 'Caters': 'False', 'Ambience': ""{'romantic': False, 'intimate': False, 'touristy': False, 'hipster': False, 'divey': False, 'classy': False, 'trendy': False, 'upscale': False, 'casual': False}"", 'OutdoorSeating': 'False', 'Alcohol': ""u'none'"", 'BikeParking': 'False', 'RestaurantsAttire': ""u'casual'"", 'WiFi': ""u'free'"", 'GoodForKids': 'True', 'RestaurantsGoodForGroups': 'True', 'BusinessParking': ""{'garage': False, 'street': False, 'validated': False, 'lot': False, 'valet': False}"", 'RestaurantsReservations': 'False', 'GoodForMeal': ""{'dessert': False, 'latenight': False, 'lunch': True, 'dinner': False, 'brunch': False, 'breakfast': False}"", 'HasTV': 'True', 'NoiseLevel': ""u'quiet'"", 'RestaurantsTakeOut': 'False', 'RestaurantsDelivery': 'True', 'RestaurantsPriceRange2': '1'}","Burgers, Fast Food, Restaurants","{'Monday': '5:0-0:0', 'Tuesday': '5:0-0:0', 'Wednesday': '5:0-0:0', 'Thursday': '5:0-0:0', 'Friday': '0:0-0:0', 'Saturday': '0:0-0:0', 'Sunday': '5:0-0:0'}",34,4,1,-0.75,2.0,1.0,1.0,0.0,49,0,0,,-3,0,0.0,0.4711538461538461,0.5535714285714285,0.5,0.50503663003663,Declining,-0.8,5.0,Low,Negative,Reassess,"service_speed,staff_behavior"
ra6Ejpr6Y5nJL1Um6pzTdg,Mustard Greens Restaurant,622 S 2nd St,Philadelphia,PA,19147.0,39.9405417,-75.1459758,4.0,97,1,"{'RestaurantsAttire': ""'casual'"", 'RestaurantsGoodForGroups': 'True', 'NoiseLevel': ""u'average'"", 'GoodForKids': 'True', 'RestaurantsPriceRange2': '2', 'BusinessAcceptsCreditCards': 'True', 'Caters': 'True', 'BikeParking': 'True', 'Alcohol': ""'full_bar'"", 'BYOBCorkage': ""'no'"", 'RestaurantsTakeOut': 'True', 'OutdoorSeating': 'False', 'RestaurantsReservations': 'True', 'BusinessParking': ""{'garage': False, 'street': True, 'validated': False, 'lot': False, 'valet': False}"", 'RestaurantsTableService': 'True', 'WiFi': ""u'no'"", 'HasTV': 'True', 'Ambience': ""{'touristy': False, 'hipster': False, 'romantic': False, 'divey': False, 'intimate': False, 'trendy': False, 'upscale': False, 'classy': None, 'casual': True}"", 'RestaurantsDelivery': 'True', 'GoodForMeal': ""{'dessert': False, 'latenight': False, 'lunch': None, 'dinner': True, 'brunch': False, 'breakfast': False}""}","Restaurants, Chinese, Dim Sum","{'Monday': '17:0-22:0', 'Tuesday': '17:0-22:0', 'Wednesday': '17:0-22:0', 'Thursday': '17:0-22:0', 'Friday': '17:0-23:0', 'Saturday': '17:0-23:0', 'Sunday': '17:0-22:0'}",99,1,3,2.0,4.0,5.0,4.666666666666667,-0.333333333333333,138,1,1,0.0,2,0,-0.333333333333333,0.5192307692307693,0.5535714285714285,0.4583333333333333,0.5171448921448921,Stable,0.9125,4.0,High,Positive,Expand,"food_product_quality,cleanliness_ambiance"
t3PkHzVTvPA8qRxKe9TIkQ,Booker's Restaurant and Bar,5021 Baltimore Ave,Philadelphia,PA,19143.0,39.948041,-75.2242388,3.5,276,1,"{'GoodForDancing': 'False', 'HasTV': 'True', 'CoatCheck': 'False', 'BikeParking': 'True', 'BusinessAcceptsCreditCards': 'True', 'NoiseLevel': ""u'average'"", 'WheelchairAccessible': 'True', 'WiFi': ""'no'"", 'Caters': 'True', 'RestaurantsGoodForGroups': 'True', 'Alcohol': ""u'full_bar'"", 'BestNights': ""{'monday': False, 'tuesday': False, 'friday': True, 'wednesday': False, 'thursday': False, 'sunday': False, 'saturday': False}"", 'RestaurantsAttire': ""'casual'"", 'RestaurantsTakeOut': 'True', 'RestaurantsTableService': 'True', 'DogsAllowed': 'False', 'RestaurantsDelivery': 'True', 'RestaurantsPriceRange2': '2', 'OutdoorSeating': 'True', 'GoodForMeal': ""{'dessert': True, 'latenight': None, 'lunch': True, 'dinner': True, 'brunch': True, 'breakfast': False}"", 'Music': ""{'dj': False, 'background_music': False, 'no_music': False, 'jukebox': False, 'live': None, 'video': False, 'karaoke': None}"", 'HappyHour': 'True', 'RestaurantsReservations': 'True', 'Ambience': ""{'touristy': False, 'hipster': False, 'romantic': True, 'divey': False, 'intimate': True, 'trendy': True, 'upscale': False, 'classy': True, 'casual': True}"", 'GoodForKids': 'True', 'BusinessParking': ""{'garage': False, 'street': True, 'validated': False, 'lot': False, 'valet': False}""}","Bars, Event Planning & Services, Nightlife, Salad, American (Traditional), Tapas/Small Plates, Venues & Event Spaces, Breakfast & Brunch, Restaurants, American (New)","{'Monday': '0:0-0:0', 'Wednesday': '10:0-22:0', 'Thursday': '10:0-22:0', 'Friday': '10:0-22:0', 'Saturday': '10:0-22:0', 'Sunday': '10:0-22:0'}",295,21,25,0.1904761904761904,3.694915254237288,3.6666666666666665,3.72,0.0533333333333336,244,15,14,-0.0666666666666666,4,-1,0.0533333333333336,0.5384615384615384,0.5476190476190476,0.5066666666666667,0.5344485144485144,Growing,0.49,10.0,High,Positive,Expand,"food_product_quality,staff_behavior"
yj0SWZvJ0tGwAywoVxPT5A,Dig,1616 Chestnut St,Philadelphia,PA,19103.0,39.951201755,-75.1680316,4.5,96,1,"{'RestaurantsTableService': 'False', 'RestaurantsPriceRange2': '2', 'RestaurantsGoodForGroups': 'True', 'Ambience': ""{'touristy': False, 'hipster': False, 'romantic': False, 'divey': False, 'intimate': False, 'trendy': False, 'upscale': False, 'classy': True, 'casual': False}"", 'GoodForMeal': ""{'dessert': None, 'latenight': None, 'lunch': None, 'dinner': True, 'brunch': None, 'breakfast': None}"", 'RestaurantsTakeOut': 'True', 'RestaurantsReservations': 'False', 'NoiseLevel': ""u'average'"", 'DogsAllowed': 'False', 'BusinessParking': ""{'garage': None, 'street': None, 'validated': False, 'lot': False, 'valet': False}"", 'BusinessAcceptsCreditCards': 'True', 'RestaurantsDelivery': 'True', 'OutdoorSeating': 'False'}","Restaurants, American (New)","{'Monday': '0:0-0:0', 'Tuesday': '11:0-22:0', 'Wednesday': '11:0-22:0', 'Thursday': '11:0-22:0', 'Friday': '11:0-22:0', 'Saturday': '11:0-22:0', 'Sunday': '11:0-22:0'}",98,10,14,0.4,4.622448979591836,4.9,4.571428571428571,-0.3285714285714292,54,8,5,-0.375,4,-3,-0.3285714285714292,0.5384615384615384,0.5357142857142856,0.4589285714285713,0.5198717948717948,Growing,0.8150000000000001,10.0,High,Positive,Expand,"food_product_quality,staff_behavior"
wXKiStXyJo0zI4uCwpNFMg,Tony's Market,153 W Porter St,Philadelphia,PA,19148.0,39.916983,-75.1508328,4.5,7,1,"{'BusinessParking': ""{'garage': False, 'street': False, 'validated': False, 'lot': False, 'valet': False}"", 'RestaurantsReservations': 'None', 'RestaurantsPriceRange2': '1'}","Food, Sandwiches, Grocery, Restaurants, Delis","{'Monday': '6:0-19:0', 'Tuesday': '6:0-19:0', 'Wednesday': '6:0-19:0', 'Thursday': '6:0-19:0', 'Friday': '6:0-19:0', 'Saturday': '6:0-19:0', 'Sunday': '7:0-13:0'}",8,1,2,1.0,4.75,5.0,5.0,0.0,1,0,0,,1,0,0.0,0.5096153846153846,0.5535714285714285,0.5,0.522130647130647,Growing,0.94,3.0,High,Positive,Expand,"food_product_quality,staff_behavior"
Cch7lpybfh4V0_1j8Nr3yQ,WeVegan Cafe,4326 S Manhattan Ave,Tampa,FL,33611.0,27.9018096,-82.517929,4.5,13,1,"{'BusinessParking': ""{u'valet': False, u'garage': None, u'street': None, u'lot': None, u'validated': False}"", 'WiFi': ""u'free'""}","Cafes, Coffee & Tea, Restaurants, Bakeries, Food, Vegan","{'Monday': '7:0-16:0', 'Tuesday': '7:0-16:0', 'Wednesday': '7:0-16:0', 'Thursday': '7:0-16:0', 'Friday': '7:0-16:0', 'Saturday': '8:0-16:0', 'Sunday': '8:0-16:0'}",13,5,8,0.6,4.6923076923076925,5.0,4.5,-0.5,8,0,8,,3,8,-0.5,0.5288461538461539,0.601190476190476,0.4375,0.5326617826617825,Growing,0.72,10.0,High,Positive,Expand,"food_product_quality,staff_behavior"
vwAhm3pRjCEz_jNXr9vMaA,Matt & Marie's,"100 N 18th St, Ste 120",Philadelphia,PA,19103.0,39.9558026,-75.1694544,4.0,201,1,"{'OutdoorSeating': 'False', 'BusinessParking': ""{'garage': False, 'street': True, 'validated': False, 'lot': False, 'valet': False}"", 'RestaurantsPriceRange2': '1', 'RestaurantsTakeOut': 'True', 'BikeParking': 'True', 'RestaurantsDelivery': 'True', 'Alcohol': ""u'none'"", 'RestaurantsAttire': ""'casual'"", 'BusinessAcceptsCreditCards': 'True', 'Caters': 'True', 'RestaurantsReservations': 'False', 'RestaurantsGoodForGroups': 'True', 'NoiseLevel': ""u'average'"", 'HasTV': 'False', 'GoodForKids': 'True', 'WiFi': ""'free'"", 'BusinessAcceptsBitcoin': 'False', 'GoodForMeal': ""{'dessert': False, 'latenight': False, 'lunch': True, 'dinner': False, 'brunch': False, 'breakfast': False}"", 'ByAppointmentOnly': 'False', 'Ambience': ""{'touristy': False, 'hipster': False, 'romantic': False, 'divey': False, 'intimate': False, 'trendy': False, 'upscale': False, 'classy': True, 'casual': True}""}","Delis, Italian, Sandwiches, Restaurants","{'Monday': '0:0-0:0', 'Tuesday': '10:0-14:0', 'Wednesday': '10:0-14:0', 'Thursday': '10:0-14:0', 'Friday': '10:0-14:0'}",209,1,3,2.0,4.114832535885167,5.0,5.0,0.0,272,0,1,,2,1,0.0,0.5192307692307693,0.5595238095238094,0.5,0.5283882783882783,Growing,0.75,4.0,High,Positive,Expand,"food_product_quality,staff_behavior"
_UOg5_pk9IhKee91eWrT4A,Sweet Lucy's Smokehouse,7500 State Rd,Philadelphia,PA,19136.0,40.029103,-75.0272619,4.5,721,1,"{'RestaurantsGoodForGroups': 'True', 'RestaurantsReservations': 'True', 'RestaurantsPriceRange2': '2', 'GoodForKids': 'True', 'BusinessParking': ""{'garage': False, 'street': True, 'validated': False, 'lot': True, 'valet': False}"", 'BusinessAcceptsBitcoin': 'False', 'RestaurantsTakeOut': 'True', 'WiFi': ""u'free'"", 'BusinessAcceptsCreditCards': 'True', 'RestaurantsAttire': ""'casual'"", 'BYOBCorkage': ""'yes_free'"", 'Ambience': ""{'romantic': False, 'intimate': False, 'touristy': False, 'hipster': False, 'divey': False, 'classy': False, 'trendy': False, 'upscale': False, 'casual': True}"", 'OutdoorSeating': 'True', 'NoiseLevel': ""u'average'"", 'HasTV': 'True', 'Caters': 'True', 'WheelchairAccessible': 'True', 'RestaurantsDelivery': 'True', 'Alcohol': ""u'full_bar'"", 'GoodForMeal': ""{'dessert': False, 'latenight': False, 'lunch': True, 'dinner': True, 'brunch': False, 'breakfast': False}"", 'DogsAllowed': 'False', 'RestaurantsTableService': 'True', 'BikeParking': 'True', 'BYOB': 'False', 'HappyHour': 'True'}","Smokehouse, Barbeque, Food, Restaurants, Buffets","{'Monday': '0:0-0:0', 'Tuesday': '11:0-20:0', 'Wednesday': '11:0-20:0', 'Thursday': '11:0-18:0', 'Friday': '11:0-18:0', 'Saturday': '11:0-21:0', 'Sunday': '11:0-20:0'}",749,34,18,-0.4705882352941176,4.261682242990654,4.264705882352941,3.888888888888889,-0.3758169934640523,1175,13,18,0.3846153846153846,-16,5,-0.3758169934640523,0.3461538461538461,0.5833333333333333,0.4530228758169934,0.4489623484721523,Declining,0.475,10.0,Low,Positive,Growth Opportunity,"food_product_quality,staff_behavior"
bN_9QgxdOIk4oK-6fBDJtQ,Honey's Sit N Eat,2101 South St,Philadelphia,PA,19146.0,39.9451794837,-75.1771896936,4.0,691,0,"{'GoodForKids': 'True', 'BikeParking': 'True', 'HasTV': 'False', 'NoiseLevel': ""u'average'"", 'RestaurantsAttire': ""u'casual'"", 'RestaurantsPriceRange2': '2', 'WiFi': ""u'no'"", 'RestaurantsReservations': 'False', 'GoodForMeal': ""{'dessert': False, 'latenight': False, 'lunch': True, 'dinner': None, 'brunch': True, 'breakfast': True}"", 'RestaurantsTableService': 'True', 'Alcohol': ""u'none'"", 'BusinessAcceptsCreditCards': 'False', 'Ambience': ""{'touristy': False, 'hipster': False, 'romantic': False, 'divey': False, 'intimate': False, 'trendy': False, 'upscale': False, 'classy': True, 'casual': True}"", 'DogsAllowed': 'False', 'OutdoorSeating': 'True', 'Caters': 'False', 'BusinessParking': ""{'garage': False, 'street': True, 'validated': False, 'lot': True, 'valet': False}"", 'RestaurantsGoodForGroups': 'True', 'HappyHour': 'False', 'RestaurantsDelivery': 'True', 'RestaurantsTakeOut': 'True'}","Breakfast & Brunch, American (Traditional), Restaurants, Comfort Food, Diners","{'Monday': '7:0-14:0', 'Tuesday': '7:0-14:0', 'Wednesday': '7:0-14:0', 'Thursday': '7:0-14:0', 'Friday': '7:0-14:0', 'Saturday': '7:0-14:0', 'Sunday': '7:0-14:0'}",709,2,2,0.0,3.875881523272215,4.5,4.0,-0.5,1914,0,0,,0,0,-0.5,0.5,0.5535714285714285,0.4375,0.503968253968254,Declining,0.7875,4.0,Low,Positive,Growth Opportunity,"staff_behavior,food_product_quality"
FvBUare-QfqoTyHIvbWkvA,Bishos,7950 Oxford Ave,Philadelphia,PA,19111.0,40.0758304,-75.0851789,4.5,86,1,"{'BusinessParking': ""{'garage': None, 'street': None, 'validated': None, 'lot': True, 'valet': False}"", 'GoodForKids': 'True', 'BikeParking': 'True', 'HappyHour': 'False', 'BusinessAcceptsCreditCards': 'True', 'WiFi': ""'free'"", 'Caters': 'True', 'RestaurantsTakeOut': 'True', 'Ambience': ""{'touristy': None, 'hipster': None, 'romantic': None, 'divey': None, 'intimate': None, 'trendy': None, 'upscale': False, 'classy': True, 'casual': True}"", 'WheelchairAccessible': 'True', 'OutdoorSeating': 'False', 'RestaurantsDelivery': 'True', 'HasTV': 'True', 'RestaurantsReservations': 'False', 'RestaurantsPriceRange2': '2', 'GoodForMeal': ""{'dessert': False, 'latenight': False, 'lunch': False, 'dinner': False, 'brunch': False, 'breakfast': False}"", 'RestaurantsGoodForGroups': 'True', 'Alcohol': ""u'none'""}","Mediterranean, Middle Eastern, Restaurants, Food, Juice Bars & Smoothies, Halal","{'Monday': '12:0-20:0', 'Tuesday': '12:0-20:0', 'Wednesday': '12:0-20:0', 'Thursday': '12:0-20:0', 'Friday': '12:0-20:0', 'Saturday': '12:0-20:0'}",90,11,10,-0.0909090909090909,4.566666666666666,4.454545454545454,4.7,0.245454545454546,46,0,0,,-1,0,0.245454545454546,0.4903846153846153,0.5535714285714285,0.5306818181818183,0.5204018204018204,Growing,0.7020000000000001,10.0,High,Positive,Expand,"food_product_quality,staff_behavior"
HNMN7NhEvA64Z0FDEA2Twg,Liang's Bistro Asian Cuisine,17515 Bruce B Downs Blvd,Tampa,FL,33647.0,28.127516,-82.367689,4.0,268,1,"{'RestaurantsTakeOut': 'True', 'Caters': 'True', 'BikeParking': 'True', 'RestaurantsReservations': 'True', 'BusinessAcceptsCreditCards': 'True', 'NoiseLevel': ""u'average'"", 'BusinessParking': ""{'garage': False, 'street': False, 'validated': False, 'lot': True, 'valet': False}"", 'RestaurantsAttire': ""u'casual'"", 'Alcohol': ""u'beer_and_wine'"", 'RestaurantsPriceRange2': '2', 'RestaurantsGoodForGroups': 'True', 'GoodForKids': 'True', 'HasTV': 'False', 'BusinessAcceptsBitcoin': 'False', 'WheelchairAccessible': 'True', 'Ambience': ""{'touristy': False, 'hipster': False, 'romantic': False, 'divey': False, 'intimate': False, 'trendy': False, 'upscale': False, 'classy': True, 'casual': True}"", 'RestaurantsDelivery': 'False', 'DriveThru': 'True', 'HappyHour': 'False', 'OutdoorSeating': 'True', 'GoodForMeal': ""{'dessert': False, 'latenight': False, 'lunch': True, 'dinner': True, 'brunch': False, 'breakfast': False}"", 'WiFi': ""u'free'"", 'DogsAllowed': 'False', 'Corkage': 'True', 'BYOB': 'False', 'RestaurantsTableService': 'True'}","Restaurants, Desserts, Food, Pan Asian, Asian Fusion, Cantonese, Thai, Chinese","{'Monday': '11:0-22:0', 'Tuesday': '11:0-22:0', 'Wednesday': '11:0-22:0', 'Thursday': '11:0-22:0', 'Friday': '11:0-22:0', 'Saturday': '11:0-22:0', 'Sunday': '11:0-22:0'}",289,16,11,-0.3125,4.031141868512111,4.125,4.545454545454546,0.4204545454545458,447,2,10,4.0,-5,8,0.4204545454545458,0.4519230769230769,0.601190476190476,0.5525568181818182,0.5240419302919302,Growing,0.637,10.0,High,Positive,Expand,"food_product_quality,pricing_value"
j4KA-BujEH7xmG6bD5E-gQ,Sacred Pepper,15405 N Dale Mabry Hwy,Tampa,FL,33618.0,28.0921058107,-82.5018056153,4.0,548,1,"{'RestaurantsReservations': 'True', 'GoodForKids': 'False', 'Caters': 'True', 'BusinessAcceptsCreditCards': 'True', 'RestaurantsTableService': 'True', 'DogsAllowed': 'False', 'RestaurantsGoodForGroups': 'True', 'BusinessAcceptsBitcoin': 'False', 'NoiseLevel': ""u'average'"", 'Alcohol': ""u'full_bar'"", 'BusinessParking': ""{'garage': False, 'street': False, 'validated': False, 'lot': True, 'valet': False}"", 'HappyHour': 'True', 'RestaurantsTakeOut': 'True', 'WheelchairAccessible': 'True', 'RestaurantsPriceRange2': '3', 'RestaurantsAttire': ""'dressy'"", 'WiFi': ""u'no'"", 'Ambience': ""{'touristy': False, 'hipster': False, 'romantic': False, 'divey': False, 'intimate': False, 'trendy': True, 'upscale': True, 'classy': True, 'casual': False}"", 'HasTV': 'True', 'BikeParking': 'False', 'GoodForMeal': ""{u'breakfast': False, u'brunch': False, u'lunch': False, u'dinner': True, u'latenight': False, u'dessert': True}"", 'OutdoorSeating': 'None', 'RestaurantsDelivery': 'True'}","Restaurants, American (Traditional), Food, American (New)","{'Monday': '16:0-22:0', 'Tuesday': '16:0-22:0', 'Wednesday': '16:0-22:0', 'Thursday': '16:0-22:0', 'Friday': '16:0-23:30', 'Saturday': '16:0-23:30', 'Sunday': '11:0-21:0'}",569,42,32,-0.238095238095238,3.9718804920913886,4.047619047619048,4.34375,0.2961309523809525,420,25,25,0.0,-10,0,0.2961309523809525,0.4038461538461538,0.5535714285714285,0.5370163690476191,0.4833479599104598,Declining,0.49,10.0,Low,Positive,Growth Opportunity,"food_product_quality,staff_behavior"
wGnBaLvgH3hrq6C3AnO5Mg,Shish-Kabob Palace,1683 Grant Ave,Philadelphia,PA,19115.0,40.086533,-75.039017,3.5,93,1,"{'BusinessAcceptsCreditCards': 'True', 'RestaurantsAttire': ""u'casual'"", 'Alcohol': ""u'none'"", 'WiFi': ""u'free'"", 'RestaurantsGoodForGroups': 'True', 'BusinessParking': ""{'garage': False, 'street': False, 'validated': False, 'lot': True, 'valet': False}"", 'RestaurantsReservations': 'True', 'RestaurantsTakeOut': 'True', 'Caters': 'True', 'NoiseLevel': ""u'average'"", 'RestaurantsDelivery': 'True', 'HasTV': 'True', 'RestaurantsPriceRange2': '2', 'GoodForKids': 'True', 'BikeParking': 'True', 'OutdoorSeating': 'False', 'Ambience': ""{'touristy': False, 'hipster': False, 'romantic': None, 'divey': False, 'intimate': False, 'trendy': False, 'upscale': False, 'classy': False, 'casual': True}"", 'GoodForMeal': ""{'dessert': None, 'latenight': None, 'lunch': True, 'dinner': True, 'brunch': None, 'breakfast': False}""}","Uzbek, Restaurants, Middle Eastern, Russian","{'Tuesday': '11:0-22:0', 'Wednesday': '11:0-22:0', 'Thursday': '11:0-22:0', 'Friday': '11:0-23:0', 'Saturday': '11:0-23:0', 'Sunday': '11:0-22:0'}",99,1,1,0.0,3.606060606060606,1.0,1.0,0.0,155,2,2,0.0,0,0,0.0,0.5,0.5535714285714285,0.5,0.5178571428571428,Stable,-0.65,2.0,High,Negative,Monitor / Intervene,"food_product_quality,pricing_value"
_05DcCQmCP5aGnfCnI4r9Q,Capital One Café,"135 S 17th St, Ste A",Philadelphia,PA,19103.0,39.9500535,-75.1689142564,4.0,178,1,"{'OutdoorSeating': 'False', 'BusinessParking': ""{'garage': False, 'street': True, 'validated': False, 'lot': False, 'valet': False}"", 'BusinessAcceptsCreditCards': 'True', 'WiFi': ""'free'"", 'RestaurantsPriceRange2': '1', 'BikeParking': 'True', 'ByAppointmentOnly': 'False', 'GoodForKids': 'False', 'RestaurantsTakeOut': 'True', 'RestaurantsGoodForGroups': 'False', 'RestaurantsReservations': 'False', 'HasTV': 'True', 'Alcohol': ""'none'"", 'Caters': 'False', 'RestaurantsDelivery': 'False', 'RestaurantsAttire': ""'casual'""}","Food, Coffee & Tea, Financial Advising, Banks & Credit Unions, Internet Cafes, Financial Services, Restaurants, Cafes","{'Monday': '7:0-19:0', 'Tuesday': '7:0-19:0', 'Wednesday': '7:0-19:0', 'Thursday': '7:0-19:0', 'Friday': '7:0-19:0', 'Saturday': '8:0-19:0', 'Sunday': '9:0-17:0'}",185,3,4,0.3333333333333333,4.102702702702703,2.333333333333333,3.75,1.4166666666666663,677,1,12,11.0,1,11,1.4166666666666663,0.5096153846153846,0.619047619047619,0.6770833333333333,0.5833078958078957,Growing,0.2571428571428572,7.0,High,Positive,Expand,"cleanliness_ambiance,staff_behavior"
or_WcjWELDsssk2JruvJcg,Café Lutecia,2301 Lombard St,Philadelphia,PA,19146.0,39.9465958,-75.1796066,4.0,199,1,"{'WiFi': ""u'no'"", 'NoiseLevel': ""u'average'"", 'Alcohol': ""'none'"", 'BikeParking': 'True', 'RestaurantsReservations': 'False', 'RestaurantsGoodForGroups': 'False', 'RestaurantsPriceRange2': '2', 'Ambience': ""{'romantic': False, 'intimate': False, 'touristy': False, 'hipster': False, 'divey': False, 'classy': False, 'trendy': False, 'upscale': False, 'casual': True}"", 'BusinessParking': ""{'garage': False, 'street': True, 'validated': False, 'lot': False, 'valet': False}"", 'GoodForKids': 'True', 'OutdoorSeating': 'True', 'RestaurantsTakeOut': 'True', 'Caters': 'False', 'BYOBCorkage': ""'no'"", 'GoodForMeal': ""{'dessert': False, 'latenight': False, 'lunch': True, 'dinner': False, 'brunch': False, 'breakfast': True}"", 'RestaurantsTableService': 'True', 'BusinessAcceptsCreditCards': 'True', 'RestaurantsAttire': ""'casual'"", 'HasTV': 'True', 'WheelchairAccessible': 'False', 'BusinessAcceptsBitcoin': 'False', 'RestaurantsDelivery': 'False'}","Restaurants, Breakfast & Brunch, French","{'Tuesday': '8:0-14:0', 'Wednesday': '8:0-14:0', 'Thursday': '8:0-14:0', 'Friday': '8:0-14:0', 'Saturday': '8:0-14:0', 'Sunday': '8:0-15:0'}",208,1,2,1.0,4.144230769230769,5.0,4.5,-0.5,308,4,1,-0.75,1,-3,-0.5,0.5096153846153846,0.5357142857142856,0.4375,0.5022893772893772,Declining,0.8333333333333334,3.0,Low,Positive,Growth Opportunity,"cleanliness_ambiance,food_product_quality"
9YyeoqIBSEL_uikPBTZZUQ,Hadramout,136 S 45th St,Philadelphia,PA,19104.0,39.9557192,-75.2117204,4.5,90,1,"{'BusinessParking': ""{'garage': False, 'street': False, 'validated': False, 'lot': False, 'valet': False}"", 'RestaurantsPriceRange2': '1', 'RestaurantsGoodForGroups': 'False', 'RestaurantsTableService': 'True', 'DogsAllowed': 'False', 'RestaurantsReservations': 'True', 'GoodForKids': 'True', 'BusinessAcceptsCreditCards': 'True', 'RestaurantsTakeOut': 'True', 'HappyHour': 'False', 'Ambience': ""{'touristy': None, 'hipster': False, 'romantic': None, 'divey': None, 'intimate': None, 'trendy': None, 'upscale': None, 'classy': None, 'casual': True}"", 'HasTV': 'True', 'RestaurantsDelivery': 'True', 'GoodForMeal': ""{'dessert': False, 'latenight': False, 'lunch': False, 'dinner': False, 'brunch': False, 'breakfast': False}""}","Restaurants, Arabic, Halal, Middle Eastern","{'Monday': '11:0-23:0', 'Tuesday': '11:0-23:0', 'Wednesday': '11:0-23:0', 'Thursday': '11:0-23:0', 'Friday': '11:0-23:0', 'Saturday': '11:0-23:0', 'Sunday': '11:0-23:0'}",92,2,7,2.5,4.586956521739131,5.0,4.0,-1.0,45,1,3,2.0,5,2,-1.0,0.5480769230769231,0.5654761904761904,0.375,0.5154151404151404,Stable,0.5857142857142856,7.0,High,Positive,Expand,"food_product_quality,pricing_value"
3eAGbHu2VFz8dVNC_dO5ow,Lorenzo's Cafe Espresso Ristorante Italiano,4741 Princeton Ave,Philadelphia,PA,19135.0,40.0273628392,-75.0379283354,4.5,58,1,"{'Alcohol': ""'none'"", 'GoodForMeal': ""{'dessert': True, 'latenight': False, 'lunch': False, 'dinner': False, 'brunch': False, 'breakfast': False}"", 'GoodForKids': 'True', 'BusinessParking': ""{'garage': False, 'street': True, 'validated': False, 'lot': False, 'valet': False}"", 'BikeParking': 'False', 'RestaurantsGoodForGroups': 'True', 'RestaurantsTableService': 'True', 'Caters': 'True', 'RestaurantsReservations': 'True', 'WheelchairAccessible': 'False', 'BusinessAcceptsCreditCards': 'False', 'DogsAllowed': 'False', 'WiFi': ""u'free'"", 'RestaurantsPriceRange2': '2', 'OutdoorSeating': 'False', 'RestaurantsAttire': ""'casual'"", 'RestaurantsDelivery': 'False', 'Corkage': 'False', 'BYOB': 'True', 'RestaurantsTakeOut': 'True', 'HappyHour': 'False', 'BusinessAcceptsBitcoin': 'False', 'Ambience': ""{'touristy': False, 'hipster': False, 'romantic': False, 'divey': False, 'intimate': False, 'trendy': False, 'upscale': False, 'classy': False, 'casual': True}"", 'HasTV': 'False', 'NoiseLevel': ""u'average'""}","Food, Italian, Breakfast & Brunch, Cafes, Coffee & Tea, Salad, Desserts, Restaurants, Sandwiches","{'Tuesday': '16:0-22:0', 'Friday': '11:0-21:0', 'Saturday': '11:0-21:0', 'Sunday': '9:0-13:0'}",62,3,2,-0.3333333333333333,4.741935483870968,4.0,5.0,1.0,83,23,12,-0.4782608695652174,-1,-11,1.0,0.4903846153846153,0.488095238095238,0.625,0.5195360195360195,Stable,0.86,5.0,High,Positive,Expand,"food_product_quality,staff_behavior"
eoj3iAmpgbRIi56yxcTQxA,Hook & Reel Cajun Seafood & Bar,9763 Roosevelt Blvd,Philadelphia,PA,19114.0,40.0852593,-75.0232518,3.5,100,1,"{'RestaurantsPriceRange2': '2', 'BusinessParking': ""{'garage': False, 'street': False, 'validated': False, 'lot': False, 'valet': True}"", 'Alcohol': ""u'full_bar'"", 'RestaurantsTakeOut': 'True', 'BikeParking': 'False', 'OutdoorSeating': 'True', 'BusinessAcceptsCreditCards': 'True', 'GoodForMeal': ""{'dessert': None, 'latenight': None, 'lunch': None, 'dinner': True, 'brunch': None, 'breakfast': None}"", 'RestaurantsReservations': 'True', 'HasTV': 'True', 'WiFi': ""u'free'"", 'RestaurantsGoodForGroups': 'True', 'NoiseLevel': ""u'average'"", 'Ambience': ""{u'divey': False, u'hipster': False, u'casual': True, u'touristy': None, u'trendy': True, u'intimate': None, u'romantic': False, u'classy': None, u'upscale': None}"", 'WheelchairAccessible': 'True', 'BusinessAcceptsBitcoin': 'False', 'HappyHour': 'True', 'RestaurantsTableService': 'True', 'DogsAllowed': 'False', 'RestaurantsDelivery': 'True', 'Caters': 'False'}","Restaurants, Seafood, Cajun/Creole","{'Monday': '0:0-0:0', 'Tuesday': '12:0-22:0', 'Wednesday': '12:0-22:0', 'Thursday': '12:0-22:0', 'Friday': '12:0-23:0', 'Saturday': '12:0-23:0', 'Sunday': '12:0-22:0'}",103,13,6,-0.5384615384615384,3.699029126213592,1.9230769230769231,3.6666666666666665,1.7435897435897434,59,4,4,0.0,-7,0,1.7435897435897434,0.4326923076923077,0.5535714285714285,0.717948717948718,0.5363756613756614,Growing,-0.0099999999999999,10.0,High,Negative,Monitor / Intervene,"food_product_quality,staff_behavior"
-n_beuzQuajaezPD2PyQvA,China Star,1600-5 N Broad St,Philadelphia,PA,19121.0,39.977976,-75.158113,3.5,15,1,"{'NoiseLevel': ""u'average'"", 'OutdoorSeating': 'False', 'RestaurantsPriceRange2': '2', 'RestaurantsGoodForGroups': 'True', 'RestaurantsReservations': 'False', 'RestaurantsTakeOut': 'True', 'GoodForKids': 'True', 'RestaurantsAttire': ""u'casual'"", 'BusinessAcceptsCreditCards': 'True', 'RestaurantsDelivery': 'True', 'BusinessParking': ""{u'valet': False, u'garage': False, u'street': None, u'lot': None, u'validated': None}"", 'GoodForMeal': ""{'dessert': False, 'latenight': False, 'lunch': False, 'dinner': False, 'brunch': False, 'breakfast': False}""}","Restaurants, Chinese","{'Monday': '11:0-23:0', 'Tuesday': '11:0-23:0', 'Wednesday': '11:0-23:0', 'Thursday': '11:0-23:0', 'Friday': '11:0-23:0', 'Saturday': '11:0-23:0', 'Sunday': '11:0-23:0'}",15,1,1,0.0,3.2666666666666666,1.0,1.0,0.0,8,0,0,,0,0,0.0,0.5,0.5535714285714285,0.5,0.5178571428571428,Stable,-0.75,2.0,High,Negative,Monitor / Intervene,"staff_behavior,food_product_quality"
JrG4NINLspXPNhSXg7Q07Q,Front Street Cafe,1253 N Front St,Philadelphia,PA,19122.0,39.9702007,-75.1356343,4.0,716,1,"{'RestaurantsTableService': 'True', 'BusinessParking': ""{'garage': False, 'street': True, 'validated': False, 'lot': True, 'valet': False}"", 'WheelchairAccessible': 'True', 'OutdoorSeating': 'True', 'RestaurantsReservations': 'True', 'CoatCheck': 'True', 'BusinessAcceptsCreditCards': 'True', 'BestNights': ""{'monday': False, 'tuesday': False, 'friday': True, 'wednesday': False, 'thursday': False, 'sunday': False, 'saturday': False}"", 'WiFi': ""u'free'"", 'BYOB': 'False', 'HasTV': 'False', 'Caters': 'True', 'BikeParking': 'True', 'BusinessAcceptsBitcoin': 'False', 'DogsAllowed': 'False', 'Smoking': ""u'no'"", 'NoiseLevel': ""u'average'"", 'GoodForKids': 'True', 'RestaurantsGoodForGroups': 'True', 'GoodForMeal': ""{'dessert': None, 'latenight': False, 'lunch': True, 'dinner': None, 'brunch': True, 'breakfast': True}"", 'RestaurantsDelivery': 'None', 'HappyHour': 'True', 'Music': ""{'dj': False}"", 'GoodForDancing': 'False', 'Ambience': ""{'touristy': False, 'hipster': True, 'romantic': False, 'divey': False, 'intimate': False, 'trendy': False, 'upscale': False, 'classy': True, 'casual': True}"", 'Alcohol': ""u'full_bar'"", 'RestaurantsTakeOut': 'True', 'RestaurantsAttire': ""u'casual'"", 'RestaurantsPriceRange2': '2'}","Coffee & Tea, Restaurants, Cafes, American (New), Cocktail Bars, Breakfast & Brunch, Vegan, Bars, Nightlife, Food, Juice Bars & Smoothies, Beer Gardens","{'Monday': '9:0-15:0', 'Wednesday': '9:0-15:0', 'Thursday': '9:0-21:0', 'Friday': '9:0-22:0', 'Saturday': '9:0-22:0', 'Sunday': '9:0-15:0'}",746,28,40,0.4285714285714285,3.8806970509383376,3.2142857142857144,3.275,0.0607142857142855,1082,23,29,0.2608695652173913,12,6,0.0607142857142855,0.6153846153846154,0.5892857142857142,0.5075892857142856,0.5827304639804639,Growing,0.1,10.0,High,Positive,Expand,"staff_behavior,food_product_quality"
7QVS6kcmc2vfp3TDCGX-Cw,Colonial Pizza,400 S 43rd St,Philadelphia,PA,19104.0,39.9513336,-75.2095376,4.0,106,1,"{'HasTV': 'True', 'BusinessParking': ""{'garage': False, 'street': True, 'validated': False, 'lot': False, 'valet': False}"", 'RestaurantsTakeOut': 'True', 'BusinessAcceptsCreditCards': 'True', 'Alcohol': ""u'beer_and_wine'"", 'RestaurantsReservations': 'False', 'NoiseLevel': ""u'quiet'"", 'RestaurantsPriceRange2': '1', 'BYOBCorkage': ""'no'"", 'RestaurantsAttire': ""'casual'"", 'WiFi': ""u'no'"", 'RestaurantsGoodForGroups': 'True', 'RestaurantsDelivery': 'True', 'OutdoorSeating': 'False', 'GoodForKids': 'True', 'Caters': 'True', 'BikeParking': 'True', 'GoodForMeal': ""{'dessert': False, 'latenight': False, 'lunch': True, 'dinner': True, 'brunch': False, 'breakfast': False}"", 'Ambience': ""{'touristy': False, 'hipster': False, 'romantic': False, 'divey': None, 'intimate': False, 'trendy': False, 'upscale': False, 'classy': False, 'casual': True}""}","Restaurants, Pizza","{'Monday': '11:0-0:0', 'Tuesday': '11:0-0:0', 'Wednesday': '11:0-0:0', 'Thursday': '11:0-0:0', 'Friday': '11:0-0:0', 'Saturday': '11:0-0:0', 'Sunday': '12:0-0:0'}",109,1,1,0.0,3.770642201834862,5.0,5.0,0.0,80,1,1,0.0,0,0,0.0,0.5,0.5535714285714285,0.5,0.5178571428571428,Stable,0.8500000000000001,2.0,High,Positive,Expand,"food_product_quality,service_speed"
4EXm70lqkCxZ-WtgNon8sw,Gabriella's Vietnam,1837 E Passyunk Ave,Philadelphia,PA,19148.0,39.926913,-75.166609,4.0,48,1,"{'RestaurantsTableService': 'True', 'RestaurantsAttire': ""u'casual'"", 'Ambience': ""{u'divey': False, u'hipster': False, u'casual': False, u'touristy': False, u'trendy': False, u'intimate': False, u'romantic': False, u'classy': True, u'upscale': False}"", 'RestaurantsTakeOut': 'True', 'RestaurantsGoodForGroups': 'True', 'GoodForMeal': ""{u'breakfast': None, u'brunch': None, u'lunch': None, u'dinner': True, u'latenight': None, u'dessert': None}"", 'RestaurantsDelivery': 'True', 'OutdoorSeating': 'True'}","Restaurants, Asian Fusion, Seafood, Steakhouses","{'Tuesday': '17:0-22:0', 'Wednesday': '17:0-22:0', 'Thursday': '17:0-22:0', 'Friday': '17:0-22:0', 'Saturday': '17:0-22:0', 'Sunday': '11:0-15:0'}",48,27,21,-0.2222222222222222,4.0625,4.111111111111111,4.0,-0.1111111111111107,31,9,22,1.4444444444444444,-6,13,-0.1111111111111107,0.4423076923076923,0.6309523809523809,0.4861111111111111,0.5149233482566815,Stable,0.49,10.0,High,Positive,Expand,"food_product_quality,staff_behavior"
sg4zySgp0Al1WNk-JhTbHQ,McDonald's,2211 Stenton Ave,Philadelphia,PA,19141.0,40.0558378767,-75.1578596234,1.5,17,1,"{'OutdoorSeating': 'False', 'Caters': 'False', 'GoodForKids': 'True', 'RestaurantsPriceRange2': '1', 'RestaurantsTakeOut': 'True', 'BusinessAcceptsCreditCards': 'True', 'RestaurantsAttire': ""'casual'"", 'RestaurantsGoodForGroups': 'True', 'Alcohol': ""'none'"", 'HasTV': 'True', 'RestaurantsReservations': 'False', 'RestaurantsDelivery': 'True', 'Ambience': ""{'romantic': False, 'intimate': False, 'classy': False, 'hipster': False, 'divey': False, 'touristy': False, 'trendy': False, 'upscale': False, 'casual': False}"", 'WiFi': ""'free'"", 'GoodForMeal': ""{'dessert': False, 'latenight': False, 'lunch': False, 'dinner': False, 'brunch': False, 'breakfast': False}"", 'BikeParking': 'True', 'BusinessParking': ""{'garage': False, 'street': False, 'validated': False, 'lot': True, 'valet': False}"", 'DriveThru': 'True'}","Food, Burgers, Coffee & Tea, Restaurants, Fast Food","{'Monday': '0:0-0:0', 'Tuesday': '0:0-0:0', 'Wednesday': '0:0-0:0', 'Thursday': '0:0-0:0', 'Friday': '0:0-0:0', 'Saturday': '0:0-0:0', 'Sunday': '0:0-0:0'}",19,1,1,0.0,1.4210526315789471,1.0,1.0,0.0,61,0,0,,0,0,0.0,0.5,0.5535714285714285,0.5,0.5178571428571428,Stable,-0.7,2.0,High,Negative,Monitor / Intervene,"staff_behavior,order_accuracy_wait_time"
7LskDbqERsCsiPNKjmNnrA,Mr Wings,500 W Oregon Ave,Philadelphia,PA,19148.0,39.914561,-75.156783,3.5,43,1,"{'NoiseLevel': ""u'quiet'"", 'RestaurantsPriceRange2': '1', 'Alcohol': ""u'none'"", 'BusinessAcceptsBitcoin': 'False', 'RestaurantsGoodForGroups': 'False', 'RestaurantsTakeOut': 'True', 'RestaurantsDelivery': 'True', 'BusinessParking': ""{'garage': False, 'street': False, 'validated': False, 'lot': False, 'valet': False}"", 'WiFi': ""u'no'"", 'RestaurantsReservations': 'False', 'BikeParking': 'True', 'Caters': 'True', 'RestaurantsAttire': ""u'casual'"", 'HasTV': 'True', 'BusinessAcceptsCreditCards': 'True', 'OutdoorSeating': 'False', 'GoodForMeal': ""{'dessert': False, 'latenight': False, 'lunch': True, 'dinner': True, 'brunch': False, 'breakfast': False}"", 'Ambience': ""{'touristy': None, 'hipster': False, 'romantic': None, 'divey': None, 'intimate': None, 'trendy': None, 'upscale': False, 'classy': True, 'casual': True}"", 'HappyHour': 'False', 'GoodForKids': 'True', 'RestaurantsTableService': 'False', 'ByAppointmentOnly': 'False', 'WheelchairAccessible': 'True'}","Chicken Wings, Sandwiches, Pizza, Restaurants","{'Monday': '11:0-21:30', 'Tuesday': '11:0-21:30', 'Wednesday': '11:0-21:30', 'Thursday': '11:0-21:30', 'Friday': '11:0-21:30', 'Saturday': '11:0-21:30', 'Sunday': '11:0-20:30'}",43,1,3,2.0,3.441860465116279,2.0,3.6666666666666665,1.6666666666666663,27,0,0,,2,0,1.6666666666666663,0.5192307692307693,0.5535714285714285,0.7083333333333333,0.5727004477004476,Growing,0.1625,4.0,High,Positive,Expand,"food_product_quality,pricing_value"
sL6fC0P4C-gyL4E5gacUeQ,Lazaro's Pizzeria & Grill,1743 South St,Philadelphia,PA,19146.0,39.944571,-75.171679,4.0,368,1,"{'Alcohol': ""'none'"", 'RestaurantsAttire': ""'casual'"", 'Caters': 'True', 'GoodForKids': 'True', 'WiFi': ""u'no'"", 'BYOBCorkage': ""'no'"", 'HasTV': 'True', 'RestaurantsReservations': 'False', 'RestaurantsPriceRange2': '1', 'BusinessAcceptsCreditCards': 'False', 'BikeParking': 'True', 'BusinessParking': ""{'garage': False, 'street': True, 'validated': False, 'lot': False, 'valet': False}"", 'RestaurantsGoodForGroups': 'True', 'DogsAllowed': 'False', 'NoiseLevel': ""u'average'"", 'GoodForMeal': ""{'dessert': False, 'latenight': False, 'lunch': True, 'dinner': True, 'brunch': False, 'breakfast': False}"", 'RestaurantsTakeOut': 'True', 'OutdoorSeating': 'None', 'RestaurantsTableService': 'False', 'RestaurantsDelivery': 'True', 'Ambience': ""{u'divey': None, u'hipster': False, u'casual': True, u'touristy': False, u'trendy': False, u'intimate': False, u'romantic': False, u'classy': False, u'upscale': False}"", 'WheelchairAccessible': 'True'}","Sandwiches, Restaurants, Pizza, Italian, Salad","{'Monday': '11:0-22:0', 'Tuesday': '11:0-22:0', 'Wednesday': '11:0-22:0', 'Thursday': '11:0-22:0', 'Friday': '11:0-23:0', 'Saturday': '11:0-23:0', 'Sunday': '12:0-21:30'}",382,6,12,1.0,3.895287958115184,4.0,4.083333333333333,0.083333333333333,433,2,5,1.5,6,3,0.083333333333333,0.5576923076923077,0.5714285714285714,0.5104166666666666,0.5517653642653643,Growing,0.48,10.0,High,Positive,Expand,"food_product_quality,order_accuracy_wait_time"
Fh7pRpok9KtmrXuY78xeug,Hao Wah Chinese Restaurant,1713 S Dale Mabry Hwy,Tampa,FL,33629.0,27.9276541,-82.5063009,3.5,186,1,"{'BusinessParking': ""{'garage': False, 'street': False, 'validated': False, 'lot': True, 'valet': False}"", 'GoodForKids': 'True', 'RestaurantsTakeOut': 'True', 'RestaurantsAttire': ""u'casual'"", 'BusinessAcceptsCreditCards': 'True', 'BikeParking': 'True', 'NoiseLevel': ""u'average'"", 'WiFi': ""u'no'"", 'OutdoorSeating': 'False', 'RestaurantsDelivery': 'True', 'Alcohol': ""'beer_and_wine'"", 'RestaurantsGoodForGroups': 'True', 'Caters': 'True', 'RestaurantsReservations': 'False', 'HappyHour': 'False', 'HasTV': 'True', 'CoatCheck': 'False', 'Music': ""{'dj': False, 'background_music': False, 'no_music': False, 'jukebox': False, 'live': False, 'video': False, 'karaoke': False}"", 'GoodForMeal': ""{u'breakfast': False, u'brunch': False, u'lunch': True, u'dinner': True, u'latenight': False, u'dessert': None}"", 'Ambience': ""{u'divey': False, u'hipster': False, u'casual': True, u'touristy': False, u'trendy': None, u'intimate': None, u'romantic': False, u'classy': False, u'upscale': False}"", 'RestaurantsTableService': 'True', 'RestaurantsPriceRange2': '2'}","Bars, Chinese, Nightlife, Restaurants, Vietnamese","{'Tuesday': '11:0-21:0', 'Wednesday': '11:0-21:0', 'Thursday': '11:0-21:0', 'Friday': '11:0-21:0', 'Saturday': '11:0-21:0', 'Sunday': '11:0-21:0'}",195,7,9,0.2857142857142857,3.2153846153846155,3.857142857142857,4.777777777777778,0.9206349206349204,221,5,10,1.0,2,5,0.9206349206349204,0.5192307692307693,0.5833333333333333,0.615079365079365,0.5618979785646452,Growing,0.587,10.0,High,Positive,Expand,"food_product_quality,pricing_value"
SBDsWNjuMFTpUDgebenNDw,Outback Steakhouse,11950 Sheldon Rd,Tampa,FL,33626.0,28.0577509632,-82.5832233528,3.0,112,1,"{'RestaurantsGoodForGroups': 'True', 'NoiseLevel': ""'average'"", 'RestaurantsTakeOut': 'True', 'BikeParking': 'False', 'BusinessParking': ""{'garage': False, 'street': False, 'validated': False, 'lot': True, 'valet': False}"", 'Caters': 'True', 'GoodForKids': 'True', 'Ambience': ""{'romantic': False, 'intimate': False, 'touristy': False, 'hipster': False, 'divey': False, 'classy': False, 'trendy': False, 'upscale': False, 'casual': True}"", 'RestaurantsReservations': 'True', 'RestaurantsAttire': ""u'casual'"", 'BusinessAcceptsCreditCards': 'True', 'Alcohol': ""'full_bar'"", 'RestaurantsPriceRange2': '2', 'CoatCheck': 'False', 'RestaurantsTableService': 'True', 'WiFi': ""'free'"", 'HappyHour': 'True', 'OutdoorSeating': 'True', 'HasTV': 'True', 'RestaurantsDelivery': 'True', 'GoodForMeal': ""{u'breakfast': False, u'brunch': False, u'lunch': True, u'dinner': True, u'latenight': None, u'dessert': True}""}","Restaurants, Steakhouses","{'Monday': '0:0-0:0', 'Tuesday': '11:0-22:0', 'Wednesday': '11:0-22:0', 'Thursday': '11:0-22:0', 'Friday': '11:0-23:0', 'Saturday': '11:0-23:0', 'Sunday': '11:0-21:30'}",122,7,4,-0.4285714285714285,2.942622950819672,3.2857142857142856,1.75,-1.5357142857142856,494,8,11,0.375,-3,3,-1.5357142857142856,0.4711538461538461,0.5714285714285714,0.3080357142857143,0.4683302808302807,Declining,-0.1166666666666666,9.0,Low,Negative,Reassess,"staff_behavior,food_product_quality"
03jQGGJ2ch0uHTtW-UUUqg,Famous 4th Street Delicatessen,700 S 4th St,Philadelphia,PA,19147.0,39.9404915,-75.1496827,4.0,620,1,"{'RestaurantsAttire': ""'casual'"", 'Alcohol': ""u'none'"", 'RestaurantsPriceRange2': '2', 'WiFi': ""u'no'"", 'NoiseLevel': ""u'average'"", 'RestaurantsGoodForGroups': 'True', 'Caters': 'True', 'BusinessAcceptsCreditCards': 'True', 'GoodForKids': 'True', 'Ambience': ""{'romantic': False, 'intimate': False, 'touristy': False, 'hipster': False, 'divey': False, 'classy': False, 'trendy': False, 'upscale': False, 'casual': True}"", 'BikeParking': 'True', 'BYOBCorkage': ""'yes_free'"", 'Corkage': 'False', 'RestaurantsReservations': 'False', 'BusinessParking': ""{'garage': False, 'street': True, 'validated': False, 'lot': False, 'valet': False}"", 'GoodForMeal': ""{'dessert': False, 'latenight': False, 'lunch': True, 'dinner': False, 'brunch': True, 'breakfast': True}"", 'RestaurantsDelivery': 'True', 'OutdoorSeating': 'False', 'RestaurantsTableService': 'True', 'RestaurantsTakeOut': 'True', 'HasTV': 'True', 'DogsAllowed': 'False'}","Bakeries, Breakfast & Brunch, Delis, Restaurants, Food, Sandwiches, Desserts","{'Monday': '9:0-20:0', 'Tuesday': '9:0-20:0', 'Wednesday': '9:0-20:0', 'Thursday': '9:0-20:0', 'Friday': '9:0-20:0', 'Saturday': '9:0-20:0', 'Sunday': '9:0-20:0'}",635,26,23,-0.1153846153846153,4.0236220472440944,4.1923076923076925,3.8260869565217392,-0.3662207357859532,1049,26,21,-0.1923076923076923,-3,-5,-0.3662207357859532,0.4711538461538461,0.5238095238095237,0.4542224080267558,0.4849431968997185,Declining,0.635,10.0,Low,Positive,Growth Opportunity,"food_product_quality,staff_behavior"
Qm8pSLYuVS7eIyOx5YsWBw,Glory Beer Bar & Kitchen,126 Chestnut St,Philadelphia,PA,19106.0,39.9481792,-75.1435446,4.5,203,1,"{'OutdoorSeating': 'True', 'RestaurantsTakeOut': 'True', 'BusinessAcceptsBitcoin': 'False', 'Alcohol': ""u'full_bar'"", 'NoiseLevel': ""u'average'"", 'CoatCheck': 'False', 'Caters': 'False', 'Corkage': 'False', 'RestaurantsTableService': 'True', 'WiFi': ""u'free'"", 'HasTV': 'True', 'RestaurantsPriceRange2': '2', 'Music': ""{'dj': False, 'background_music': False, 'no_music': False, 'jukebox': False, 'live': False, 'video': False, 'karaoke': None}"", 'HappyHour': 'True', 'Smoking': ""u'no'"", 'RestaurantsReservations': 'True', 'GoodForDancing': 'False', 'Ambience': ""{'touristy': False, 'hipster': False, 'romantic': False, 'divey': False, 'intimate': False, 'trendy': False, 'upscale': False, 'classy': True, 'casual': False}"", 'BestNights': ""{'monday': False, 'tuesday': False, 'friday': False, 'wednesday': False, 'thursday': False, 'sunday': False, 'saturday': True}"", 'BusinessAcceptsCreditCards': 'True', 'DogsAllowed': 'True', 'BikeParking': 'True', 'RestaurantsGoodForGroups': 'True', 'BYOB': 'False', 'RestaurantsDelivery': 'True', 'WheelchairAccessible': 'True', 'BusinessParking': ""{'garage': True, 'street': True, 'validated': False, 'lot': True, 'valet': False}"", 'GoodForMeal': ""{u'breakfast': None, u'brunch': None, u'lunch': None, u'dinner': True, u'latenight': None, u'dessert': None}""}","American (New), Local Flavor, Bars, Restaurants, Gastropubs, Nightlife, Beer Bar, Sandwiches","{'Monday': '15:0-2:0', 'Tuesday': '16:0-2:0', 'Wednesday': '16:0-2:0', 'Thursday': '12:0-2:0', 'Friday': '12:0-2:0', 'Saturday': '12:0-2:0', 'Sunday': '12:0-2:0'}",207,13,17,0.3076923076923077,4.647342995169082,4.538461538461538,4.470588235294118,-0.0678733031674205,215,19,22,0.1578947368421052,4,3,-0.0678733031674205,0.5384615384615384,0.5714285714285714,0.4915158371040724,0.5390181713711125,Growing,0.889,10.0,High,Positive,Expand,"staff_behavior,food_product_quality"
u-xGrOvBv1bxtpAHk-SZ5w,Vegan Commissary,1429 Wolf St,Philadelphia,PA,19145.0,39.9221978,-75.1714459,4.5,144,1,"{'Ambience': ""{'touristy': False, 'hipster': False, 'romantic': False, 'divey': False, 'intimate': False, 'trendy': False, 'upscale': False, 'classy': False, 'casual': True}"", 'WiFi': ""u'no'"", 'HasTV': 'False', 'OutdoorSeating': 'True', 'Alcohol': ""u'none'"", 'BikeParking': 'True', 'RestaurantsTakeOut': 'True', 'GoodForKids': 'True', 'RestaurantsPriceRange2': '2', 'RestaurantsGoodForGroups': 'True', 'RestaurantsReservations': 'False', 'GoodForMeal': ""{'dessert': False, 'latenight': False, 'lunch': False, 'dinner': False, 'brunch': True, 'breakfast': False}"", 'BusinessAcceptsCreditCards': 'True', 'RestaurantsAttire': ""u'casual'"", 'BusinessParking': ""{'garage': False, 'street': True, 'validated': False, 'lot': False, 'valet': False}"", 'NoiseLevel': ""u'average'"", 'Corkage': 'False', 'WheelchairAccessible': 'False', 'BusinessAcceptsBitcoin': 'False', 'HappyHour': 'True', 'RestaurantsDelivery': 'True', 'RestaurantsTableService': 'False', 'Caters': 'True', 'BYOB': 'True', 'DogsAllowed': 'True'}","Desserts, Restaurants, Caterers, Event Planning & Services, Salad, Sandwiches, American (Traditional), Vegan, Soul Food, Food, American (New), Bakeries","{'Thursday': '10:0-18:0', 'Friday': '10:0-18:0', 'Saturday': '10:0-15:0', 'Sunday': '10:0-15:0'}",147,6,1,-0.8333333333333334,4.435374149659864,4.166666666666667,5.0,0.833333333333333,121,1,0,-1.0,-5,-1,0.833333333333333,0.4519230769230769,0.5476190476190476,0.6041666666666666,0.5176536426536427,Stable,0.5833333333333334,6.0,High,Positive,Expand,"food_product_quality,staff_behavior"
j6dvIfAzbHccoySvaqjT4w,Burger 21 - New Tampa,20304 Trout Creek Dr,Tampa,FL,33647.0,28.1633912,-82.3543013,3.5,236,1,"{'BikeParking': 'True', 'HasTV': 'False', 'WiFi': ""'free'"", 'BusinessParking': ""{'garage': False, 'street': False, 'validated': False, 'lot': True, 'valet': False}"", 'BusinessAcceptsCreditCards': 'True', 'Caters': 'True', 'RestaurantsTakeOut': 'True', 'NoiseLevel': ""u'average'"", 'RestaurantsGoodForGroups': 'True', 'OutdoorSeating': 'True', 'Alcohol': ""u'beer_and_wine'"", 'RestaurantsTableService': 'False', 'ByAppointmentOnly': 'False', 'RestaurantsAttire': ""u'casual'"", 'RestaurantsPriceRange2': '2', 'HappyHour': 'False', 'DriveThru': 'False', 'RestaurantsReservations': 'False', 'WheelchairAccessible': 'True', 'GoodForKids': 'True', 'DogsAllowed': 'True', 'Ambience': ""{u'divey': False, u'hipster': False, u'casual': True, u'touristy': False, u'trendy': None, u'intimate': False, u'romantic': False, u'classy': False, u'upscale': False}"", 'GoodForMeal': ""{'dessert': None, 'latenight': False, 'lunch': True, 'dinner': True, 'brunch': False, 'breakfast': False}"", 'RestaurantsDelivery': 'True'}","Restaurants, Burgers, Desserts, Food, Hot Dogs, American (Traditional)","{'Monday': '0:0-0:0', 'Tuesday': '11:0-18:0', 'Wednesday': '11:0-21:0', 'Thursday': '11:0-21:0', 'Friday': '11:0-21:30', 'Saturday': '11:0-21:30', 'Sunday': '11:0-21:0'}",252,6,5,-0.1666666666666666,3.563492063492064,2.6666666666666665,3.0,0.3333333333333335,385,5,2,-0.6,-1,-3,0.3333333333333335,0.4903846153846153,0.5357142857142856,0.5416666666666667,0.5168905168905168,Stable,-0.0099999999999999,10.0,High,Negative,Monitor / Intervene,"food_product_quality,order_accuracy_wait_time"
QV3Xa_GBeMdm7rOS4EaxVQ,Ming Gardens Restaurant,2601 N Tampa St,Tampa,FL,33602.0,27.9671434644,-82.4606386877,4.0,41,1,"{'RestaurantsTakeOut': 'True', 'OutdoorSeating': 'False', 'RestaurantsPriceRange2': '1', 'RestaurantsAttire': ""u'casual'"", 'WiFi': ""'no'"", 'BusinessParking': ""{'garage': False, 'street': False, 'validated': False, 'lot': True, 'valet': False}"", 'Alcohol': ""u'none'"", 'BusinessAcceptsCreditCards': 'True', 'RestaurantsDelivery': 'True', 'GoodForKids': 'True', 'NoiseLevel': ""'average'"", 'RestaurantsReservations': 'False', 'Caters': 'False', 'GoodForMeal': ""{'dessert': False, 'latenight': False, 'lunch': True, 'dinner': True, 'brunch': False, 'breakfast': False}"", 'BikeParking': 'True', 'RestaurantsGoodForGroups': 'False', 'HasTV': 'True', 'Ambience': ""{u'divey': None, u'hipster': False, u'casual': None, u'touristy': None, u'trendy': None, u'intimate': None, u'romantic': False, u'classy': None, u'upscale': False}""}","Restaurants, Chinese","{'Monday': '10:30-22:30', 'Tuesday': '10:30-22:30', 'Wednesday': '10:30-22:30', 'Thursday': '10:30-22:30', 'Friday': '10:30-23:0', 'Saturday': '10:30-23:0', 'Sunday': '11:0-22:30'}",43,3,5,0.6666666666666666,3.976744186046512,4.0,4.2,0.2000000000000001,25,0,3,,2,3,0.2000000000000001,0.5192307692307693,0.5714285714285714,0.525,0.5379120879120879,Growing,0.4625,8.0,High,Positive,Expand,"food_product_quality,pricing_value"
vXQLdqB-stL2JTP5AsPVaA,Samurai Blue Sushi & Sake Bar,"1600 E 8th Ave, Ste C208",Tampa,FL,33605.0,27.9608345486,-82.4417488807,4.0,504,1,"{'BYOBCorkage': ""'no'"", 'Alcohol': ""u'full_bar'"", 'RestaurantsGoodForGroups': 'True', 'BikeParking': 'True', 'HasTV': 'False', 'WiFi': ""u'no'"", 'RestaurantsPriceRange2': '2', 'NoiseLevel': ""u'average'"", 'GoodForKids': 'False', 'BusinessAcceptsCreditCards': 'True', 'RestaurantsReservations': 'True', 'Caters': 'False', 'RestaurantsAttire': ""u'casual'"", 'BusinessParking': ""{'garage': True, 'street': False, 'validated': False, 'lot': False, 'valet': False}"", 'Ambience': ""{'touristy': False, 'hipster': False, 'romantic': False, 'divey': False, 'intimate': False, 'trendy': True, 'upscale': False, 'classy': True, 'casual': False}"", 'RestaurantsTakeOut': 'True', 'GoodForMeal': ""{'dessert': False, 'latenight': None, 'lunch': None, 'dinner': True, 'brunch': False, 'breakfast': False}"", 'DogsAllowed': 'False', 'OutdoorSeating': 'None', 'RestaurantsDelivery': 'True'}","Restaurants, Japanese, Soup, Sushi Bars","{'Monday': '17:0-23:0', 'Tuesday': '17:0-23:0', 'Wednesday': '17:0-0:0', 'Thursday': '17:0-0:0', 'Friday': '17:0-1:0', 'Saturday': '17:0-1:0', 'Sunday': '17:0-23:0'}",521,18,19,0.0555555555555555,3.8483685220729367,3.0,3.3157894736842106,0.3157894736842106,1108,18,9,-0.5,1,-9,0.3157894736842106,0.5096153846153846,0.4999999999999999,0.5394736842105263,0.5130454340980656,Declining,0.0189999999999999,10.0,Low,Positive,Growth Opportunity,"food_product_quality,staff_behavior"
jWljp4qLuqr968VFA4EWrQ,Jimmy John's,12821 N Dale Mabry Hwy,Tampa,FL,33618.0,28.063892,-82.504096,3.0,26,1,"{'RestaurantsGoodForGroups': 'True', 'Ambience': ""{'romantic': False, 'intimate': False, 'classy': False, 'hipster': False, 'divey': False, 'touristy': False, 'trendy': False, 'upscale': False, 'casual': True}"", 'BusinessAcceptsCreditCards': 'True', 'NoiseLevel': ""u'average'"", 'OutdoorSeating': 'True', 'RestaurantsAttire': ""u'casual'"", 'GoodForKids': 'True', 'RestaurantsDelivery': 'True', 'BikeParking': 'True', 'Alcohol': ""u'none'"", 'BusinessParking': ""{'garage': False, 'street': False, 'validated': False, 'lot': True, 'valet': False}"", 'RestaurantsReservations': 'False', 'RestaurantsPriceRange2': '1', 'WheelchairAccessible': 'True', 'HasTV': 'True', 'Caters': 'True', 'RestaurantsTakeOut': 'True', 'DriveThru': 'True', 'WiFi': ""'no'"", 'HappyHour': 'False'}","Food Delivery Services, Sandwiches, Food, Fast Food, Delis, Restaurants","{'Monday': '11:0-21:0', 'Tuesday': '11:0-21:0', 'Wednesday': '11:0-21:0', 'Thursday': '11:0-21:0', 'Friday': '11:0-21:0', 'Saturday': '11:0-21:0', 'Sunday': '11:0-21:0'}",28,1,1,0.0,3.25,5.0,5.0,0.0,92,2,0,-1.0,0,-2,0.0,0.5,0.5416666666666666,0.5,0.5138888888888888,Stable,0.8500000000000001,2.0,High,Positive,Expand,"service_speed,staff_behavior"
3lsE-1hRI526KHKbeytPcg,Tower Style Pizza,132 S 20th St,Philadelphia,PA,19103.0,39.9508923,-75.1739047,2.0,144,1,"{'BusinessParking': ""{'garage': False, 'street': True, 'validated': False, 'lot': False, 'valet': False}"", 'BYOBCorkage': ""'yes_free'"", 'GoodForKids': 'False', 'Corkage': 'False', 'RestaurantsGoodForGroups': 'False', 'Alcohol': ""u'none'"", 'RestaurantsAttire': ""u'casual'"", 'RestaurantsPriceRange2': '1', 'BusinessAcceptsCreditCards': 'False', 'OutdoorSeating': 'False', 'RestaurantsTakeOut': 'True', 'WiFi': ""u'no'"", 'BikeParking': 'True', 'RestaurantsDelivery': 'True', 'RestaurantsReservations': 'False', 'NoiseLevel': ""u'very_loud'"", 'HasTV': 'True', 'Caters': 'False', 'Ambience': ""{'touristy': False, 'hipster': False, 'romantic': False, 'divey': True, 'intimate': False, 'trendy': False, 'upscale': False, 'classy': True, 'casual': False}""}","Pizza, Restaurants","{'Monday': '11:0-2:0', 'Tuesday': '11:0-2:0', 'Wednesday': '11:0-2:0', 'Thursday': '11:0-2:0', 'Friday': '11:0-5:0', 'Saturday': '11:0-5:0', 'Sunday': '12:0-2:0'}",149,3,3,0.0,1.9463087248322148,2.333333333333333,2.333333333333333,0.0,60,0,0,,0,0,0.0,0.5,0.5535714285714285,0.5,0.5178571428571428,Stable,-0.2833333333333334,6.0,High,Negative,Monitor / Intervene,"food_product_quality,staff_behavior"
kfRkKRVlaPAYOraik4JVXQ,Marco's Pizza,"4711 W Gandy Blvd, Ste 1",Tampa,FL,33611.0,27.8937509,-82.5256729,3.5,51,1,"{'GoodForKids': 'True', 'NoiseLevel': ""u'average'"", 'Alcohol': ""u'none'"", 'RestaurantsDelivery': 'True', 'WiFi': ""u'no'"", 'Ambience': ""{'romantic': False, 'intimate': False, 'classy': False, 'hipster': False, 'divey': False, 'touristy': False, 'trendy': False, 'upscale': False, 'casual': True}"", 'RestaurantsPriceRange2': '2', 'BusinessParking': ""{'garage': False, 'street': False, 'validated': False, 'lot': True, 'valet': False}"", 'HasTV': 'True', 'RestaurantsTakeOut': 'True', 'BusinessAcceptsCreditCards': 'True', 'RestaurantsAttire': ""u'casual'"", 'RestaurantsGoodForGroups': 'True', 'RestaurantsReservations': 'False', 'Caters': 'True', 'BikeParking': 'True', 'OutdoorSeating': 'False'}","Restaurants, Pizza","{'Monday': '11:0-22:0', 'Tuesday': '11:0-22:0', 'Wednesday': '11:0-22:0', 'Thursday': '11:0-22:0', 'Friday': '11:0-23:0', 'Saturday': '11:0-23:0', 'Sunday': '11:0-22:0'}",53,1,2,1.0,3.4150943396226414,2.0,1.0,-1.0,35,0,0,,1,0,-1.0,0.5096153846153846,0.5535714285714285,0.375,0.4943528693528692,Declining,-0.3,3.0,Low,Negative,Reassess,"food_product_quality,order_accuracy_wait_time"
MzFhaFNbE03zF84BPkN7yQ,Sang Kee Noodle House,3549 Chestnut St,Philadelphia,PA,19104.0,39.9548759225,-75.1939325212,3.0,417,1,"{'RestaurantsReservations': 'True', 'Caters': 'True', 'RestaurantsAttire': ""u'casual'"", 'RestaurantsDelivery': 'True', 'RestaurantsTakeOut': 'True', 'Alcohol': ""u'full_bar'"", 'BusinessParking': ""{'garage': True, 'street': True, 'validated': True, 'lot': False, 'valet': False}"", 'RestaurantsGoodForGroups': 'True', 'OutdoorSeating': 'True', 'WiFi': ""u'no'"", 'NoiseLevel': ""u'average'"", 'BusinessAcceptsCreditCards': 'True', 'BikeParking': 'True', 'GoodForKids': 'True', 'Ambience': ""{'touristy': False, 'hipster': False, 'romantic': False, 'divey': False, 'intimate': False, 'trendy': False, 'upscale': False, 'classy': True, 'casual': True}"", 'GoodForMeal': ""{'dessert': False, 'latenight': False, 'lunch': True, 'dinner': True, 'brunch': False, 'breakfast': False}"", 'RestaurantsPriceRange2': '2', 'HasTV': 'True', 'WheelchairAccessible': 'True', 'HappyHour': 'True', 'RestaurantsTableService': 'True'}","Restaurants, Ethnic Food, Noodles, Food, Dim Sum, Specialty Food, Chinese","{'Monday': '11:0-21:30', 'Tuesday': '11:0-21:30', 'Wednesday': '11:0-21:30', 'Thursday': '11:0-21:30', 'Friday': '11:0-22:30', 'Saturday': '11:0-22:30', 'Sunday': '11:0-21:30'}",442,5,9,0.8,3.2058823529411766,4.8,3.555555555555556,-1.2444444444444445,1104,3,5,0.6666666666666666,4,2,-1.2444444444444445,0.5384615384615384,0.5654761904761904,0.3444444444444444,0.5043515126848459,Declining,0.6559999999999999,10.0,Low,Positive,Growth Opportunity,"food_product_quality,pricing_value"
uJBnnlqKIkfMq1H0RhfhJg,Burger King,2601 E Hillsborough Ave,Tampa,FL,33610.0,27.9957442702,-82.4304279685,1.5,17,1,"{'RestaurantsReservations': 'False', 'BusinessAcceptsCreditCards': 'True', 'Ambience': ""{'touristy': False, 'hipster': False, 'romantic': False, 'divey': False, 'intimate': False, 'trendy': False, 'upscale': False, 'classy': False, 'casual': False}"", 'DriveThru': 'True', 'GoodForMeal': ""{'dessert': False, 'latenight': False, 'lunch': False, 'dinner': False, 'brunch': False, 'breakfast': False}"", 'RestaurantsDelivery': 'True', 'RestaurantsPriceRange2': '1', 'RestaurantsTakeOut': 'False', 'RestaurantsGoodForGroups': 'True', 'GoodForKids': 'True', 'BusinessParking': ""{u'valet': False, u'garage': False, u'street': False, u'lot': True, u'validated': False}""}","Burgers, Fast Food, Restaurants","{'Monday': '5:0-0:0', 'Tuesday': '5:0-0:0', 'Wednesday': '5:0-0:0', 'Thursday': '5:0-0:0', 'Friday': '0:0-0:0', 'Saturday': '0:0-0:0', 'Sunday': '5:0-0:0'}",19,3,3,0.0,1.5789473684210529,1.0,1.0,0.0,16,0,0,,0,0,0.0,0.5,0.5535714285714285,0.5,0.5178571428571428,Stable,-0.7000000000000001,6.0,High,Negative,Monitor / Intervene,"staff_behavior,order_accuracy_wait_time"
a8_zOZgxg3lNsEyanuwluw,Burger Monger,3838 W Neptune St,Tampa,FL,33629.0,27.9299708878,-82.507670467,3.5,149,1,"{'NoiseLevel': ""'average'"", 'WiFi': ""'free'"", 'RestaurantsTakeOut': 'True', 'Ambience': ""{'romantic': False, 'intimate': False, 'classy': False, 'hipster': False, 'divey': False, 'touristy': False, 'trendy': False, 'upscale': False, 'casual': True}"", 'RestaurantsPriceRange2': '2', 'Caters': 'True', 'BusinessParking': ""{'garage': False, 'street': False, 'validated': False, 'lot': True, 'valet': False}"", 'BikeParking': 'True', 'Alcohol': ""'beer_and_wine'"", 'GoodForMeal': ""{'dessert': None, 'latenight': False, 'lunch': True, 'dinner': True, 'brunch': False, 'breakfast': False}"", 'HasTV': 'True', 'GoodForKids': 'True', 'OutdoorSeating': 'True', 'RestaurantsAttire': ""'casual'"", 'WheelchairAccessible': 'True', 'RestaurantsTableService': 'False', 'RestaurantsGoodForGroups': 'True', 'DriveThru': 'False', 'BusinessAcceptsCreditCards': 'True', 'RestaurantsReservations': 'False', 'DogsAllowed': 'True', 'RestaurantsDelivery': 'True'}","Restaurants, American (New), Hot Dogs, Burgers","{'Monday': '11:0-22:0', 'Tuesday': '11:0-22:0', 'Wednesday': '11:0-22:0', 'Thursday': '11:0-22:0', 'Friday': '11:0-22:0', 'Saturday': '11:0-22:0', 'Sunday': '11:0-21:0'}",157,6,8,0.3333333333333333,3.713375796178344,3.6666666666666665,4.875,1.2083333333333337,206,1,1,0.0,2,0,1.2083333333333337,0.5192307692307693,0.5535714285714285,0.6510416666666667,0.5599689662189662,Growing,0.34,10.0,High,Positive,Expand,"food_product_quality,staff_behavior"
309eD1s4UG_TkBNHUKAzYA,Pizzeataly,5521 Hanley Rd,Tampa,FL,33634.0,27.9990821912,-82.562127414,4.5,9,1,"{'RestaurantsTakeOut': 'None', 'RestaurantsDelivery': 'None', 'OutdoorSeating': 'True', 'BusinessParking': ""{u'valet': False, u'garage': None, u'street': True, u'lot': None, u'validated': None}"", 'RestaurantsPriceRange2': '1'}","Restaurants, Food, Food Trucks, Italian, Pizza",,10,5,2,-0.6,4.6,5.0,3.5,-1.5,18,7,7,0.0,-3,0,-1.5,0.4711538461538461,0.5535714285714285,0.3125,0.4633699633699633,Declining,0.75,7.0,Low,Positive,Growth Opportunity,"food_product_quality,staff_behavior"
ObL38c-q8O9Fe-JErYG6Xw,China One,19024 Bruce B Downs Blvd,Tampa,FL,33647.0,28.144697,-82.354986,2.0,12,1,"{'BusinessAcceptsCreditCards': 'True', 'BusinessParking': 'None', 'RestaurantsTakeOut': 'True', 'RestaurantsReservations': 'False'}","Chinese, Restaurants","{'Monday': '11:0-22:0', 'Tuesday': '11:0-22:0', 'Wednesday': '11:0-22:0', 'Thursday': '11:0-22:0', 'Friday': '11:0-23:0', 'Saturday': '11:0-23:0', 'Sunday': '11:30-22:0'}",12,3,2,-0.3333333333333333,2.1666666666666665,1.0,1.0,0.0,4,1,0,-1.0,-1,-1,0.0,0.4903846153846153,0.5476190476190476,0.5,0.5115995115995116,Declining,-0.8699999999999999,5.0,Low,Negative,Reassess,"food_product_quality,staff_behavior"
vUkiYPpbkMXA99WneLSGkQ,Banana Leaf,1009 Arch St,Philadelphia,PA,19107.0,39.9537784576,-75.157045316,3.5,706,1,"{'BusinessParking': ""{'garage': False, 'street': True, 'validated': False, 'lot': False, 'valet': False}"", 'RestaurantsGoodForGroups': 'True', 'NoiseLevel': ""u'average'"", 'HasTV': 'False', 'BusinessAcceptsCreditCards': 'True', 'RestaurantsReservations': 'True', 'RestaurantsAttire': ""'casual'"", 'Alcohol': ""'none'"", 'RestaurantsTakeOut': 'True', 'RestaurantsDelivery': 'True', 'RestaurantsPriceRange2': '2', 'GoodForKids': 'True', 'OutdoorSeating': 'False', 'Caters': 'True', 'BikeParking': 'True', 'BYOBCorkage': ""'yes_free'"", 'BusinessAcceptsBitcoin': 'False', 'WiFi': ""u'free'"", 'Ambience': ""{'touristy': False, 'hipster': False, 'romantic': False, 'divey': False, 'intimate': False, 'trendy': False, 'upscale': False, 'classy': True, 'casual': True}"", 'GoodForMeal': ""{'dessert': False, 'latenight': None, 'lunch': None, 'dinner': True, 'brunch': False, 'breakfast': False}"", 'HappyHour': 'False'}","Singaporean, Malaysian, Restaurants, Sushi Bars, Thai, Asian Fusion","{'Monday': '11:0-22:0', 'Tuesday': '11:0-22:0', 'Wednesday': '11:0-22:0', 'Thursday': '11:0-22:0', 'Friday': '11:0-22:0', 'Saturday': '11:0-22:0', 'Sunday': '11:0-22:0'}",725,10,13,0.3,3.608275862068965,3.8,3.4615384615384617,-0.3384615384615381,1450,10,14,0.4,3,4,-0.3384615384615381,0.5288461538461539,0.5773809523809523,0.4576923076923077,0.5292124542124542,Growing,0.38,10.0,High,Positive,Expand,"food_product_quality,service_speed"
NDdd698xwCrCNAdaFhe-Dg,Makkah Market,4249 Walnut St,Philadelphia,PA,19104.0,39.9550514,-75.2084579,4.0,71,1,"{'RestaurantsReservations': 'False', 'OutdoorSeating': 'False', 'RestaurantsTakeOut': 'True', 'RestaurantsPriceRange2': '1', 'BikeParking': 'True', 'Alcohol': ""u'none'"", 'RestaurantsAttire': ""u'casual'"", 'Caters': 'True', 'RestaurantsGoodForGroups': 'False', 'NoiseLevel': ""u'average'"", 'BusinessParking': ""{'garage': False, 'street': True, 'validated': False, 'lot': False, 'valet': False}"", 'BusinessAcceptsCreditCards': 'True', 'WiFi': ""u'no'"", 'Ambience': ""{'touristy': False, 'hipster': False, 'romantic': False, 'divey': False, 'intimate': False, 'trendy': False, 'upscale': False, 'classy': False, 'casual': True}"", 'HasTV': 'False', 'WheelchairAccessible': 'True', 'GoodForMeal': ""{'dessert': False, 'latenight': True, 'lunch': True, 'dinner': True, 'brunch': False, 'breakfast': False}"", 'GoodForKids': 'False', 'RestaurantsDelivery': 'True'}","Middle Eastern, Food, Halal, Specialty Food, Meat Shops, Grocery, Restaurants","{'Monday': '0:0-0:0', 'Tuesday': '0:0-0:0', 'Wednesday': '0:0-0:0', 'Thursday': '0:0-0:0', 'Friday': '0:0-0:0', 'Saturday': '0:0-0:0', 'Sunday': '0:0-0:0'}",73,1,3,2.0,4.164383561643835,5.0,4.333333333333333,-0.666666666666667,66,0,1,,2,1,-0.666666666666667,0.5192307692307693,0.5595238095238094,0.4166666666666666,0.5098697598697598,Declining,0.8525,4.0,Low,Positive,Growth Opportunity,"food_product_quality,staff_behavior"
Cjwb7VQGP0u2eWYj1wnO3g,Vango Lounge & Skybar,116 S 18th St,Philadelphia,PA,19103.0,39.9511992,-75.1706583,2.0,357,1,"{'WiFi': ""u'no'"", 'RestaurantsAttire': ""'casual'"", 'RestaurantsReservations': 'True', 'BYOBCorkage': ""'no'"", 'Alcohol': ""'full_bar'"", 'RestaurantsGoodForGroups': 'True', 'BusinessAcceptsCreditCards': 'True', 'OutdoorSeating': 'True', 'GoodForKids': 'False', 'BusinessParking': ""{'garage': False, 'street': True, 'validated': False, 'lot': False, 'valet': False}"", 'RestaurantsTakeOut': 'True', 'RestaurantsDelivery': 'True', 'HappyHour': 'True', 'Ambience': ""{'touristy': False, 'hipster': False, 'romantic': False, 'divey': False, 'intimate': False, 'trendy': True, 'upscale': False, 'classy': True, 'casual': False}"", 'BestNights': ""{'monday': False, 'tuesday': False, 'friday': True, 'wednesday': False, 'thursday': True, 'sunday': False, 'saturday': True}"", 'NoiseLevel': ""u'loud'"", 'Music': ""{'dj': True, 'background_music': False, 'no_music': False, 'jukebox': False, 'live': False, 'video': False, 'karaoke': False}"", 'BikeParking': 'True', 'HasTV': 'True', 'RestaurantsPriceRange2': '2'}","Lounges, Restaurants, Greek, Nightlife, Bars, Japanese, Mediterranean","{'Monday': '17:0-2:0', 'Tuesday': '17:0-2:0', 'Wednesday': '17:0-2:0', 'Thursday': '17:0-2:0', 'Friday': '17:0-2:0', 'Saturday': '17:0-2:0', 'Sunday': '17:0-2:0'}",372,6,4,-0.3333333333333333,2.0161290322580645,1.5,2.0,0.5,368,2,2,0.0,-2,0,0.5,0.4807692307692308,0.5535714285714285,0.5625,0.5231990231990231,Growing,-0.3111111111111111,9.0,High,Negative,Monitor / Intervene,"staff_behavior,pricing_value"
gnpyyeWQ53WlDMJEq-YA_w,Tinto,114 S 20th St,Philadelphia,PA,19103.0,39.9515011,-75.1738449,4.0,877,1,"{'WiFi': ""u'no'"", 'RestaurantsReservations': 'True', 'RestaurantsAttire': ""u'casual'"", 'RestaurantsPriceRange2': '3', 'Alcohol': ""'full_bar'"", 'BusinessAcceptsCreditCards': 'True', 'RestaurantsGoodForGroups': 'True', 'GoodForKids': 'False', 'RestaurantsTakeOut': 'False', 'Caters': 'False', 'NoiseLevel': ""u'average'"", 'BusinessParking': ""{'garage': False, 'street': True, 'validated': False, 'lot': False, 'valet': False}"", 'BikeParking': 'True', 'OutdoorSeating': 'False', 'HasTV': 'False', 'Music': ""{'dj': False, 'background_music': True, 'no_music': False, 'jukebox': False, 'live': False, 'video': False, 'karaoke': False}"", 'GoodForMeal': ""{'dessert': False, 'latenight': False, 'lunch': False, 'dinner': True, 'brunch': False, 'breakfast': False}"", 'Ambience': ""{'touristy': False, 'hipster': False, 'romantic': False, 'divey': False, 'intimate': False, 'trendy': True, 'upscale': False, 'classy': True, 'casual': False}"", 'RestaurantsDelivery': 'False', 'BYOBCorkage': ""'no'"", 'BestNights': ""{'monday': False, 'tuesday': False, 'friday': True, 'wednesday': False, 'thursday': True, 'sunday': False, 'saturday': True}"", 'RestaurantsTableService': 'True'}","Basque, Tapas Bars, Iberian, Bars, Wine Bars, Restaurants, Lounges, Nightlife, Spanish","{'Wednesday': '16:0-22:0', 'Thursday': '16:0-22:0', 'Friday': '16:0-22:0', 'Saturday': '16:0-22:0', 'Sunday': '16:0-22:0'}",898,8,8,0.0,4.0768374164810695,4.0,3.75,-0.25,1252,5,6,0.2,0,1,-0.25,0.5,0.5595238095238094,0.46875,0.5128968253968254,Declining,0.49,10.0,Low,Positive,Growth Opportunity,"food_product_quality,pricing_value"
OX1eFYQwN1iYdFd0fkNpqw,iMunch Cafe,1233 N 31st St,Philadelphia,PA,19121.0,39.9759178,-75.1863302,4.5,155,1,"{'NoiseLevel': ""u'average'"", 'BusinessAcceptsCreditCards': 'True', 'OutdoorSeating': 'True', 'RestaurantsPriceRange2': '1', 'WiFi': ""u'free'"", 'Ambience': ""{'touristy': False, 'hipster': False, 'romantic': False, 'divey': False, 'intimate': False, 'trendy': False, 'upscale': False, 'classy': False, 'casual': True}"", 'RestaurantsAttire': ""'casual'"", 'Caters': 'True', 'Alcohol': ""'none'"", 'GoodForKids': 'True', 'RestaurantsReservations': 'False', 'RestaurantsTakeOut': 'True', 'HasTV': 'True', 'RestaurantsDelivery': 'True', 'RestaurantsTableService': 'False', 'RestaurantsGoodForGroups': 'True', 'HappyHour': 'False', 'BusinessParking': ""{'garage': False, 'street': True, 'validated': False, 'lot': False, 'valet': False}"", 'BikeParking': 'True', 'GoodForMeal': ""{'dessert': False, 'latenight': False, 'lunch': True, 'dinner': False, 'brunch': True, 'breakfast': True}"", 'DogsAllowed': 'False', 'WheelchairAccessible': 'True', 'BYOB': 'False', 'Corkage': 'False'}","Breakfast & Brunch, Bakeries, Coffee & Tea, Salad, Sandwiches, Food, Restaurants","{'Monday': '8:0-15:0', 'Tuesday': '8:0-15:0', 'Wednesday': '8:0-15:0', 'Thursday': '8:0-15:0', 'Friday': '8:0-15:0', 'Saturday': '8:0-15:0'}",159,4,5,0.25,4.3081761006289305,4.75,4.4,-0.3499999999999996,216,3,3,0.0,1,0,-0.3499999999999996,0.5096153846153846,0.5535714285714285,0.45625,0.5124084249084249,Declining,0.5833333333333334,9.0,Low,Positive,Growth Opportunity,"food_product_quality,staff_behavior"
Wtr51cNrv1pYyIRg_IawYQ,The Victor Cafe,1303 Dickinson St,Philadelphia,PA,19147.0,39.931653,-75.166327,4.5,437,1,"{'RestaurantsGoodForGroups': 'True', 'BusinessParking': ""{'garage': False, 'street': True, 'validated': False, 'lot': False, 'valet': True}"", 'RestaurantsReservations': 'True', 'WiFi': ""u'no'"", 'RestaurantsDelivery': 'False', 'BikeParking': 'False', 'BusinessAcceptsCreditCards': 'True', 'Alcohol': ""'full_bar'"", 'RestaurantsPriceRange2': '2', 'HasTV': 'False', 'WheelchairAccessible': 'False', 'NoiseLevel': ""u'average'"", 'DogsAllowed': 'False', 'Caters': 'False', 'RestaurantsTakeOut': 'False', 'BusinessAcceptsBitcoin': 'False', 'GoodForKids': 'False', 'Music': ""{'dj': False, 'background_music': False, 'no_music': False, 'jukebox': False, 'live': True, 'video': False, 'karaoke': None}"", 'CoatCheck': 'True', 'GoodForMeal': ""{'dessert': None, 'latenight': False, 'lunch': False, 'dinner': True, 'brunch': False, 'breakfast': False}"", 'RestaurantsAttire': ""u'dressy'"", 'GoodForDancing': 'False', 'BestNights': ""{'monday': False, 'tuesday': False, 'friday': True, 'wednesday': False, 'thursday': True, 'sunday': False, 'saturday': True}"", 'Ambience': ""{'touristy': False, 'hipster': False, 'romantic': True, 'divey': False, 'intimate': False, 'trendy': False, 'upscale': False, 'classy': True, 'casual': False}"", 'OutdoorSeating': 'True', 'HappyHour': 'False'}","Restaurants, Bars, Performing Arts, Gluten-Free, Wine Bars, Nightlife, Italian, Arts & Entertainment","{'Wednesday': '17:0-20:30', 'Thursday': '17:0-20:30', 'Friday': '17:0-20:45', 'Saturday': '16:30-20:45', 'Sunday': '16:0-20:0'}",442,20,11,-0.45,4.418552036199095,4.5,3.909090909090909,-0.5909090909090908,442,9,5,-0.4444444444444444,-9,-4,-0.5909090909090908,0.4134615384615384,0.5297619047619047,0.4261363636363636,0.4550449550449549,Declining,0.58,10.0,Low,Positive,Growth Opportunity,"staff_behavior,food_product_quality"
QhgrhVKlXZtSY6gRThf8zA,Bing Bing Dim Sum,1648 E Passyunk Ave,Philadelphia,PA,19148.0,39.9289898,-75.1647415,4.0,557,1,"{'RestaurantsGoodForGroups': 'True', 'Alcohol': ""u'full_bar'"", 'HappyHour': 'True', 'RestaurantsTableService': 'True', 'NoiseLevel': ""u'average'"", 'RestaurantsDelivery': 'True', 'BusinessParking': ""{'garage': False, 'street': True, 'validated': False, 'lot': False, 'valet': False}"", 'BusinessAcceptsCreditCards': 'True', 'WheelchairAccessible': 'True', 'BestNights': ""{'monday': False, 'tuesday': False, 'friday': True, 'wednesday': False, 'thursday': True, 'sunday': False, 'saturday': True}"", 'CoatCheck': 'True', 'Music': ""{'dj': False, 'background_music': False, 'no_music': False, 'jukebox': False, 'live': False, 'video': False, 'karaoke': False}"", 'GoodForDancing': 'False', 'Smoking': ""u'no'"", 'GoodForMeal': ""{'dessert': False, 'latenight': None, 'lunch': None, 'dinner': True, 'brunch': None, 'breakfast': False}"", 'RestaurantsTakeOut': 'True', 'BusinessAcceptsBitcoin': 'False', 'Ambience': ""{'touristy': False, 'hipster': False, 'romantic': False, 'divey': False, 'intimate': False, 'trendy': True, 'upscale': False, 'classy': True, 'casual': True}"", 'RestaurantsReservations': 'True', 'WiFi': ""u'no'"", 'RestaurantsAttire': ""u'casual'"", 'HasTV': 'False', 'ByAppointmentOnly': 'False', 'BikeParking': 'True', 'DogsAllowed': 'False', 'GoodForKids': 'True', 'Caters': 'True', 'RestaurantsPriceRange2': '2', 'DriveThru': 'False', 'OutdoorSeating': 'True'}","Cocktail Bars, Dim Sum, Nightlife, Restaurants, Chinese, Asian Fusion, Bars","{'Monday': '16:30-21:30', 'Tuesday': '16:30-21:30', 'Wednesday': '16:30-21:30', 'Thursday': '16:30-21:30', 'Friday': '16:30-22:0', 'Saturday': '13:0-22:0', 'Sunday': '16:0-21:30'}",571,20,21,0.05,4.057793345008757,4.45,4.238095238095238,-0.211904761904762,941,12,26,1.1666666666666667,1,14,-0.211904761904762,0.5096153846153846,0.6369047619047619,0.4735119047619047,0.5440221815221814,Growing,0.632,10.0,High,Positive,Expand,"food_product_quality,pricing_value"
qwPpnCgmvrm1WsrmyyhuvQ,Soul Kitchen 5935,5935 Ogontz Ave,Philadelphia,PA,19141.0,40.044675,-75.149271,2.5,14,1,"{'Caters': 'True', 'RestaurantsTakeOut': 'True', 'RestaurantsTableService': 'False', 'RestaurantsDelivery': 'True'}","Seafood, Soul Food, Sandwiches, Southern, Restaurants","{'Monday': '0:0-0:0', 'Tuesday': '12:0-21:0', 'Wednesday': '12:0-21:0', 'Thursday': '12:0-21:0', 'Friday': '12:0-21:0', 'Saturday': '12:0-21:0', 'Sunday': '12:0-21:0'}",15,7,1,-0.8571428571428571,2.6,2.142857142857143,1.0,-1.1428571428571428,2,0,0,,-6,0,-1.1428571428571428,0.4423076923076923,0.5535714285714285,0.3571428571428571,0.4604700854700854,Declining,-0.35,6.0,Low,Negative,Reassess,"food_product_quality,staff_behavior"
aubXu1j7HfP50Ohc7JQ3RQ,Mulligans Irish Pub,10550 Regents Park Dr,Tampa,FL,33647.0,28.15432,-82.350405,4.0,42,0,"{'RestaurantsPriceRange2': '2', 'RestaurantsAttire': ""'casual'"", 'BikeParking': 'True', 'BusinessAcceptsCreditCards': 'True', 'HasTV': 'True', 'RestaurantsTakeOut': 'True', 'Alcohol': ""u'full_bar'"", 'BestNights': ""{'monday': False, 'tuesday': False, 'friday': True, 'wednesday': True, 'thursday': True, 'sunday': False, 'saturday': False}"", 'RestaurantsReservations': 'True', 'GoodForKids': 'True', 'NoiseLevel': ""u'average'"", 'BusinessParking': ""{'garage': False, 'street': False, 'validated': False, 'lot': True, 'valet': False}"", 'OutdoorSeating': 'True', 'Music': ""{'dj': False, 'background_music': False, 'no_music': False, 'jukebox': False, 'live': True, 'video': False, 'karaoke': False}"", 'WiFi': ""u'no'"", 'RestaurantsGoodForGroups': 'True', 'RestaurantsDelivery': 'None', 'Ambience': ""{u'divey': False, u'hipster': False, u'casual': True, u'touristy': False, u'trendy': False, u'intimate': None, u'romantic': False, u'classy': False, u'upscale': False}""}","Bars, Pubs, Irish Pub, Nightlife, Restaurants, Irish","{'Monday': '9:0-21:0', 'Tuesday': '9:0-22:0', 'Wednesday': '9:0-22:0', 'Thursday': '9:0-22:0', 'Friday': '9:0-23:0', 'Saturday': '7:0-23:0', 'Sunday': '9:0-21:0'}",44,1,1,0.0,4.0,3.0,3.0,0.0,73,1,1,0.0,0,0,0.0,0.5,0.5535714285714285,0.5,0.5178571428571428,Stable,-0.4,2.0,High,Negative,Monitor / Intervene,"service_speed,staff_behavior"
ApZoKDMHiY6sm3urIcqfxg,The Broken Yolk Cafe,10442 N Dale Mabry Hwy,Tampa,FL,33618.0,28.0463433,-82.505232,3.5,290,1,"{'GoodForKids': 'True', 'BikeParking': 'True', 'RestaurantsGoodForGroups': 'True', 'HasTV': 'True', 'Caters': 'False', 'RestaurantsTableService': 'True', 'NoiseLevel': ""'average'"", 'RestaurantsTakeOut': 'True', 'ByAppointmentOnly': 'False', 'Alcohol': ""'beer_and_wine'"", 'BusinessParking': ""{'garage': False, 'street': False, 'validated': False, 'lot': True, 'valet': False}"", 'WiFi': ""'no'"", 'HappyHour': 'False', 'RestaurantsDelivery': 'True', 'GoodForMeal': ""{'dessert': False, 'latenight': False, 'lunch': True, 'dinner': False, 'brunch': True, 'breakfast': True}"", 'DogsAllowed': 'False', 'RestaurantsPriceRange2': '2', 'RestaurantsReservations': 'False', 'Ambience': ""{'touristy': False, 'hipster': False, 'romantic': False, 'divey': False, 'intimate': False, 'trendy': None, 'upscale': False, 'classy': False, 'casual': True}"", 'OutdoorSeating': 'True', 'RestaurantsAttire': ""'casual'"", 'BusinessAcceptsCreditCards': 'True'}","Restaurants, Sandwiches, Breakfast & Brunch, Cafes","{'Monday': '0:0-0:0', 'Tuesday': '7:0-15:0', 'Wednesday': '7:0-15:0', 'Thursday': '7:0-15:0', 'Friday': '7:0-15:0', 'Saturday': '7:0-15:0', 'Sunday': '7:0-15:0'}",310,10,8,-0.2,3.632258064516129,3.9,4.0,0.1,529,8,12,0.5,-2,4,0.1,0.4807692307692308,0.5773809523809523,0.5125,0.52002442002442,Growing,0.35,10.0,High,Positive,Expand,"staff_behavior,food_product_quality"
nMDteyIwo3zLbqm45xBwFw,Prince Tea House,203 N 9th St,Philadelphia,PA,19107.0,39.9553481,-75.1540592,4.5,176,1,"{'HasTV': 'False', 'Alcohol': ""u'none'"", 'BikeParking': 'False', 'NoiseLevel': ""u'average'"", 'BusinessParking': ""{'garage': False, 'street': True, 'validated': False, 'lot': True, 'valet': False}"", 'RestaurantsReservations': 'True', 'DogsAllowed': 'False', 'RestaurantsTakeOut': 'True', 'BusinessAcceptsCreditCards': 'True', 'BusinessAcceptsBitcoin': 'False', 'RestaurantsDelivery': 'True', 'RestaurantsPriceRange2': '2', 'WiFi': ""u'free'"", 'RestaurantsGoodForGroups': 'True', 'OutdoorSeating': 'True', 'WheelchairAccessible': 'True', 'Caters': 'False', 'Ambience': ""{'touristy': False, 'hipster': False, 'romantic': False, 'divey': False, 'intimate': False, 'trendy': False, 'upscale': False, 'classy': True, 'casual': False}"", 'RestaurantsTableService': 'False', 'HappyHour': 'False'}","Sandwiches, Food, Desserts, Coffee & Tea, Restaurants, Tea Rooms","{'Monday': '12:0-22:0', 'Tuesday': '12:0-22:0', 'Wednesday': '12:0-22:0', 'Thursday': '12:0-18:0', 'Friday': '12:0-23:0', 'Saturday': '12:0-23:0', 'Sunday': '12:0-22:0'}",179,15,23,0.5333333333333333,4.58659217877095,4.266666666666667,4.695652173913044,0.4289855072463773,186,21,34,0.6190476190476191,8,13,0.4289855072463773,0.5769230769230769,0.6309523809523809,0.5536231884057972,0.5897550919290049,Growing,0.7350000000000001,10.0,High,Positive,Expand,"staff_behavior,food_product_quality"
hxPnlWZmirx7neooZykmtg,Sutton's,1706 N 5th St,Philadelphia,PA,19122.0,39.9771594076,-75.1436727494,5.0,74,1,"{'RestaurantsDelivery': 'False', 'BikeParking': 'True', 'WheelchairAccessible': 'True', 'BusinessAcceptsCreditCards': 'True', 'Ambience': ""{'touristy': False, 'hipster': None, 'romantic': True, 'divey': None, 'intimate': None, 'trendy': True, 'upscale': None, 'classy': None, 'casual': True}"", 'BYOB': 'False', 'HappyHour': 'True', 'GoodForMeal': ""{'dessert': False, 'latenight': False, 'lunch': False, 'dinner': False, 'brunch': False, 'breakfast': False}"", 'HasTV': 'True', 'BusinessAcceptsBitcoin': 'False', 'OutdoorSeating': 'True', 'NoiseLevel': ""u'average'"", 'Corkage': 'False', 'RestaurantsGoodForGroups': 'True', 'RestaurantsTakeOut': 'True', 'Alcohol': ""u'full_bar'"", 'Caters': 'False', 'RestaurantsTableService': 'True', 'WiFi': ""u'free'"", 'BusinessParking': ""{'garage': False, 'street': True, 'validated': False, 'lot': False, 'valet': False}"", 'RestaurantsPriceRange2': '2', 'DogsAllowed': 'True', 'RestaurantsReservations': 'True'}","American (Traditional), Cocktail Bars, Restaurants, Nightlife, Bars","{'Wednesday': '16:0-22:0', 'Thursday': '16:0-22:0', 'Friday': '14:0-23:0', 'Saturday': '13:0-23:0', 'Sunday': '12:15-13:0'}",76,5,4,-0.2,4.802631578947368,5.0,5.0,0.0,37,2,3,0.5,-1,1,0.0,0.4903846153846153,0.5595238095238094,0.5,0.5155677655677655,Stable,0.8666666666666667,9.0,High,Positive,Expand,"food_product_quality,staff_behavior"
us7g3OCOFDXjZpmYqQ-f3A,Cadence,161 W Girard Ave,Philadelphia,PA,19123.0,39.9695251,-75.138405,4.5,87,0,"{'BusinessAcceptsCreditCards': 'True', 'RestaurantsGoodForGroups': 'True', 'RestaurantsTableService': 'True', 'BusinessParking': ""{'garage': False, 'street': False, 'validated': False, 'lot': False, 'valet': False}"", 'OutdoorSeating': 'False', 'DogsAllowed': 'False', 'GoodForMeal': ""{'dessert': None, 'latenight': None, 'lunch': None, 'dinner': True, 'brunch': None, 'breakfast': None}"", 'HasTV': 'False', 'Caters': 'False', 'RestaurantsTakeOut': 'True', 'Ambience': ""{'touristy': False, 'hipster': False, 'romantic': False, 'divey': False, 'intimate': False, 'trendy': False, 'upscale': False, 'classy': True, 'casual': False}"", 'WheelchairAccessible': 'True', 'Alcohol': ""u'none'"", 'BusinessAcceptsBitcoin': 'False', 'BikeParking': 'False', 'RestaurantsReservations': 'True', 'RestaurantsDelivery': 'True', 'WiFi': ""u'no'"", 'GoodForKids': 'False'}","Tapas/Small Plates, Restaurants, Korean, American (New)","{'Monday': '17:30-22:0', 'Thursday': '17:30-20:0', 'Friday': '17:0-20:30', 'Saturday': '17:0-20:30', 'Sunday': '17:30-22:0'}",89,5,2,-0.6,4.325842696629214,3.8,4.5,0.7000000000000002,48,3,0,-1.0,-3,-3,0.7000000000000002,0.4711538461538461,0.5357142857142856,0.5875,0.5185286935286935,Stable,0.6071428571428571,7.0,High,Positive,Expand,"food_product_quality,staff_behavior"
o5Uee_gmS-y9R582PAkX6w,First Watch,8646 Hunters Village Rd,Tampa,FL,33647.0,28.140282,-82.35718,3.5,15,1,"{'RestaurantsTableService': 'True', 'RestaurantsDelivery': 'True', 'WiFi': ""u'free'"", 'RestaurantsTakeOut': 'True', 'BusinessAcceptsCreditCards': 'True'}","Restaurants, Cafes, Breakfast & Brunch, American (Traditional)","{'Monday': '7:0-14:30', 'Tuesday': '7:0-14:30', 'Wednesday': '7:0-14:30', 'Thursday': '7:0-14:30', 'Friday': '7:0-14:30', 'Saturday': '7:0-14:30', 'Sunday': '7:0-14:30'}",15,10,5,-0.5,3.4,3.7,2.8,-0.9000000000000004,10,5,5,0.0,-5,0,-0.9000000000000004,0.4519230769230769,0.5535714285714285,0.3874999999999999,0.4714896214896214,Declining,0.08,10.0,Low,Positive,Growth Opportunity,"food_product_quality,staff_behavior"
jIaycjmFK6ZecPx-tMR43A,Dahlak,4708 Baltimore Ave,Philadelphia,PA,19143.0,39.9483841,-75.2173556,3.5,164,1,"{'RestaurantsAttire': ""'casual'"", 'RestaurantsTakeOut': 'True', 'Corkage': 'False', 'RestaurantsReservations': 'False', 'Alcohol': ""u'full_bar'"", 'BusinessAcceptsCreditCards': 'True', 'RestaurantsGoodForGroups': 'True', 'RestaurantsPriceRange2': '2', 'BikeParking': 'True', 'RestaurantsDelivery': 'False', 'OutdoorSeating': 'True', 'HasTV': 'True', 'GoodForKids': 'False', 'BYOBCorkage': ""'no'"", 'Caters': 'False', 'NoiseLevel': ""u'average'"", 'HappyHour': 'True', 'BestNights': ""{'monday': False, 'tuesday': False, 'friday': True, 'wednesday': True, 'thursday': True, 'sunday': False, 'saturday': False}"", 'Music': ""{'dj': False, 'background_music': False, 'no_music': False, 'jukebox': True, 'live': True, 'video': False, 'karaoke': False}"", 'WiFi': ""u'no'"", 'BusinessParking': ""{'garage': False, 'street': True, 'validated': False, 'lot': True, 'valet': False}"", 'Ambience': ""{u'divey': True, u'hipster': None, u'casual': True, u'touristy': False, u'trendy': False, u'intimate': None, u'romantic': None, u'classy': False, u'upscale': False}"", 'GoodForMeal': ""{u'breakfast': False, u'brunch': False, u'lunch': False, u'dinner': True, u'latenight': None, u'dessert': False}""}","Ethiopian, Dive Bars, Bars, Nightlife, Restaurants","{'Thursday': '16:0-2:0', 'Friday': '16:0-2:0', 'Saturday': '16:0-2:0', 'Sunday': '16:0-2:0'}",169,2,5,1.5,3.5562130177514795,4.0,2.2,-1.7999999999999998,276,0,4,,3,4,-1.7999999999999998,0.5288461538461539,0.5773809523809523,0.275,0.4886141636141636,Declining,-0.3571428571428571,7.0,Low,Negative,Reassess,"food_product_quality,staff_behavior"
z04btlhvr9rmQ00k1yVMog,China Taste,13887 W Hillsborough Ave,Tampa,FL,33635.0,28.0350061,-82.6459071,4.0,34,1,"{'BusinessAcceptsCreditCards': 'True', 'RestaurantsTakeOut': 'True', 'GoodForKids': 'True', 'RestaurantsReservations': 'False', 'HasTV': 'False', 'OutdoorSeating': 'False', 'NoiseLevel': ""'average'"", 'Caters': 'True', 'Ambience': ""{'touristy': False, 'hipster': False, 'romantic': False, 'divey': False, 'intimate': False, 'trendy': False, 'upscale': False, 'classy': None, 'casual': True}"", 'RestaurantsGoodForGroups': 'False', 'BikeParking': 'True', 'BusinessAcceptsBitcoin': 'False', 'WiFi': ""u'no'"", 'Alcohol': ""u'none'"", 'RestaurantsDelivery': 'None', 'HappyHour': 'False', 'RestaurantsPriceRange2': '1', 'BusinessParking': ""{'garage': False, 'street': True, 'validated': False, 'lot': False, 'valet': False}"", 'RestaurantsAttire': ""'casual'"", 'GoodForMeal': ""{'dessert': None, 'latenight': None, 'lunch': True, 'dinner': True, 'brunch': False, 'breakfast': False}""}","Restaurants, Seafood, Chinese","{'Monday': '11:0-21:0', 'Tuesday': '11:0-21:0', 'Wednesday': '11:0-21:0', 'Thursday': '11:0-21:0', 'Friday': '11:0-21:0', 'Saturday': '11:0-22:0', 'Sunday': '12:0-21:0'}",35,3,1,-0.6666666666666666,3.942857142857143,4.333333333333333,5.0,0.666666666666667,57,0,0,,-2,0,0.666666666666667,0.4807692307692308,0.5535714285714285,0.5833333333333334,0.5278286528286528,Growing,0.5375,4.0,High,Positive,Expand,"food_product_quality,staff_behavior"
OTwwIvLkrS0zc8f1lNRstw,Dasiwa,735 N 26th St,Philadelphia,PA,19130.0,39.9691548,-75.1797839,4.5,230,1,"{'RestaurantsAttire': ""u'casual'"", 'GoodForKids': 'True', 'RestaurantsTakeOut': 'True', 'BusinessParking': ""{'garage': False, 'street': True, 'validated': False, 'lot': False, 'valet': False}"", 'Alcohol': ""u'none'"", 'OutdoorSeating': 'False', 'BusinessAcceptsCreditCards': 'True', 'WiFi': ""u'free'"", 'BikeParking': 'True', 'RestaurantsReservations': 'True', 'Caters': 'True', 'NoiseLevel': ""u'quiet'"", 'HasTV': 'False', 'RestaurantsGoodForGroups': 'True', 'RestaurantsPriceRange2': '2', 'GoodForMeal': ""{'dessert': None, 'latenight': False, 'lunch': True, 'dinner': True, 'brunch': False, 'breakfast': None}"", 'BusinessAcceptsBitcoin': 'False', 'Ambience': ""{'touristy': False, 'hipster': False, 'romantic': False, 'divey': None, 'intimate': None, 'trendy': False, 'upscale': False, 'classy': True, 'casual': True}"", 'RestaurantsDelivery': 'True'}","Sushi Bars, Restaurants","{'Monday': '7:0-9:0', 'Tuesday': '7:0-9:0', 'Wednesday': '7:0-9:0', 'Thursday': '11:0-21:0', 'Friday': '11:0-22:0', 'Saturday': '11:0-22:0'}",234,2,2,0.0,4.286324786324786,4.5,4.5,0.0,407,1,0,-1.0,0,-1,0.0,0.5,0.5476190476190476,0.5,0.5158730158730158,Stable,0.8375,4.0,High,Positive,Expand,"staff_behavior,food_product_quality"
_61CLj2WP5jA6X3SDDlrrg,Tang's Halal Chinese Restaurant,2223 Ridge Ave,Philadelphia,PA,19121.0,39.9802551,-75.1717646,4.5,31,1,"{'GoodForMeal': ""{'dessert': False, 'latenight': False, 'lunch': False, 'dinner': False, 'brunch': False, 'breakfast': False}"", 'HasTV': 'True', 'Ambience': ""{'touristy': None, 'hipster': None, 'romantic': False, 'divey': None, 'intimate': None, 'trendy': None, 'upscale': None, 'classy': None, 'casual': None}"", 'RestaurantsDelivery': 'None', 'RestaurantsTakeOut': 'None'}","Halal, Chinese, Restaurants",,31,1,2,1.0,4.354838709677419,5.0,5.0,0.0,9,3,1,-0.6666666666666666,1,-2,0.0,0.5096153846153846,0.5416666666666666,0.5,0.5181623931623931,Stable,0.7999999999999999,3.0,High,Positive,Expand,"food_product_quality,staff_behavior"
xa49Z4ar0PXDgjZyHrqbHQ,Luna Café & Provisions,1700 N 3rd St,Philadelphia,PA,19122.0,39.9766134455,-75.1408450305,4.0,46,1,"{'RestaurantsDelivery': 'True', 'Caters': 'True', 'RestaurantsPriceRange2': '2', 'BusinessAcceptsBitcoin': 'False', 'HasTV': 'True', 'BikeParking': 'True', 'RestaurantsTableService': 'True', 'DogsAllowed': 'True', 'WiFi': ""u'free'"", 'WheelchairAccessible': 'True', 'Ambience': ""{u'divey': False, u'hipster': False, u'casual': False, u'touristy': False, u'trendy': False, u'intimate': False, u'romantic': False, u'classy': True, u'upscale': False}"", 'HappyHour': 'False', 'GoodForMeal': ""{'dessert': False, 'latenight': False, 'lunch': False, 'dinner': False, 'brunch': False, 'breakfast': False}"", 'BusinessAcceptsCreditCards': 'True', 'RestaurantsTakeOut': 'True', 'BusinessParking': ""{'garage': False, 'street': True, 'validated': False, 'lot': False, 'valet': False}"", 'RestaurantsReservations': 'True', 'OutdoorSeating': 'True'}","Breakfast & Brunch, Cafes, American (New), Food, Bars, Coffee & Tea, Nightlife, Restaurants","{'Monday': '9:0-15:0', 'Tuesday': '9:0-15:0', 'Wednesday': '9:0-15:0', 'Thursday': '9:0-15:0', 'Friday': '9:0-15:0', 'Saturday': '9:0-15:0', 'Sunday': '9:0-15:0'}",47,7,6,-0.1428571428571428,4.191489361702128,4.142857142857143,4.0,-0.1428571428571432,22,3,1,-0.6666666666666666,-1,-2,-0.1428571428571432,0.4903846153846153,0.5416666666666666,0.4821428571428571,0.5056471306471305,Declining,0.54,10.0,Low,Positive,Growth Opportunity,"food_product_quality,staff_behavior"
64zjcLKeEQ5_oGQDnpsj5A,Nannie Franco’s Pizzeria,910 S 9th St,Philadelphia,PA,19147.0,39.938626639,-75.1580459894,4.5,33,1,"{'BusinessParking': ""{u'valet': False, u'garage': False, u'street': False, u'lot': True, u'validated': False}"", 'RestaurantsDelivery': 'True', 'Ambience': ""{'touristy': False, 'hipster': False, 'romantic': False, 'divey': False, 'intimate': False, 'trendy': False, 'upscale': False, 'classy': True, 'casual': False}"", 'RestaurantsTakeOut': 'True', 'GoodForMeal': ""{'dessert': False, 'latenight': False, 'lunch': False, 'dinner': False, 'brunch': False, 'breakfast': False}""}","Italian, Restaurants, Pizza","{'Monday': '12:0-21:0', 'Tuesday': '12:0-21:0', 'Wednesday': '12:0-21:0', 'Thursday': '12:0-21:0', 'Friday': '12:0-21:0', 'Saturday': '12:0-21:0', 'Sunday': '11:0-20:0'}",33,7,4,-0.4285714285714285,4.303030303030303,4.428571428571429,4.75,0.3214285714285712,11,2,0,-1.0,-3,-2,0.3214285714285712,0.4711538461538461,0.5416666666666666,0.5401785714285714,0.5099969474969475,Declining,0.7722222222222223,9.0,Low,Positive,Growth Opportunity,"food_product_quality,staff_behavior"
DZglT5FP5VNDQJU3PuRIHw,La Calaca Feliz,2321 Fairmount Ave,Philadelphia,PA,19130.0,39.967534,-75.1760734,4.0,681,1,"{'HasTV': 'True', 'BusinessAcceptsCreditCards': 'True', 'BikeParking': 'True', 'RestaurantsGoodForGroups': 'True', 'NoiseLevel': ""u'average'"", 'Caters': 'True', 'RestaurantsPriceRange2': '2', 'Alcohol': ""u'full_bar'"", 'RestaurantsAttire': ""u'casual'"", 'WiFi': ""u'no'"", 'GoodForKids': 'True', 'WheelchairAccessible': 'True', 'RestaurantsTableService': 'True', 'RestaurantsTakeOut': 'None', 'GoodForDancing': 'False', 'CoatCheck': 'False', 'HappyHour': 'True', 'ByAppointmentOnly': 'False', 'Ambience': ""{'touristy': False, 'hipster': False, 'romantic': False, 'divey': False, 'intimate': False, 'trendy': False, 'upscale': False, 'classy': True, 'casual': True}"", 'Music': ""{'dj': False, 'background_music': False, 'no_music': False, 'jukebox': False, 'live': False, 'video': False, 'karaoke': None}"", 'GoodForMeal': ""{'dessert': False, 'latenight': False, 'lunch': None, 'dinner': True, 'brunch': False, 'breakfast': False}"", 'Smoking': ""u'no'"", 'OutdoorSeating': 'True', 'RestaurantsDelivery': 'True', 'RestaurantsReservations': 'True', 'BusinessParking': ""{u'valet': False, u'garage': False, u'street': True, u'lot': False, u'validated': False}"", 'BestNights': ""{'monday': False, 'tuesday': True, 'friday': False, 'wednesday': False, 'thursday': False, 'sunday': False, 'saturday': False}""}","Cocktail Bars, Restaurants, Mexican, Bars, Nightlife","{'Monday': '0:0-0:0', 'Tuesday': '16:0-21:0', 'Wednesday': '16:0-21:0', 'Thursday': '16:0-21:0', 'Friday': '15:0-22:0', 'Saturday': '12:0-22:0', 'Sunday': '12:0-20:0'}",705,21,17,-0.1904761904761904,4.112056737588652,3.952380952380953,3.941176470588236,-0.011204481792717,1215,14,8,-0.4285714285714285,-4,-6,-0.011204481792717,0.4615384615384615,0.5178571428571428,0.4985994397759103,0.4885471282530105,Declining,0.465,10.0,Low,Positive,Growth Opportunity,"food_product_quality,staff_behavior"
IzyQVIJG8JAnOiRQPb0-wg,Rione,102 S 21st St,Philadelphia,PA,19103.0,39.9520434,-75.1756387,4.5,208,1,"{'HasTV': 'True', 'Alcohol': ""u'none'"", 'RestaurantsAttire': ""u'casual'"", 'Ambience': ""{'touristy': False, 'hipster': False, 'romantic': False, 'divey': False, 'intimate': False, 'trendy': True, 'upscale': False, 'classy': False, 'casual': True}"", 'GoodForKids': 'True', 'BusinessAcceptsBitcoin': 'False', 'RestaurantsPriceRange2': '1', 'RestaurantsReservations': 'False', 'WheelchairAccessible': 'True', 'BusinessAcceptsCreditCards': 'True', 'GoodForMeal': ""{'dessert': False, 'latenight': False, 'lunch': True, 'dinner': True, 'brunch': False, 'breakfast': False}"", 'NoiseLevel': ""u'average'"", 'HappyHour': 'True', 'BikeParking': 'False', 'WiFi': ""u'free'"", 'RestaurantsGoodForGroups': 'True', 'RestaurantsTakeOut': 'True', 'Caters': 'True', 'RestaurantsTableService': 'False', 'OutdoorSeating': 'False', 'DogsAllowed': 'False', 'BusinessParking': ""{'garage': False, 'street': True, 'validated': False, 'lot': False, 'valet': False}"", 'RestaurantsDelivery': 'True'}","Food, Coffee & Tea, Pizza, Restaurants, Italian","{'Monday': '0:0-0:0', 'Tuesday': '11:30-20:0', 'Wednesday': '11:30-20:0', 'Thursday': '11:30-20:0', 'Friday': '11:30-16:0', 'Saturday': '12:0-20:0'}",214,12,3,-0.75,4.509345794392523,4.583333333333333,4.333333333333333,-0.25,249,9,4,-0.5555555555555556,-9,-5,-0.25,0.4134615384615384,0.5238095238095237,0.46875,0.4625305250305249,Declining,0.85,8.0,Low,Positive,Growth Opportunity,"food_product_quality,service_speed"
eFB8nsciED7EupYVyAnTyA,Deke's Bar-B-Que,4901 Ridge Ave,Philadelphia,PA,19128.0,40.0152739,-75.2075673,3.5,182,1,"{'NoiseLevel': ""'average'"", 'BikeParking': 'True', 'RestaurantsPriceRange2': '2', 'RestaurantsAttire': ""'casual'"", 'GoodForKids': 'True', 'RestaurantsReservations': 'False', 'OutdoorSeating': 'True', 'RestaurantsTableService': 'False', 'Caters': 'True', 'RestaurantsTakeOut': 'True', 'RestaurantsGoodForGroups': 'False', 'RestaurantsDelivery': 'True', 'HasTV': 'False', 'WiFi': ""'no'"", 'Ambience': ""{'romantic': False, 'intimate': False, 'classy': False, 'hipster': False, 'divey': False, 'touristy': False, 'trendy': False, 'upscale': False, 'casual': True}"", 'GoodForMeal': ""{'dessert': False, 'latenight': False, 'lunch': True, 'dinner': True, 'brunch': False, 'breakfast': False}"", 'BusinessAcceptsCreditCards': 'True', 'BusinessParking': ""{'garage': False, 'street': False, 'validated': False, 'lot': True, 'valet': False}"", 'Alcohol': ""'none'""}","Restaurants, Barbeque","{'Monday': '12:0-20:0', 'Tuesday': '12:0-20:0', 'Wednesday': '12:0-20:0', 'Thursday': '12:0-20:0', 'Friday': '11:0-21:0', 'Saturday': '12:0-21:0', 'Sunday': '12:0-20:0'}",191,13,4,-0.6923076923076923,3.706806282722513,3.615384615384616,4.25,0.6346153846153846,164,3,0,-1.0,-9,-3,0.6346153846153846,0.4134615384615384,0.5357142857142856,0.5793269230769231,0.4910714285714285,Declining,0.2666666666666666,9.0,Low,Positive,Growth Opportunity,"food_product_quality,pricing_value"
AlH5V97JSAu7AL_xdibMIg,Bahama Breeze,3045 N Rocky Pt Dr E,Tampa,FL,33607.0,27.9697761464,-82.5627375239,3.5,1099,1,"{'BusinessAcceptsCreditCards': 'True', 'BYOBCorkage': ""'no'"", 'RestaurantsTakeOut': 'True', 'OutdoorSeating': 'True', 'RestaurantsReservations': 'True', 'BusinessParking': ""{'garage': False, 'street': False, 'validated': False, 'lot': True, 'valet': True}"", 'RestaurantsPriceRange2': '2', 'RestaurantsGoodForGroups': 'True', 'Caters': 'True', 'WiFi': ""u'free'"", 'RestaurantsAttire': ""'casual'"", 'BikeParking': 'True', 'GoodForDancing': 'False', 'Alcohol': ""'full_bar'"", 'BestNights': ""{'monday': False, 'tuesday': False, 'friday': True, 'wednesday': False, 'thursday': False, 'sunday': True, 'saturday': True}"", 'CoatCheck': 'False', 'DogsAllowed': 'False', 'GoodForMeal': ""{'dessert': None, 'latenight': None, 'lunch': True, 'dinner': True, 'brunch': None, 'breakfast': False}"", 'HasTV': 'True', 'Smoking': ""u'no'"", 'WheelchairAccessible': 'True', 'BYOB': 'False', 'Ambience': ""{'touristy': False, 'hipster': False, 'romantic': False, 'divey': False, 'intimate': False, 'trendy': False, 'upscale': False, 'classy': True, 'casual': True}"", 'Music': ""{'dj': False, 'background_music': False, 'no_music': False, 'jukebox': False, 'live': True, 'video': False, 'karaoke': False}"", 'Corkage': 'True', 'GoodForKids': 'True', 'NoiseLevel': ""u'average'"", 'HappyHour': 'False', 'RestaurantsDelivery': 'False', 'RestaurantsTableService': 'True', 'BusinessAcceptsBitcoin': 'False'}","Restaurants, Latin American, Laotian, Caribbean, Nightlife, American (Traditional), Seafood, Bars","{'Monday': '0:0-0:0', 'Tuesday': '11:0-0:0', 'Wednesday': '11:0-0:0', 'Thursday': '11:0-1:0', 'Friday': '11:0-2:0', 'Saturday': '11:0-2:0', 'Sunday': '11:0-0:0'}",1125,60,56,-0.0666666666666666,3.691555555555556,3.616666666666666,4.053571428571429,0.4369047619047621,2637,47,42,-0.1063829787234042,-4,-5,0.4369047619047621,0.4615384615384615,0.5238095238095237,0.5546130952380952,0.5029787342287342,Declining,0.535,10.0,Low,Positive,Growth Opportunity,"staff_behavior,food_product_quality"
SjCxvaC-OZLnOqAqHTXG_Q,My Thai Restaurant,2200 South St,Philadelphia,PA,19146.0,39.945201,-75.178723,3.5,110,1,"{'BusinessAcceptsCreditCards': 'True', 'RestaurantsReservations': 'True', 'WiFi': ""u'no'"", 'RestaurantsAttire': ""'casual'"", 'GoodForKids': 'True', 'OutdoorSeating': 'False', 'RestaurantsTakeOut': 'True', 'RestaurantsGoodForGroups': 'True', 'Alcohol': ""u'full_bar'"", 'NoiseLevel': ""u'quiet'"", 'RestaurantsPriceRange2': '2', 'BikeParking': 'True', 'BusinessParking': ""{'garage': False, 'street': True, 'validated': False, 'lot': False, 'valet': False}"", 'Caters': 'False', 'GoodForMeal': ""{'dessert': False, 'latenight': False, 'lunch': None, 'dinner': True, 'brunch': False, 'breakfast': False}"", 'Ambience': ""{'touristy': False, 'hipster': False, 'romantic': None, 'divey': False, 'intimate': None, 'trendy': False, 'upscale': False, 'classy': False, 'casual': True}"", 'RestaurantsDelivery': 'True', 'HasTV': 'True'}","Thai, Restaurants","{'Monday': '16:30-22:0', 'Tuesday': '16:30-22:0', 'Wednesday': '16:30-22:0', 'Thursday': '16:30-22:0', 'Friday': '16:30-23:0', 'Saturday': '16:30-23:0', 'Sunday': '16:30-22:0'}",112,1,1,0.0,3.5982142857142856,1.0,3.0,2.0,160,0,0,,0,0,2.0,0.5,0.5535714285714285,0.75,0.5734126984126984,Growing,-0.35,2.0,High,Negative,Monitor / Intervene,food_product_quality
YzluF3FNGjnW-tOrLZt8JA,Zama,128 S 19th St,Philadelphia,PA,19103.0,39.9509073,-75.1723929,3.5,566,1,"{'RestaurantsAttire': ""u'casual'"", 'RestaurantsReservations': 'True', 'RestaurantsTakeOut': 'True', 'Alcohol': ""u'full_bar'"", 'GoodForKids': 'False', 'RestaurantsGoodForGroups': 'True', 'BusinessParking': ""{'garage': False, 'street': True, 'validated': False, 'lot': False, 'valet': False}"", 'BusinessAcceptsCreditCards': 'True', 'RestaurantsPriceRange2': '3', 'WiFi': ""u'no'"", 'BikeParking': 'True', 'NoiseLevel': ""u'average'"", 'HasTV': 'False', 'Caters': 'False', 'OutdoorSeating': 'True', 'RestaurantsDelivery': 'True', 'GoodForMeal': ""{'dessert': False, 'latenight': False, 'lunch': False, 'dinner': True, 'brunch': False, 'breakfast': False}"", 'Ambience': ""{'touristy': False, 'hipster': False, 'romantic': False, 'divey': False, 'intimate': False, 'trendy': True, 'upscale': False, 'classy': True, 'casual': False}"", 'HappyHour': 'True'}","Sushi Bars, Japanese, Restaurants","{'Monday': '12:0-21:0', 'Tuesday': '12:0-21:0', 'Wednesday': '12:0-21:0', 'Thursday': '12:0-21:0', 'Friday': '12:0-22:0', 'Saturday': '17:0-22:0', 'Sunday': '17:0-21:0'}",593,8,8,0.0,3.7504215851602014,3.5,4.125,0.625,913,12,9,-0.25,0,-3,0.625,0.5,0.5357142857142856,0.578125,0.5292658730158729,Growing,0.363,10.0,High,Positive,Expand,"food_product_quality,staff_behavior"
WeDn7iD1ckcEg7YttkduWg,Don Julio's Authentic Mexican Cuisine,2808 E Bearss Ave,Tampa,FL,33613.0,28.0809677,-82.4280646,4.0,203,1,"{'RestaurantsTableService': 'True', 'HasTV': 'True', 'RestaurantsTakeOut': 'True', 'BusinessParking': ""{'garage': False, 'street': False, 'validated': False, 'lot': True, 'valet': False}"", 'BYOB': 'False', 'RestaurantsGoodForGroups': 'False', 'RestaurantsPriceRange2': '2', 'HappyHour': 'True', 'GoodForMeal': ""{'dessert': None, 'latenight': None, 'lunch': True, 'dinner': None, 'brunch': None, 'breakfast': None}"", 'BusinessAcceptsCreditCards': 'True', 'BikeParking': 'True', 'Caters': 'True', 'RestaurantsAttire': ""'casual'"", 'Alcohol': ""u'beer_and_wine'"", 'Corkage': 'False', 'WheelchairAccessible': 'True', 'OutdoorSeating': 'True', 'DriveThru': 'None', 'GoodForKids': 'True', 'RestaurantsDelivery': 'True', 'WiFi': ""u'free'"", 'RestaurantsReservations': 'True', 'Ambience': ""{'touristy': False, 'hipster': False, 'romantic': None, 'divey': None, 'intimate': True, 'trendy': None, 'upscale': False, 'classy': True, 'casual': True}""}","Vegetarian, Restaurants, Latin American, New Mexican Cuisine, Tacos, Mexican","{'Monday': '0:0-0:0', 'Tuesday': '11:0-21:0', 'Wednesday': '11:0-21:0', 'Thursday': '11:0-21:0', 'Friday': '11:0-22:0', 'Saturday': '11:0-22:0', 'Sunday': '11:0-21:0'}",210,20,20,0.0,3.952380952380953,3.5,3.3,-0.2000000000000001,91,9,8,-0.1111111111111111,0,-1,-0.2000000000000001,0.5,0.5476190476190476,0.475,0.5103174603174603,Declining,0.308,10.0,Low,Positive,Growth Opportunity,"food_product_quality,staff_behavior"
AauDx7QSes9nZOAAa4LIbQ,Sushi House,1901 N 19th St,Tampa,FL,33605.0,27.9611133791,-82.437770679,4.5,212,1,"{'DogsAllowed': 'True', 'RestaurantsPriceRange2': '2', 'GoodForKids': 'True', 'WiFi': ""'no'"", 'RestaurantsAttire': ""'casual'"", 'RestaurantsReservations': 'True', 'HasTV': 'True', 'RestaurantsTableService': 'True', 'WheelchairAccessible': 'True', 'RestaurantsTakeOut': 'True', 'BikeParking': 'True', 'RestaurantsGoodForGroups': 'True', 'NoiseLevel': ""u'average'"", 'Caters': 'True', 'BusinessAcceptsCreditCards': 'True', 'Alcohol': ""u'beer_and_wine'"", 'OutdoorSeating': 'None', 'BusinessParking': ""{'garage': False, 'street': False, 'validated': False, 'lot': False, 'valet': False}"", 'GoodForMeal': ""{'dessert': True, 'latenight': None, 'lunch': True, 'dinner': True, 'brunch': False, 'breakfast': False}"", 'RestaurantsDelivery': 'False', 'Ambience': ""{u'divey': False, u'hipster': None, u'casual': True, u'touristy': False, u'trendy': True, u'intimate': True, u'romantic': None, u'classy': None, u'upscale': False}""}","Sushi Bars, Salad, Restaurants, Japanese","{'Monday': '17:0-21:0', 'Wednesday': '17:0-21:0', 'Thursday': '17:0-21:0', 'Friday': '17:0-22:0', 'Saturday': '18:0-22:0'}",217,23,10,-0.5652173913043478,4.350230414746544,4.260869565217392,4.1,-0.1608695652173919,242,8,4,-0.5,-13,-4,-0.1608695652173919,0.375,0.5297619047619047,0.479891304347826,0.4498964803312628,Declining,0.645,10.0,Low,Positive,Growth Opportunity,"food_product_quality,staff_behavior"
ZForVw2ZTiwDGfZ0XvZsXQ,Uncle Bobbie's Coffee & Books,5445 Germantown Ave,Philadelphia,PA,19144.0,40.034015,-75.1718436,4.5,151,1,"{'BikeParking': 'True', 'BusinessAcceptsBitcoin': 'False', 'WiFi': ""'free'"", 'BusinessAcceptsCreditCards': 'True', 'NoiseLevel': ""u'average'"", 'WheelchairAccessible': 'True', 'Caters': 'False', 'BusinessParking': ""{'garage': False, 'street': True, 'validated': False, 'lot': False, 'valet': False}"", 'OutdoorSeating': 'False', 'RestaurantsPriceRange2': '2', 'RestaurantsDelivery': 'False', 'RestaurantsTakeOut': 'True', 'DogsAllowed': 'False'}","Cafes, Restaurants, Shopping, Food, Books, Mags, Music & Video, Bookstores, Coffee & Tea","{'Monday': '0:0-0:0', 'Tuesday': '7:0-19:0', 'Wednesday': '7:0-19:0', 'Thursday': '7:0-19:0', 'Friday': '7:0-19:0', 'Saturday': '8:0-19:0', 'Sunday': '8:0-18:0'}",157,10,5,-0.5,4.687898089171974,4.1,5.0,0.9000000000000004,134,7,5,-0.2857142857142857,-5,-2,0.9000000000000004,0.4519230769230769,0.5416666666666666,0.6125,0.5175213675213675,Stable,0.675,10.0,High,Positive,Expand,"food_product_quality,cleanliness_ambiance"
lS42krxXMm-HIk7dntRsKQ,Pattaya,4040 Locust St,Philadelphia,PA,19104.0,39.9529055,-75.204785,3.5,327,1,"{'Alcohol': ""'full_bar'"", 'BikeParking': 'True', 'GoodForKids': 'True', 'BusinessParking': ""{'garage': False, 'street': True, 'validated': False, 'lot': False, 'valet': False}"", 'OutdoorSeating': 'False', 'BYOBCorkage': ""'no'"", 'RestaurantsGoodForGroups': 'True', 'BusinessAcceptsCreditCards': 'True', 'RestaurantsPriceRange2': '2', 'RestaurantsAttire': ""'casual'"", 'Caters': 'True', 'RestaurantsTakeOut': 'True', 'WiFi': ""u'no'"", 'RestaurantsDelivery': 'True', 'RestaurantsReservations': 'True', 'HasTV': 'False', 'NoiseLevel': ""u'average'"", 'GoodForMeal': ""{'dessert': False, 'latenight': False, 'lunch': True, 'dinner': True, 'brunch': False, 'breakfast': False}"", 'BusinessAcceptsBitcoin': 'False', 'Ambience': ""{'touristy': False, 'hipster': False, 'romantic': False, 'divey': False, 'intimate': False, 'trendy': False, 'upscale': False, 'classy': True, 'casual': True}""}","Asian Fusion, Thai, Soup, Restaurants, French, Salad","{'Monday': '0:0-0:0', 'Tuesday': '17:0-21:0', 'Wednesday': '17:0-21:0', 'Thursday': '17:0-21:0', 'Friday': '17:0-22:0', 'Saturday': '17:0-22:0', 'Sunday': '17:0-21:0'}",338,9,3,-0.6666666666666666,3.4497041420118344,3.7777777777777777,3.0,-0.7777777777777777,425,9,2,-0.7777777777777778,-6,-7,-0.7777777777777777,0.4423076923076923,0.5119047619047619,0.4027777777777778,0.4567222900556233,Declining,0.5625,8.0,Low,Positive,Growth Opportunity,"food_product_quality,service_speed"
pORvWLJb_ioqIrNo-yacfw,Pancho's Cafe,152 West Girard Ave,Philadelphia,PA,19123.0,39.9690665,-75.1381918,4.5,89,1,"{'OutdoorSeating': 'False', 'BusinessAcceptsCreditCards': 'True', 'GoodForKids': 'True', 'GoodForMeal': ""{'dessert': False, 'latenight': None, 'lunch': True, 'dinner': None, 'brunch': True, 'breakfast': None}"", 'RestaurantsPriceRange2': '1', 'RestaurantsTakeOut': 'True', 'RestaurantsDelivery': 'True', 'WheelchairAccessible': 'True', 'BikeParking': 'False', 'HasTV': 'False', 'Alcohol': ""u'none'"", 'RestaurantsAttire': ""u'casual'"", 'RestaurantsTableService': 'True', 'WiFi': ""'no'"", 'Ambience': ""{'touristy': None, 'hipster': False, 'romantic': None, 'divey': None, 'intimate': True, 'trendy': None, 'upscale': False, 'classy': False, 'casual': True}"", 'RestaurantsGoodForGroups': 'False', 'BusinessParking': ""{'garage': False, 'street': True, 'validated': False, 'lot': False, 'valet': False}"", 'NoiseLevel': ""u'quiet'"", 'RestaurantsReservations': 'True'}","Food, Restaurants, Breakfast & Brunch, Mexican, Desserts","{'Monday': '11:0-22:0', 'Tuesday': '11:0-22:0', 'Wednesday': '11:0-22:0', 'Thursday': '11:0-22:0', 'Friday': '11:0-0:0', 'Saturday': '11:0-0:0', 'Sunday': '11:0-22:0'}",92,8,1,-0.875,4.576086956521739,4.5,5.0,0.5,114,23,10,-0.5652173913043478,-7,-13,0.5,0.4326923076923077,0.4761904761904761,0.5625,0.476037851037851,Declining,0.8833333333333333,6.0,Low,Positive,Growth Opportunity,"food_product_quality,staff_behavior"
YtMgMdZfjlK6ogDIGiOJSw,First Wok,129 W Chelten Ave,Philadelphia,PA,19144.0,40.0332838,-75.1775528,3.0,12,1,"{'Alcohol': ""u'none'"", 'RestaurantsAttire': ""u'casual'"", 'WiFi': ""u'no'"", 'RestaurantsGoodForGroups': 'True', 'BusinessAcceptsCreditCards': 'False', 'NoiseLevel': ""u'quiet'"", 'OutdoorSeating': 'False', 'BusinessParking': ""{'garage': False, 'street': False, 'validated': False, 'lot': False, 'valet': False}"", 'Caters': 'False', 'Ambience': ""{'romantic': False, 'intimate': False, 'classy': False, 'hipster': False, 'divey': False, 'touristy': False, 'trendy': False, 'upscale': False, 'casual': False}"", 'GoodForKids': 'True', 'RestaurantsPriceRange2': '1', 'RestaurantsTakeOut': 'True', 'RestaurantsDelivery': 'True', 'RestaurantsReservations': 'False', 'BikeParking': 'False', 'GoodForMeal': ""{'dessert': False, 'latenight': False, 'lunch': False, 'dinner': False, 'brunch': False, 'breakfast': False}"", 'HasTV': 'True'}","Chinese, Restaurants","{'Tuesday': '11:0-22:0', 'Wednesday': '11:0-22:0', 'Thursday': '11:0-22:0', 'Friday': '11:0-23:0', 'Saturday': '11:0-23:0', 'Sunday': '12:0-22:0'}",13,1,1,0.0,3.1538461538461537,1.0,5.0,4.0,9,0,0,,0,0,4.0,0.5,0.5535714285714285,1.0,0.628968253968254,Growing,0.0449999999999999,2.0,High,Positive,Expand,"food_product_quality,staff_behavior"
1qw5dIsQPNGLOwnuP7Wj1g,South Bowl,19 E Oregon Ave,Philadelphia,PA,19148.0,39.9142928,-75.1471501,3.5,249,1,"{'Ambience': ""{'touristy': False, 'hipster': True, 'romantic': False, 'divey': False, 'intimate': False, 'trendy': True, 'upscale': False, 'classy': False, 'casual': True}"", 'RestaurantsAttire': ""'casual'"", 'BusinessAcceptsCreditCards': 'True', 'BusinessParking': ""{'garage': False, 'street': True, 'validated': False, 'lot': True, 'valet': False}"", 'Alcohol': ""u'full_bar'"", 'GoodForMeal': ""{'dessert': None, 'latenight': True, 'lunch': True, 'dinner': True, 'brunch': False, 'breakfast': False}"", 'BestNights': ""{'monday': False, 'tuesday': True, 'friday': True, 'wednesday': False, 'thursday': True, 'sunday': False, 'saturday': False}"", 'GoodForDancing': 'False', 'RestaurantsTakeOut': 'True', 'RestaurantsDelivery': 'False', 'RestaurantsReservations': 'False', 'RestaurantsGoodForGroups': 'True', 'CoatCheck': 'False', 'OutdoorSeating': 'True', 'Caters': 'False', 'WiFi': ""'free'"", 'BikeParking': 'True', 'RestaurantsTableService': 'False', 'NoiseLevel': ""u'loud'"", 'HasTV': 'True', 'DogsAllowed': 'False', 'HappyHour': 'True', 'WheelchairAccessible': 'True', 'Music': ""{'dj': True}"", 'GoodForKids': 'True', 'RestaurantsPriceRange2': '2', 'Smoking': ""u'no'""}","American (Traditional), Bars, Nightlife, Restaurants, American (New), Sports Bars, Active Life, Bowling, Pizza","{'Tuesday': '17:0-0:0', 'Wednesday': '17:0-0:0', 'Thursday': '17:0-0:0', 'Friday': '17:0-0:0', 'Saturday': '14:0-0:0', 'Sunday': '14:0-0:0'}",254,2,1,-0.5,3.437007874015748,2.0,4.0,2.0,1145,2,2,0.0,-1,0,2.0,0.4903846153846153,0.5535714285714285,0.75,0.569139194139194,Growing,0.0333333333333333,3.0,High,Positive,Expand,"staff_behavior,cleanliness_ambiance"
VG_6ZamOZ3-s6ODu9BCmqQ,McDonald's,501 E Dr M L K Jr Dr,Tampa,FL,33603.0,27.981131872,-82.4549263551,1.5,27,1,"{'GoodForKids': 'True', 'RestaurantsGoodForGroups': 'True', 'BusinessAcceptsCreditCards': 'True', 'RestaurantsReservations': 'False', 'GoodForMeal': ""{'dessert': False, 'latenight': False, 'lunch': False, 'dinner': False, 'brunch': False, 'breakfast': False}"", 'BusinessParking': ""{'garage': False, 'street': False, 'validated': False, 'lot': False, 'valet': False}"", 'WiFi': ""u'free'"", 'BikeParking': 'False', 'OutdoorSeating': 'False', 'RestaurantsTakeOut': 'True', 'Alcohol': ""'none'"", 'Ambience': ""{'touristy': False, 'hipster': False, 'romantic': False, 'divey': False, 'intimate': False, 'trendy': False, 'upscale': False, 'classy': False, 'casual': False}"", 'RestaurantsAttire': ""'casual'"", 'HasTV': 'True', 'RestaurantsDelivery': 'True', 'DriveThru': 'True', 'RestaurantsPriceRange2': '1'}","Restaurants, Burgers, Fast Food, Food, Coffee & Tea","{'Monday': '4:0-0:0', 'Tuesday': '4:0-0:0', 'Wednesday': '4:0-0:0', 'Thursday': '4:0-1:0', 'Friday': '0:0-0:0', 'Saturday': '0:0-0:0', 'Sunday': '4:0-0:0'}",27,1,1,0.0,1.2592592592592593,1.0,1.0,0.0,44,0,0,,0,0,0.0,0.5,0.5535714285714285,0.5,0.5178571428571428,Stable,-0.7749999999999999,2.0,High,Negative,Monitor / Intervene,"staff_behavior,service_speed"
dwkI0-b5PM2-yn-v7j2Agg,T cafe,108 Chestnut St,Philadelphia,PA,19106.0,39.9480853,-75.1429316,4.5,59,1,"{'Caters': 'True', 'GoodForKids': 'True', 'RestaurantsTakeOut': 'True', 'BusinessParking': ""{'garage': False, 'street': True, 'validated': False, 'lot': False, 'valet': False}"", 'DogsAllowed': 'False', 'NoiseLevel': ""u'quiet'"", 'WiFi': ""u'free'"", 'DriveThru': 'False', 'OutdoorSeating': 'False', 'BusinessAcceptsCreditCards': 'True', 'RestaurantsDelivery': 'True'}","Bakeries, Desserts, Bubble Tea, Coffee & Tea, Restaurants, Breakfast & Brunch, Food","{'Monday': '9:0-18:0', 'Tuesday': '9:0-18:0', 'Wednesday': '9:0-18:0', 'Thursday': '9:0-18:0', 'Friday': '9:0-18:0', 'Saturday': '9:0-18:0', 'Sunday': '10:0-18:0'}",59,2,4,1.0,4.389830508474576,3.5,3.0,-0.5,78,1,2,1.0,2,1,-0.5,0.5192307692307693,0.5595238095238094,0.4375,0.5144993894993894,Stable,0.1,6.0,High,Positive,Expand,"food_product_quality,pricing_value"
RU0UTD_beaENcS5e9EXH-w,IHOP,4310 Roosevelt Blvd,Philadelphia,PA,19124.0,40.03036,-75.10488,2.0,59,1,"{'Corkage': 'False', 'OutdoorSeating': 'False', 'RestaurantsTakeOut': 'True', 'Alcohol': ""'none'"", 'GoodForKids': 'True', 'RestaurantsGoodForGroups': 'True', 'BusinessAcceptsCreditCards': 'True', 'BYOBCorkage': ""'yes_free'"", 'WiFi': ""'no'"", 'RestaurantsAttire': ""'casual'"", 'Ambience': ""{'romantic': False, 'intimate': False, 'classy': False, 'hipster': False, 'divey': False, 'touristy': False, 'trendy': False, 'upscale': False, 'casual': False}"", 'BikeParking': 'False', 'Caters': 'False', 'RestaurantsReservations': 'False', 'HappyHour': 'False', 'RestaurantsPriceRange2': '2', 'HasTV': 'False', 'NoiseLevel': ""u'loud'"", 'ByAppointmentOnly': 'False', 'CoatCheck': 'False', 'GoodForMeal': ""{u'breakfast': True, u'brunch': True, u'lunch': True, u'dinner': None, u'latenight': None, u'dessert': None}"", 'RestaurantsDelivery': 'True', 'BusinessParking': ""{'garage': False, 'street': False, 'validated': False, 'lot': True, 'valet': False}""}","American (Traditional), Burgers, Diners, Breakfast & Brunch, Restaurants, American (New)","{'Monday': '0:0-0:0', 'Tuesday': '7:0-20:0', 'Wednesday': '7:0-20:0', 'Thursday': '7:0-16:0', 'Friday': '7:0-14:0', 'Saturday': '6:0-15:30', 'Sunday': '6:0-15:30'}",61,3,1,-0.6666666666666666,1.9180327868852456,1.0,1.0,0.0,83,1,2,1.0,-2,1,0.0,0.4807692307692308,0.5595238095238094,0.5,0.5112942612942613,Declining,-0.8,4.0,Low,Negative,Reassess,"order_accuracy_wait_time,service_speed"
WgyhlYg3fnSgco4qLa20cg,Almaz Cafe,140 S 20th St,Philadelphia,PA,19103.0,39.9506628,-75.1739332,4.0,381,1,"{'Ambience': ""{'romantic': False, 'intimate': False, 'touristy': False, 'hipster': False, 'divey': False, 'classy': False, 'trendy': False, 'upscale': False, 'casual': True}"", 'WiFi': ""'free'"", 'BusinessAcceptsCreditCards': 'True', 'GoodForKids': 'True', 'BusinessParking': ""{'garage': False, 'street': True, 'validated': False, 'lot': False, 'valet': False}"", 'Alcohol': ""'none'"", 'Caters': 'False', 'RestaurantsReservations': 'True', 'BYOBCorkage': ""'no'"", 'RestaurantsAttire': ""'casual'"", 'BikeParking': 'True', 'GoodForMeal': ""{'dessert': False, 'latenight': False, 'lunch': True, 'dinner': True, 'brunch': False, 'breakfast': False}"", 'RestaurantsGoodForGroups': 'True', 'RestaurantsPriceRange2': '2', 'RestaurantsTakeOut': 'None', 'RestaurantsDelivery': 'True', 'NoiseLevel': ""u'average'"", 'OutdoorSeating': 'True', 'HasTV': 'True', 'DogsAllowed': 'False'}","Ethiopian, Imported Food, Restaurants, Coffee & Tea, American (Traditional), Ethnic Food, Specialty Food, Food","{'Monday': '8:0-22:0', 'Tuesday': '8:0-22:0', 'Wednesday': '8:0-22:0', 'Thursday': '8:0-22:0', 'Friday': '8:0-22:0', 'Saturday': '9:0-22:0', 'Sunday': '10:0-18:0'}",390,5,10,1.0,4.2,5.0,4.2,-0.7999999999999998,691,6,5,-0.1666666666666666,5,-1,-0.7999999999999998,0.5480769230769231,0.5476190476190476,0.4,0.515018315018315,Stable,0.746,10.0,High,Positive,Expand,"food_product_quality,staff_behavior"
EI0iUUbEi3xIy74L7-GrUQ,Twisted Turtle Bar And Grill,11742 N Dale Mabry Hwy,Tampa,FL,33618.0,28.0552777989,-82.5060733058,3.5,21,1,"{'HappyHour': 'True', 'WiFi': ""u'free'"", 'DogsAllowed': 'True', 'WheelchairAccessible': 'True', 'Caters': 'True', 'RestaurantsTakeOut': 'True', 'RestaurantsDelivery': 'True', 'BusinessAcceptsCreditCards': 'True', 'RestaurantsTableService': 'True', 'OutdoorSeating': 'True', 'BYOB': 'False', 'BikeParking': 'True', 'HasTV': 'True', 'Alcohol': ""u'full_bar'""}","Burgers, Sandwiches, Chicken Wings, Restaurants","{'Monday': '15:0-1:0', 'Tuesday': '15:0-1:0', 'Wednesday': '15:0-1:0', 'Thursday': '15:0-3:0', 'Friday': '15:0-3:0', 'Saturday': '15:0-3:0', 'Sunday': '15:0-1:0'}",21,4,2,-0.5,3.7142857142857135,2.75,1.5,-1.25,9,5,0,-1.0,-2,-5,-1.25,0.4807692307692308,0.5238095238095237,0.34375,0.4646672771672771,Declining,-0.1916666666666666,6.0,Low,Negative,Reassess,"staff_behavior,food_product_quality"
EAF4MLS6x7mzq8CDpOcXXA,Wendy's,901 Cottman Avenue,Philadelphia,PA,19111.0,40.0623573,-75.084702,1.5,19,1,"{'WiFi': ""u'no'"", 'RestaurantsTakeOut': 'True', 'Alcohol': ""u'none'"", 'NoiseLevel': ""u'average'"", 'Caters': 'False', 'RestaurantsAttire': ""u'casual'"", 'RestaurantsReservations': 'False', 'GoodForKids': 'True', 'RestaurantsGoodForGroups': 'True', 'BusinessAcceptsCreditCards': 'True', 'Ambience': ""{'romantic': False, 'intimate': False, 'touristy': False, 'hipster': False, 'divey': False, 'classy': False, 'trendy': False, 'upscale': False, 'casual': False}"", 'OutdoorSeating': 'False', 'BusinessParking': ""{'garage': False, 'street': False, 'validated': False, 'lot': False, 'valet': False}"", 'RestaurantsPriceRange2': '1', 'BikeParking': 'True', 'HasTV': 'True', 'RestaurantsDelivery': 'True'}","Fast Food, Restaurants, Burgers","{'Monday': '10:0-2:0', 'Tuesday': '10:0-2:0', 'Wednesday': '10:0-2:0', 'Thursday': '10:0-2:0', 'Friday': '10:0-2:0', 'Saturday': '10:0-2:0', 'Sunday': '10:0-2:0'}",20,1,1,0.0,1.5,1.0,1.0,0.0,13,0,0,,0,0,0.0,0.5,0.5535714285714285,0.5,0.5178571428571428,Stable,-0.8500000000000001,2.0,High,Negative,Monitor / Intervene,"staff_behavior,food_product_quality"
b2egw7DXjck9sKYcBc4NCQ,Top China,13306 Telecom Dr,Tampa,FL,33637.0,28.0682876,-82.3752021,4.0,22,1,"{'BusinessAcceptsCreditCards': 'True', 'RestaurantsReservations': 'False', 'GoodForKids': 'True', 'WiFi': ""'no'"", 'Ambience': ""{'touristy': False, 'hipster': False, 'romantic': False, 'divey': False, 'intimate': False, 'trendy': False, 'upscale': False, 'classy': False, 'casual': False}"", 'RestaurantsTakeOut': 'True', 'OutdoorSeating': 'False', 'RestaurantsPriceRange2': '1', 'NoiseLevel': ""u'average'"", 'RestaurantsDelivery': 'True', 'BusinessParking': ""{'garage': False, 'street': False, 'validated': False, 'lot': False, 'valet': False}"", 'BikeParking': 'True', 'RestaurantsGoodForGroups': 'False', 'RestaurantsAttire': ""'casual'"", 'GoodForMeal': ""{'dessert': False, 'latenight': False, 'lunch': False, 'dinner': False, 'brunch': False, 'breakfast': False}"", 'HasTV': 'True'}","Chinese, Restaurants","{'Monday': '10:30-21:30', 'Tuesday': '10:30-21:30', 'Wednesday': '10:30-21:30', 'Thursday': '10:30-21:30', 'Friday': '10:30-22:30', 'Saturday': '10:30-22:30'}",22,2,2,0.0,3.909090909090909,3.5,3.5,0.0,33,2,2,0.0,0,0,0.0,0.5,0.5535714285714285,0.5,0.5178571428571428,Stable,0.1,4.0,High,Positive,Expand,"service_speed,staff_behavior"
EpFFiPHKx9yP-WqOCuxRCw,Mayfair Diner,7373 Frankford Ave,Philadelphia,PA,19136.0,40.037444,-75.0382294,3.0,106,1,"{'RestaurantsTakeOut': 'True', 'WiFi': ""u'no'"", 'RestaurantsPriceRange2': '1', 'RestaurantsGoodForGroups': 'True', 'BikeParking': 'True', 'RestaurantsAttire': ""u'casual'"", 'OutdoorSeating': 'False', 'BusinessParking': ""{'garage': False, 'street': False, 'validated': False, 'lot': True, 'valet': False}"", 'RestaurantsReservations': 'False', 'NoiseLevel': ""u'average'"", 'Alcohol': ""u'none'"", 'GoodForKids': 'True', 'HasTV': 'True', 'BusinessAcceptsCreditCards': 'True', 'Caters': 'False', 'DriveThru': 'False', 'RestaurantsTableService': 'True', 'GoodForMeal': ""{'dessert': None, 'latenight': True, 'lunch': True, 'dinner': True, 'brunch': None, 'breakfast': True}"", 'RestaurantsDelivery': 'True', 'Ambience': ""{u'divey': None, u'hipster': False, u'casual': True, u'touristy': False, u'trendy': False, u'intimate': False, u'romantic': False, u'classy': False, u'upscale': False}""}","Burgers, Diners, Restaurants","{'Monday': '0:0-0:0', 'Tuesday': '0:0-0:0', 'Wednesday': '0:0-0:0', 'Thursday': '0:0-0:0', 'Friday': '0:0-0:0', 'Saturday': '0:0-0:0', 'Sunday': '0:0-0:0'}",116,3,4,0.3333333333333333,3.146551724137931,3.333333333333333,3.5,0.1666666666666665,250,11,6,-0.4545454545454545,1,-5,0.1666666666666665,0.5096153846153846,0.5238095238095237,0.5208333333333333,0.5168396418396417,Stable,0.4214285714285714,7.0,High,Positive,Expand,"food_product_quality,staff_behavior"
CSAJxLa_LeuIDe-lHrC03w,McDonald's,6470 Torresdale Ave,Philadelphia,PA,19135.0,40.0223296507,-75.0507590175,1.5,11,1,"{'Caters': 'False', 'GoodForKids': 'True', 'BusinessAcceptsCreditCards': 'True', 'RestaurantsReservations': 'False', 'RestaurantsAttire': ""'casual'"", 'WiFi': ""'free'"", 'RestaurantsPriceRange2': '1', 'OutdoorSeating': 'False', 'RestaurantsGoodForGroups': 'True', 'RestaurantsDelivery': 'True', 'RestaurantsTakeOut': 'True', 'DriveThru': 'True', 'HasTV': 'True', 'BikeParking': 'True', 'Ambience': ""{'touristy': False, 'hipster': False, 'romantic': False, 'divey': False, 'intimate': False, 'trendy': False, 'upscale': False, 'classy': False, 'casual': False}"", 'GoodForMeal': ""{'dessert': False, 'latenight': False, 'lunch': False, 'dinner': False, 'brunch': False, 'breakfast': False}"", 'BusinessParking': ""{'garage': False, 'street': False, 'validated': False, 'lot': True, 'valet': False}""}","Fast Food, Restaurants, Coffee & Tea, Food, Burgers","{'Monday': '5:0-0:0', 'Tuesday': '5:0-0:0', 'Wednesday': '5:0-0:0', 'Thursday': '5:0-0:0', 'Friday': '5:0-0:0', 'Saturday': '5:0-1:0', 'Sunday': '5:0-1:0'}",11,1,1,0.0,1.5454545454545454,1.0,1.0,0.0,20,0,0,,0,0,0.0,0.5,0.5535714285714285,0.5,0.5178571428571428,Stable,-0.8500000000000001,2.0,High,Negative,Monitor / Intervene,"order_accuracy_wait_time,staff_behavior"
TzqkyPTnK7dtHxnvgyn_4Q,Pipo's Restaurant,7233 W Hillsborough Ave,Tampa,FL,33634.0,27.996668,-82.5610068,4.0,94,1,"{'WiFi': ""u'free'"", 'RestaurantsAttire': ""u'casual'"", 'RestaurantsTakeOut': 'True', 'RestaurantsPriceRange2': '1', 'GoodForKids': 'True', 'HasTV': 'False', 'BusinessAcceptsCreditCards': 'True', 'BikeParking': 'True', 'OutdoorSeating': 'True', 'RestaurantsReservations': 'False', 'NoiseLevel': ""u'average'"", 'Alcohol': ""u'beer_and_wine'"", 'BusinessParking': ""{'garage': False, 'street': False, 'validated': False, 'lot': True, 'valet': False}"", 'RestaurantsGoodForGroups': 'True', 'BusinessAcceptsBitcoin': 'False', 'WheelchairAccessible': 'True', 'RestaurantsTableService': 'False', 'HappyHour': 'False', 'DogsAllowed': 'False', 'GoodForMeal': ""{'dessert': False, 'latenight': False, 'lunch': True, 'dinner': True, 'brunch': None, 'breakfast': None}"", 'BYOB': 'False', 'Ambience': ""{'touristy': False, 'hipster': False, 'romantic': False, 'divey': None, 'intimate': False, 'trendy': False, 'upscale': False, 'classy': False, 'casual': True}"", 'RestaurantsDelivery': 'True', 'Caters': 'True'}","Breakfast & Brunch, Restaurants, Sandwiches, Cuban, Food","{'Monday': '0:0-0:0', 'Tuesday': '7:30-21:0', 'Wednesday': '7:30-21:0', 'Thursday': '7:30-21:0', 'Friday': '7:30-21:0', 'Saturday': '8:0-21:0'}",98,10,5,-0.5,4.183673469387755,4.4,5.0,0.5999999999999996,104,2,0,-1.0,-5,-2,0.5999999999999996,0.4519230769230769,0.5416666666666666,0.575,0.5091880341880342,Declining,0.677,10.0,Low,Positive,Growth Opportunity,"food_product_quality,staff_behavior"
mtpbu6J2Jg7RkmTSEEXtFQ,Miller's Ale House,2108 E Fowler Ave,Tampa,FL,33612.0,28.0550788,-82.4375313652,4.0,173,1,"{'BusinessParking': ""{'garage': False, 'street': False, 'validated': False, 'lot': True, 'valet': False}"", 'Smoking': ""u'outdoor'"", 'BikeParking': 'True', 'RestaurantsReservations': 'False', 'RestaurantsTakeOut': 'True', 'WiFi': ""'free'"", 'GoodForDancing': 'False', 'RestaurantsTableService': 'True', 'OutdoorSeating': 'True', 'Alcohol': ""'full_bar'"", 'RestaurantsGoodForGroups': 'True', 'Music': ""{'dj': False, 'background_music': False, 'no_music': False, 'jukebox': False, 'live': False, 'video': False, 'karaoke': None}"", 'BusinessAcceptsCreditCards': 'True', 'CoatCheck': 'False', 'HappyHour': 'True', 'HasTV': 'True', 'NoiseLevel': ""u'loud'"", 'BestNights': ""{u'monday': False, u'tuesday': False, u'wednesday': False, u'thursday': True, u'friday': True, u'saturday': True, u'sunday': False}"", 'RestaurantsDelivery': 'True', 'Ambience': ""{'touristy': None, 'hipster': False, 'romantic': False, 'divey': False, 'intimate': False, 'trendy': None, 'upscale': False, 'classy': False, 'casual': True}"", 'GoodForKids': 'True', 'RestaurantsPriceRange2': '2', 'RestaurantsAttire': ""'casual'"", 'GoodForMeal': ""{'dessert': True, 'latenight': True, 'lunch': True, 'dinner': True, 'brunch': True, 'breakfast': None}"", 'DogsAllowed': 'False'}","Seafood, Sports Bars, Bars, Restaurants, Nightlife, American (Traditional), American (New)","{'Monday': '0:0-0:0', 'Tuesday': '11:0-0:0', 'Wednesday': '11:0-0:0', 'Thursday': '11:0-0:0', 'Friday': '11:0-21:0', 'Saturday': '11:0-2:0', 'Sunday': '11:0-0:0'}",184,12,14,0.1666666666666666,3.869565217391304,3.75,3.5,-0.25,272,20,16,-0.2,2,-4,-0.25,0.5192307692307693,0.5297619047619047,0.46875,0.511523199023199,Declining,0.32,10.0,Low,Positive,Growth Opportunity,"staff_behavior,food_product_quality"
OiQ1eoqXMPyEUptpUX9JQA,Thomasena's  Restaurant,2374 Orthodox St,Philadelphia,PA,19137.0,40.0052393,-75.0781847,3.5,63,1,"{'RestaurantsTakeOut': 'True', 'DogsAllowed': 'False', 'RestaurantsGoodForGroups': 'True', 'RestaurantsAttire': ""'casual'"", 'Ambience': ""{'touristy': False, 'hipster': False, 'romantic': False, 'divey': False, 'intimate': None, 'trendy': False, 'upscale': False, 'classy': False, 'casual': None}"", 'BusinessParking': ""{'garage': False, 'street': False, 'validated': False, 'lot': True, 'valet': False}"", 'RestaurantsReservations': 'False', 'BusinessAcceptsCreditCards': 'True', 'GoodForMeal': ""{'dessert': False, 'latenight': False, 'lunch': False, 'dinner': False, 'brunch': False, 'breakfast': False}"", 'RestaurantsPriceRange2': '2', 'RestaurantsDelivery': 'True', 'GoodForKids': 'True'}","Restaurants, Southern, Cafeteria, Soul Food",,65,8,2,-0.75,3.753846153846154,4.0,5.0,1.0,12,1,0,-1.0,-6,-1,1.0,0.4423076923076923,0.5476190476190476,0.625,0.518009768009768,Stable,0.7571428571428571,7.0,High,Positive,Expand,"food_product_quality,pricing_value"
gWV1k7XO9DSAodAlanESFA,San Miguelito Mexican Cuisine,2654 S Sixth St,Philadelphia,PA,19148.0,39.9153804,-75.1583858,4.5,62,1,"{'Alcohol': ""u'none'"", 'GoodForMeal': ""{'dessert': False, 'latenight': False, 'lunch': True, 'dinner': False, 'brunch': False, 'breakfast': False}"", 'WiFi': ""'no'"", 'RestaurantsTableService': 'True', 'RestaurantsGoodForGroups': 'True', 'HasTV': 'True', 'GoodForKids': 'True', 'RestaurantsPriceRange2': '1', 'BikeParking': 'True', 'BusinessAcceptsCreditCards': 'False', 'Caters': 'True', 'RestaurantsTakeOut': 'True', 'Ambience': ""{'romantic': False, 'intimate': False, 'classy': False, 'hipster': False, 'divey': False, 'touristy': False, 'trendy': False, 'upscale': False, 'casual': True}"", 'RestaurantsDelivery': 'True', 'RestaurantsAttire': ""u'casual'"", 'OutdoorSeating': 'False', 'NoiseLevel': ""u'quiet'"", 'RestaurantsReservations': 'False', 'BusinessParking': ""{'garage': False, 'street': True, 'validated': False, 'lot': False, 'valet': False}""}","Mexican, Restaurants","{'Monday': '10:0-22:0', 'Tuesday': '10:0-22:0', 'Wednesday': '10:0-22:0', 'Thursday': '10:0-22:0', 'Friday': '10:0-23:0', 'Saturday': '10:0-23:0', 'Sunday': '10:0-22:0'}",64,3,1,-0.6666666666666666,4.71875,4.666666666666667,5.0,0.333333333333333,35,0,0,,-2,0,0.333333333333333,0.4807692307692308,0.5535714285714285,0.5416666666666666,0.5185693935693935,Stable,0.8250000000000001,4.0,High,Positive,Expand,"food_product_quality,staff_behavior"
332MG0dFd8d2JUcszdRdYw,Delightful Garden,906 Arch St,Philadelphia,PA,19107.0,39.9532839,-75.1552661,3.0,61,1,"{'GoodForKids': 'True', 'RestaurantsTableService': 'True', 'RestaurantsTakeOut': 'True', 'OutdoorSeating': 'False', 'NoiseLevel': ""u'average'"", 'RestaurantsAttire': ""u'casual'"", 'GoodForMeal': ""{'dessert': False, 'latenight': False, 'lunch': True, 'dinner': False, 'brunch': False, 'breakfast': False}"", 'RestaurantsReservations': 'True', 'BikeParking': 'True', 'RestaurantsGoodForGroups': 'True', 'RestaurantsDelivery': 'True', 'BusinessParking': ""{'garage': False, 'street': False, 'validated': False, 'lot': False, 'valet': False}"", 'BusinessAcceptsCreditCards': 'True', 'Music': ""{'dj': False, 'background_music': False, 'no_music': False, 'jukebox': False, 'live': False, 'video': False, 'karaoke': False}"", 'RestaurantsPriceRange2': '2', 'Ambience': ""{'romantic': False, 'intimate': False, 'classy': False, 'hipster': False, 'divey': False, 'touristy': False, 'trendy': False, 'upscale': False, 'casual': False}"", 'GoodForDancing': 'False', 'HasTV': 'True', 'HappyHour': 'False', 'WiFi': ""'no'"", 'Alcohol': ""'none'""}","Food, Chinese, Karaoke, Nightlife, Desserts, Restaurants, Szechuan","{'Monday': '11:0-21:30', 'Tuesday': '11:0-21:30', 'Wednesday': '11:0-21:30', 'Thursday': '11:0-21:30', 'Friday': '11:0-21:30', 'Saturday': '11:0-21:30', 'Sunday': '11:0-21:30'}",66,3,5,0.6666666666666666,3.015151515151515,2.0,1.6,-0.3999999999999999,99,2,0,-1.0,2,-2,-0.3999999999999999,0.5192307692307693,0.5416666666666666,0.45,0.5113247863247863,Declining,-0.5,8.0,Low,Negative,Reassess,"pricing_value,food_product_quality"
H_EmJ9Id0pnFw2poOH2OOw,Crazy Burrito,2506 W Columbus Dr,Tampa,FL,33607.0,27.9664862,-82.4854919,4.0,113,1,"{'Caters': 'True', 'RestaurantsTakeOut': 'True', 'GoodForKids': 'True', 'RestaurantsReservations': 'False', 'RestaurantsDelivery': 'True', 'Alcohol': ""u'beer_and_wine'"", 'WiFi': ""u'free'"", 'WheelchairAccessible': 'False', 'GoodForMeal': ""{'dessert': False, 'latenight': False, 'lunch': False, 'dinner': False, 'brunch': False, 'breakfast': False}"", 'BusinessParking': ""{'garage': False, 'street': False, 'validated': True, 'lot': True, 'valet': False}"", 'BYOB': 'False', 'BusinessAcceptsCreditCards': 'True', 'BikeParking': 'True', 'HappyHour': 'True', 'Ambience': ""{'touristy': None, 'hipster': False, 'romantic': False, 'divey': None, 'intimate': None, 'trendy': None, 'upscale': False, 'classy': False, 'casual': None}"", 'OutdoorSeating': 'True', 'Corkage': 'False', 'RestaurantsTableService': 'True', 'HasTV': 'True', 'RestaurantsGoodForGroups': 'True'}","Mexican, Restaurants","{'Monday': '11:0-20:0', 'Tuesday': '11:0-21:0', 'Wednesday': '11:0-21:0', 'Thursday': '11:0-21:0', 'Friday': '11:0-22:0', 'Saturday': '11:0-21:0', 'Sunday': '11:0-20:0'}",114,8,8,0.0,4.2368421052631575,3.875,3.875,0.0,56,9,4,-0.5555555555555556,0,-5,0.0,0.5,0.5238095238095237,0.5,0.5079365079365079,Declining,0.485,10.0,Low,Positive,Growth Opportunity,"food_product_quality,service_speed"
Odx1CHHhQICCehpWMg1w4g,The Ranchito,4745 Rising Sun Ave,Philadelphia,PA,19120.0,40.0228625,-75.1242773,3.5,8,1,"{'OutdoorSeating': 'False', 'GoodForKids': 'True', 'Ambience': ""{'romantic': False, 'intimate': False, 'classy': False, 'hipster': False, 'divey': False, 'touristy': False, 'trendy': False, 'upscale': False, 'casual': False}"", 'NoiseLevel': ""u'loud'"", 'RestaurantsAttire': ""'casual'"", 'RestaurantsReservations': 'False', 'Alcohol': ""'none'"", 'RestaurantsTakeOut': 'True', 'Caters': 'True', 'RestaurantsPriceRange2': '1', 'BusinessAcceptsCreditCards': 'True', 'RestaurantsGoodForGroups': 'True', 'BikeParking': 'False', 'HasTV': 'True', 'WiFi': ""'no'"", 'ByAppointmentOnly': 'False', 'RestaurantsDelivery': 'True', 'BusinessParking': ""{'garage': False, 'street': False, 'validated': False, 'lot': True, 'valet': False}""}","Latin American, Restaurants, Dominican, Caribbean, Mexican","{'Monday': '11:0-21:30', 'Tuesday': '11:0-21:30', 'Wednesday': '11:0-21:30', 'Thursday': '11:0-21:30', 'Friday': '11:0-21:30', 'Saturday': '11:0-21:30', 'Sunday': '11:0-21:30'}",8,1,1,0.0,3.5,4.0,4.0,0.0,3,0,0,,0,0,0.0,0.5,0.5535714285714285,0.5,0.5178571428571428,Stable,0.8,2.0,High,Positive,Expand,"food_product_quality,staff_behavior"
44Xh-IjWDSn7XTw1hzO50g,Dutch Eating Place,1136 Arch St,Philadelphia,PA,19107.0,39.9534618209,-75.1593213069,4.5,796,1,"{'RestaurantsPriceRange2': '1', 'Ambience': ""{'romantic': False, 'intimate': False, 'touristy': False, 'hipster': False, 'divey': False, 'classy': False, 'trendy': False, 'upscale': False, 'casual': True}"", 'NoiseLevel': ""u'loud'"", 'RestaurantsAttire': ""'casual'"", 'RestaurantsReservations': 'False', 'RestaurantsGoodForGroups': 'False', 'GoodForKids': 'True', 'BikeParking': 'True', 'Alcohol': ""'none'"", 'Caters': 'False', 'WiFi': ""u'no'"", 'HappyHour': 'False', 'RestaurantsTableService': 'False', 'BusinessParking': ""{'garage': None, 'street': None, 'validated': False, 'lot': False, 'valet': False}"", 'OutdoorSeating': 'None', 'BusinessAcceptsCreditCards': 'True', 'GoodForMeal': ""{'dessert': False, 'latenight': False, 'lunch': True, 'dinner': False, 'brunch': True, 'breakfast': True}"", 'HasTV': 'True', 'WheelchairAccessible': 'True', 'DogsAllowed': 'False', 'RestaurantsTakeOut': 'True', 'RestaurantsDelivery': 'True'}","Sandwiches, Restaurants, Juice Bars & Smoothies, Food, Breakfast & Brunch","{'Tuesday': '8:0-15:0', 'Wednesday': '8:0-15:0', 'Thursday': '8:0-17:0', 'Friday': '8:0-17:0', 'Saturday': '8:0-17:0'}",807,16,20,0.25,4.319702602230484,4.5625,4.75,0.1875,2366,28,46,0.6428571428571429,4,18,0.1875,0.5384615384615384,0.6607142857142856,0.5234375,0.5758737789987789,Growing,0.74,10.0,High,Positive,Expand,"food_product_quality,staff_behavior"
8iiI_v2E9V4xXByGce05QQ,Pelicana Chicken,6201 N Front St,Philadelphia,PA,19120.0,40.0452787399,-75.1172783944,3.5,11,1,"{'RestaurantsDelivery': 'None', 'RestaurantsTakeOut': 'None'}","Chicken Shop, Korean, Chicken Wings, Restaurants",,11,3,4,0.3333333333333333,3.727272727272727,3.6666666666666665,3.5,-0.1666666666666665,9,3,2,-0.3333333333333333,1,-1,-0.1666666666666665,0.5096153846153846,0.5476190476190476,0.4791666666666667,0.5155168905168904,Stable,0.3557142857142857,7.0,High,Positive,Expand,"food_product_quality,cleanliness_ambiance"
6GePX4W6Cl8LD68zUq_MAA,Rachael's Nosheri,120 S 19th St,Philadelphia,PA,19103.0,39.951262,-75.172332,3.5,135,1,"{'RestaurantsPriceRange2': '1', 'RestaurantsAttire': ""'casual'"", 'BusinessParking': ""{'garage': False, 'street': True, 'validated': False, 'lot': False, 'valet': False}"", 'OutdoorSeating': 'False', 'NoiseLevel': ""u'average'"", 'RestaurantsTakeOut': 'True', 'RestaurantsGoodForGroups': 'True', 'BusinessAcceptsCreditCards': 'True', 'RestaurantsDelivery': 'True', 'WiFi': ""'no'"", 'RestaurantsReservations': 'False', 'BikeParking': 'True', 'Ambience': ""{'romantic': False, 'intimate': False, 'classy': False, 'hipster': False, 'divey': False, 'touristy': False, 'trendy': False, 'upscale': False, 'casual': True}"", 'GoodForKids': 'True', 'Caters': 'True', 'Alcohol': ""u'none'"", 'HasTV': 'False', 'GoodForMeal': ""{'dessert': False, 'latenight': False, 'lunch': True, 'dinner': False, 'brunch': False, 'breakfast': False}""}","Caterers, Kosher, American (Traditional), Restaurants, Delis, Breakfast & Brunch, Sandwiches, Event Planning & Services","{'Monday': '8:0-16:0', 'Tuesday': '8:0-16:0', 'Wednesday': '8:0-16:0', 'Thursday': '8:0-14:0', 'Friday': '8:0-14:0', 'Saturday': '8:0-16:0', 'Sunday': '8:0-14:0'}",139,3,5,0.6666666666666666,3.25179856115108,3.6666666666666665,3.8,0.1333333333333333,206,2,1,-0.5,2,-1,0.1333333333333333,0.5192307692307693,0.5476190476190476,0.5166666666666666,0.5281237281237281,Growing,0.425,8.0,High,Positive,Expand,"food_product_quality,pricing_value"
wTCA2ZJsssbOCjG0h0ZiGg,Redcrest Fried Chicken,1525 S 11th St,Philadelphia,PA,19147.0,39.9301356247,-75.162825,4.0,152,1,"{'WheelchairAccessible': 'False', 'BusinessAcceptsCreditCards': 'True', 'RestaurantsReservations': 'False', 'RestaurantsDelivery': 'True', 'RestaurantsGoodForGroups': 'False', 'HasTV': 'True', 'Alcohol': ""'none'"", 'Caters': 'True', 'GoodForMeal': ""{'dessert': None, 'latenight': None, 'lunch': True, 'dinner': None, 'brunch': None, 'breakfast': None}"", 'WiFi': ""u'no'"", 'BusinessParking': ""{'garage': False, 'street': True, 'validated': False, 'lot': False, 'valet': False}"", 'BikeParking': 'True', 'HappyHour': 'False', 'RestaurantsTableService': 'False', 'Ambience': ""{u'divey': False, u'hipster': True, u'casual': True, u'touristy': False, u'trendy': False, u'intimate': False, u'romantic': False, u'classy': False, u'upscale': False}"", 'BYOB': 'False', 'Corkage': 'False', 'OutdoorSeating': 'False', 'RestaurantsTakeOut': 'True'}","Chicken Shop, Restaurants","{'Monday': '11:0-22:0', 'Tuesday': '11:0-22:0', 'Wednesday': '11:0-22:0', 'Thursday': '11:0-22:0', 'Friday': '11:0-22:0', 'Saturday': '11:0-22:0', 'Sunday': '11:0-22:0'}",156,10,8,-0.2,3.948717948717949,4.4,3.375,-1.0250000000000004,84,3,8,1.6666666666666667,-2,5,-1.0250000000000004,0.4807692307692308,0.5833333333333333,0.3718749999999999,0.490758547008547,Declining,0.575,10.0,Low,Positive,Growth Opportunity,"food_product_quality,pricing_value"
baF2ZFEtsIo2A1k61x3QSw,Tio Flores,1600 South St,Philadelphia,PA,19146.0,39.9440116,-75.1689925,3.5,243,1,"{'BestNights': ""{'monday': True, 'tuesday': False, 'friday': False, 'wednesday': False, 'thursday': False, 'sunday': False, 'saturday': False}"", 'CoatCheck': 'False', 'BusinessParking': ""{'garage': False, 'street': True, 'validated': False, 'lot': False, 'valet': False}"", 'WheelchairAccessible': 'True', 'HasTV': 'True', 'GoodForMeal': ""{'dessert': False, 'latenight': None, 'lunch': None, 'dinner': True, 'brunch': False, 'breakfast': False}"", 'RestaurantsTakeOut': 'True', 'NoiseLevel': ""u'loud'"", 'RestaurantsReservations': 'True', 'BikeParking': 'True', 'RestaurantsAttire': ""u'casual'"", 'BusinessAcceptsCreditCards': 'True', 'RestaurantsTableService': 'True', 'OutdoorSeating': 'True', 'RestaurantsGoodForGroups': 'True', 'Music': ""{'dj': False, 'background_music': False, 'no_music': False, 'jukebox': False, 'live': False, 'video': False, 'karaoke': False}"", 'HappyHour': 'True', 'Alcohol': ""'full_bar'"", 'GoodForKids': 'False', 'RestaurantsDelivery': 'True', 'WiFi': ""u'no'"", 'RestaurantsPriceRange2': '2', 'GoodForDancing': 'False', 'Smoking': ""u'no'"", 'Caters': 'True', 'Ambience': ""{'touristy': False, 'hipster': True, 'romantic': None, 'divey': False, 'intimate': None, 'trendy': True, 'upscale': False, 'classy': False, 'casual': True}""}","Bars, Restaurants, Mexican, Food, Nightlife","{'Wednesday': '15:0-22:0', 'Thursday': '15:0-22:0', 'Friday': '15:0-22:0', 'Saturday': '12:0-22:0', 'Sunday': '12:0-21:0'}",254,14,8,-0.4285714285714285,3.409448818897638,3.071428571428572,2.625,-0.4464285714285716,273,5,7,0.4,-6,2,-0.4464285714285716,0.4423076923076923,0.5654761904761904,0.4441964285714285,0.4837835775335774,Declining,-0.0699999999999999,10.0,Low,Negative,Reassess,"food_product_quality,pricing_value"
D8NEBGvh1DVHbyEs2cWVAQ,McDonald's,5020 City Line Ave,Philadelphia,PA,19131.0,39.999385686,-75.229440406,1.5,57,1,"{'GoodForKids': 'False', 'RestaurantsTakeOut': 'True', 'WiFi': ""'free'"", 'RestaurantsGoodForGroups': 'True', 'RestaurantsReservations': 'False', 'RestaurantsPriceRange2': '1', 'RestaurantsTableService': 'False', 'RestaurantsAttire': ""'casual'"", 'GoodForMeal': ""{'dessert': False, 'latenight': False, 'lunch': False, 'dinner': False, 'brunch': False, 'breakfast': False}"", 'DriveThru': 'True', 'Ambience': ""{'touristy': False, 'hipster': False, 'romantic': False, 'divey': False, 'intimate': False, 'trendy': False, 'upscale': False, 'classy': False, 'casual': False}"", 'BusinessAcceptsCreditCards': 'True', 'RestaurantsDelivery': 'True'}","Fast Food, Coffee & Tea, Burgers, Restaurants, Food","{'Monday': '0:0-0:0', 'Tuesday': '0:0-0:0', 'Wednesday': '0:0-0:0', 'Thursday': '0:0-0:0', 'Friday': '0:0-0:0', 'Saturday': '0:0-0:0', 'Sunday': '0:0-0:0'}",59,4,7,0.75,1.271186440677966,1.0,1.5714285714285714,0.5714285714285714,48,1,0,-1.0,3,-1,0.5714285714285714,0.5288461538461539,0.5476190476190476,0.5714285714285714,0.5445665445665445,Growing,-0.5666666666666667,9.0,High,Negative,Monitor / Intervene,"staff_behavior,other_none"
0uWnByfZNCs0MU1Ag10ujw,Popeyes Louisiana Kitchen,501 Adams Ave,Philadelphia,PA,19120.0,40.0391044,-75.107755411,2.0,7,1,"{'RestaurantsTakeOut': 'True', 'RestaurantsReservations': 'False', 'BusinessParking': ""{'garage': False, 'street': False, 'validated': False, 'lot': False, 'valet': False}"", 'BusinessAcceptsCreditCards': 'True', 'RestaurantsGoodForGroups': 'True', 'Alcohol': ""'none'"", 'Caters': 'False', 'Ambience': ""{'touristy': False, 'hipster': False, 'romantic': False, 'divey': False, 'intimate': False, 'trendy': False, 'upscale': False, 'classy': False, 'casual': False}"", 'RestaurantsDelivery': 'True', 'RestaurantsPriceRange2': '1', 'GoodForMeal': ""{'dessert': False, 'latenight': False, 'lunch': False, 'dinner': False, 'brunch': False, 'breakfast': False}"", 'HasTV': 'True'}","Fast Food, Southern, Chicken Wings, American (Traditional), Restaurants","{'Monday': '10:30-22:0', 'Tuesday': '10:30-22:0', 'Wednesday': '10:30-22:0', 'Thursday': '10:30-22:0', 'Friday': '10:30-22:0', 'Saturday': '10:30-22:0', 'Sunday': '10:30-22:0'}",7,1,1,0.0,1.8571428571428568,1.0,1.0,0.0,15,0,0,,0,0,0.0,0.5,0.5535714285714285,0.5,0.5178571428571428,Stable,-0.8,2.0,High,Negative,Monitor / Intervene,"staff_behavior,cleanliness_ambiance"
5bOUBsE1MH8jubPVI4fVmA,La La’s Sangria Bar,203 N Meridian Ave,Tampa,FL,33602.0,27.9488681449,-82.4484995614,3.5,46,1,"{'CoatCheck': 'False', 'RestaurantsTableService': 'True', 'RestaurantsPriceRange2': '2', 'RestaurantsTakeOut': 'True', 'OutdoorSeating': 'True', 'Ambience': ""{'touristy': False, 'hipster': None, 'romantic': None, 'divey': None, 'intimate': None, 'trendy': True, 'upscale': None, 'classy': None, 'casual': None}"", 'BusinessParking': ""{'garage': False, 'street': False, 'validated': True, 'lot': False, 'valet': True}"", 'HappyHour': 'True', 'HasTV': 'True'}","Food, Tapas Bars, Cocktail Bars, Nightlife, Restaurants, Desserts, Beer Bar, Salad, Bars, Sandwiches","{'Wednesday': '17:0-2:0', 'Thursday': '17:0-2:0', 'Friday': '17:0-3:0', 'Saturday': '17:0-3:0', 'Sunday': '16:0-0:0'}",47,3,4,0.3333333333333333,3.4468085106382977,4.333333333333333,4.0,-0.333333333333333,38,6,0,-1.0,1,-6,-0.333333333333333,0.5096153846153846,0.5178571428571428,0.4583333333333333,0.5009666259666259,Declining,0.4285714285714285,7.0,Low,Positive,Growth Opportunity,"staff_behavior,food_product_quality"
XBYalnLmnJH5OPNacRJIAA,Ladies of the Sea & Soulfood,2705 E Dr Martin Luther King Jr Blvd,Tampa,FL,33607.0,27.981247,-82.4294217,4.0,50,1,"{'GoodForKids': 'False', 'RestaurantsGoodForGroups': 'True', 'GoodForMeal': ""{'dessert': False, 'latenight': False, 'lunch': False, 'dinner': False, 'brunch': False, 'breakfast': False}"", 'RestaurantsReservations': 'False', 'HasTV': 'True', 'OutdoorSeating': 'True', 'RestaurantsTakeOut': 'True', 'BusinessAcceptsCreditCards': 'True', 'RestaurantsPriceRange2': '2', 'WiFi': ""'free'"", 'RestaurantsDelivery': 'True', 'BikeParking': 'False', 'RestaurantsAttire': ""'casual'"", 'Ambience': ""{'touristy': None, 'hipster': None, 'romantic': None, 'divey': None, 'intimate': None, 'trendy': None, 'upscale': None, 'classy': True, 'casual': True}""}","Restaurants, Seafood, Soul Food","{'Monday': '11:30-20:0', 'Tuesday': '11:30-20:0', 'Wednesday': '11:0-20:0', 'Thursday': '11:30-20:0', 'Friday': '11:30-22:0', 'Saturday': '11:30-22:0', 'Sunday': '13:0-18:0'}",51,3,8,1.6666666666666667,3.882352941176471,2.6666666666666665,4.25,1.5833333333333337,22,1,6,5.0,5,5,1.5833333333333337,0.5480769230769231,0.5833333333333333,0.6979166666666667,0.5931267806267806,Growing,0.175,8.0,High,Positive,Expand,"food_product_quality,staff_behavior"
jsL0EmA3k75npcRvleq2VA,Food From The Heart,8010 Ogontz Ave,Philadelphia,PA,19150.0,40.0735447,-75.1585625,4.0,20,1,"{'RestaurantsTakeOut': 'True', 'RestaurantsDelivery': 'True'}","Barbeque, Seafood, Soul Food, Restaurants","{'Tuesday': '12:0-21:0', 'Wednesday': '12:0-21:0', 'Thursday': '12:0-21:0', 'Friday': '12:0-22:0', 'Saturday': '12:0-22:0', 'Sunday': '12:0-19:0'}",20,3,5,0.6666666666666666,3.95,4.0,3.6,-0.3999999999999999,0,0,0,,2,0,-0.3999999999999999,0.5192307692307693,0.5535714285714285,0.45,0.5152930402930402,Stable,0.425,8.0,High,Positive,Expand,"food_product_quality,staff_behavior"
VCTI7doVpU094lugVBP_DA,Boston Market,31 Snyder Ave,Philadelphia,PA,19148.0,39.9217543725,-75.1462794724,3.5,27,1,"{'RestaurantsAttire': ""'casual'"", 'RestaurantsTakeOut': 'True', 'OutdoorSeating': 'False', 'BusinessAcceptsCreditCards': 'True', 'BikeParking': 'False', 'NoiseLevel': ""u'average'"", 'GoodForKids': 'True', 'Alcohol': ""u'none'"", 'RestaurantsGoodForGroups': 'True', 'Caters': 'True', 'RestaurantsPriceRange2': '2', 'HasTV': 'True', 'RestaurantsDelivery': 'True', 'RestaurantsReservations': 'False', 'Ambience': 'None', 'GoodForMeal': ""{u'breakfast': None, u'brunch': None, u'lunch': True, u'dinner': None, u'latenight': None, u'dessert': None}"", 'BusinessParking': ""{u'valet': False, u'garage': False, u'street': None, u'lot': True, u'validated': False}""}","Caterers, Comfort Food, American (Traditional), Event Planning & Services, Restaurants, Chicken Shop, Sandwiches","{'Monday': '11:0-22:0', 'Tuesday': '11:0-22:0', 'Wednesday': '11:0-22:0', 'Thursday': '11:0-22:0', 'Friday': '11:0-22:0', 'Saturday': '11:0-22:0', 'Sunday': '11:0-22:0'}",27,1,1,0.0,3.5185185185185186,1.0,2.0,1.0,98,0,1,,0,1,1.0,0.5,0.5595238095238094,0.625,0.5476190476190476,Growing,-0.8,2.0,High,Negative,Monitor / Intervene,"food_product_quality,pricing_value"
6aClQOutEBgNxwVM2t_S9A,Fresh N Fun,5315 E Busch Blvd,Tampa,FL,33617.0,28.0323737,-82.3957366,3.5,16,1,"{'RestaurantsDelivery': 'None', 'RestaurantsTakeOut': 'None'}","Chicken Wings, Restaurants, Seafood","{'Monday': '10:0-0:0', 'Tuesday': '10:0-0:0', 'Wednesday': '10:0-0:0', 'Thursday': '10:0-2:0', 'Friday': '10:0-2:0', 'Saturday': '10:0-2:0', 'Sunday': '10:0-0:0'}",16,3,3,0.0,3.4375,2.333333333333333,2.333333333333333,0.0,6,1,1,0.0,0,0,0.0,0.5,0.5535714285714285,0.5,0.5178571428571428,Stable,-0.3,6.0,High,Negative,Monitor / Intervene,"food_product_quality,staff_behavior"
OH7EpZrKPnZwZDNKQ5S8iA,Thai Kuu,"35 Bethlehem Pike, Ste 109A",Philadelphia,PA,19118.0,40.0779684,-75.2083651,3.5,173,1,"{'RestaurantsDelivery': 'True', 'RestaurantsPriceRange2': '2', 'OutdoorSeating': 'True', 'WheelchairAccessible': 'True', 'WiFi': ""u'no'"", 'Ambience': ""{'romantic': False, 'intimate': False, 'classy': True, 'hipster': False, 'divey': False, 'touristy': False, 'trendy': False, 'upscale': False, 'casual': False}"", 'RestaurantsTakeOut': 'True', 'BusinessAcceptsCreditCards': 'True', 'Alcohol': ""u'none'"", 'NoiseLevel': ""u'average'"", 'BikeParking': 'True', 'GoodForMeal': ""{'dessert': False, 'latenight': False, 'lunch': True, 'dinner': True, 'brunch': False, 'breakfast': False}"", 'Caters': 'True', 'RestaurantsGoodForGroups': 'False', 'RestaurantsAttire': ""u'casual'"", 'GoodForKids': 'False', 'HappyHour': 'False', 'Corkage': 'True', 'DriveThru': 'True', 'BYOB': 'True', 'BusinessParking': ""{'garage': False, 'street': True, 'validated': False, 'lot': True, 'valet': False}"", 'DogsAllowed': 'False', 'RestaurantsReservations': 'False', 'RestaurantsTableService': 'False', 'HasTV': 'False'}","Thai, Asian Fusion, Restaurants, Soup","{'Monday': '0:0-0:0', 'Tuesday': '16:0-20:30', 'Wednesday': '16:0-20:30', 'Thursday': '16:0-20:30', 'Friday': '16:0-21:0', 'Saturday': '16:0-21:0', 'Sunday': '16:0-20:30'}",179,3,2,-0.3333333333333333,3.659217877094972,3.333333333333333,3.0,-0.3333333333333335,254,1,8,7.0,-1,7,-0.3333333333333335,0.4903846153846153,0.5952380952380951,0.4583333333333333,0.5182132682132681,Stable,0.11,5.0,High,Positive,Expand,"food_product_quality,staff_behavior"
zAxWNkDWBvgNfIwTAyCBMw,Zio's Brick Oven Pizzeria,111 S 13th St,Philadelphia,PA,19107.0,39.9500908,-75.1617499,3.5,193,1,"{'RestaurantsAttire': ""'casual'"", 'BusinessParking': ""{'garage': False, 'street': True, 'validated': False, 'lot': False, 'valet': False}"", 'GoodForKids': 'True', 'WiFi': ""u'no'"", 'HasTV': 'True', 'OutdoorSeating': 'False', 'NoiseLevel': ""u'average'"", 'RestaurantsTakeOut': 'True', 'Alcohol': ""'none'"", 'BikeParking': 'True', 'RestaurantsGoodForGroups': 'True', 'Caters': 'True', 'GoodForMeal': ""{'dessert': False, 'latenight': False, 'lunch': True, 'dinner': True, 'brunch': False, 'breakfast': False}"", 'RestaurantsPriceRange2': '1', 'RestaurantsDelivery': 'True', 'Ambience': ""{'touristy': False, 'hipster': False, 'romantic': False, 'divey': None, 'intimate': False, 'trendy': False, 'upscale': False, 'classy': False, 'casual': True}""}","Italian, Restaurants, Pizza","{'Monday': '10:0-21:0', 'Tuesday': '10:0-21:0', 'Wednesday': '10:0-21:0', 'Thursday': '10:0-21:0', 'Friday': '10:0-23:0', 'Saturday': '10:0-23:0', 'Sunday': '11:0-21:0'}",198,3,2,-0.3333333333333333,3.686868686868687,4.0,5.0,1.0,317,1,6,5.0,-1,5,1.0,0.4903846153846153,0.5833333333333333,0.625,0.5512820512820512,Growing,0.8160000000000001,5.0,High,Positive,Expand,"food_product_quality,service_speed"
4NXtEZ7buJYC7KLzuhZg3Q,Aguila Sandwich Shop,3200 W Hillsborough Ave,Tampa,FL,33614.0,27.9958661,-82.4946704,4.0,204,1,"{'RestaurantsReservations': 'False', 'RestaurantsGoodForGroups': 'True', 'RestaurantsPriceRange2': '1', 'BusinessAcceptsCreditCards': 'True', 'BikeParking': 'True', 'GoodForKids': 'True', 'Alcohol': ""u'none'"", 'RestaurantsAttire': ""u'casual'"", 'Caters': 'True', 'RestaurantsDelivery': 'True', 'WiFi': ""u'no'"", 'RestaurantsTakeOut': 'True', 'WheelchairAccessible': 'True', 'Ambience': ""{'touristy': False, 'hipster': False, 'romantic': False, 'divey': None, 'intimate': False, 'trendy': False, 'upscale': False, 'classy': False, 'casual': True}"", 'NoiseLevel': ""u'average'"", 'OutdoorSeating': 'True', 'BusinessParking': ""{'garage': False, 'street': False, 'validated': False, 'lot': True, 'valet': False}"", 'HasTV': 'True', 'DogsAllowed': 'False', 'RestaurantsTableService': 'True', 'HappyHour': 'False', 'GoodForMeal': ""{u'breakfast': None, u'brunch': None, u'lunch': True, u'dinner': None, u'latenight': False, u'dessert': False}""}","Food, Breakfast & Brunch, Cuban, Restaurants, Sandwiches, Desserts","{'Monday': '6:0-0:0', 'Tuesday': '6:0-0:0', 'Wednesday': '6:0-0:0', 'Thursday': '6:0-0:0', 'Friday': '6:0-0:0', 'Saturday': '6:0-0:0', 'Sunday': '7:0-23:0'}",213,10,9,-0.1,3.835680751173709,2.8,3.111111111111111,0.3111111111111113,340,7,4,-0.4285714285714285,-1,-3,0.3111111111111113,0.4903846153846153,0.5357142857142856,0.5388888888888889,0.5162732329398996,Stable,0.24,10.0,High,Positive,Expand,"food_product_quality,pricing_value"
REJ5UMeKH0Ylkf7Ym1rXMA,Hawkeye's New York Style Pizza,14835 N Florida Ave,Tampa,FL,33613.0,28.0837736,-82.4591233,4.5,54,1,"{'ByAppointmentOnly': 'False', 'DogsAllowed': 'False', 'RestaurantsTakeOut': 'True', 'WheelchairAccessible': 'True', 'BusinessParking': ""{'garage': False, 'street': False, 'validated': False, 'lot': False, 'valet': False}"", 'RestaurantsReservations': 'False', 'BYOB': 'False', 'WiFi': ""u'no'"", 'Caters': 'True', 'Ambience': ""{'touristy': False, 'hipster': False, 'romantic': False, 'divey': False, 'intimate': False, 'trendy': False, 'upscale': False, 'classy': False, 'casual': False}"", 'NoiseLevel': ""u'quiet'"", 'GoodForMeal': ""{'dessert': False, 'latenight': False, 'lunch': False, 'dinner': False, 'brunch': False, 'breakfast': False}"", 'HappyHour': 'False', 'BusinessAcceptsCreditCards': 'True', 'OutdoorSeating': 'False', 'RestaurantsAttire': ""u'casual'"", 'HasTV': 'True', 'BusinessAcceptsBitcoin': 'False', 'RestaurantsPriceRange2': '2', 'RestaurantsDelivery': 'True', 'Corkage': 'False', 'Alcohol': ""u'none'"", 'RestaurantsTableService': 'False', 'BikeParking': 'False'}","Restaurants, Italian, Sandwiches, Burgers, Pizza, Chicken Wings, Salad",{'Monday': '0:0-0:0'},55,3,1,-0.6666666666666666,4.236363636363636,2.6666666666666665,5.0,2.333333333333333,9,0,0,,-2,0,2.333333333333333,0.4807692307692308,0.5535714285714285,0.7916666666666666,0.574124949124949,Growing,0.15,4.0,High,Positive,Expand,"staff_behavior,food_product_quality"
ZLhu-sAejh5yGd8aV9zcGQ,Catrinas Tacos and Tequila,1611 N Howard Ave,Tampa,FL,33607.0,27.9570538235,-82.4828053211,3.5,225,1,"{'BikeParking': 'True', 'RestaurantsDelivery': 'True', 'RestaurantsTakeOut': 'True', 'BusinessAcceptsBitcoin': 'False', 'NoiseLevel': ""u'average'"", 'GoodForKids': 'True', 'OutdoorSeating': 'True', 'WiFi': ""u'free'"", 'RestaurantsAttire': ""u'casual'"", 'Alcohol': ""u'full_bar'"", 'RestaurantsGoodForGroups': 'True', 'RestaurantsPriceRange2': '2', 'DogsAllowed': 'False', 'BusinessParking': ""{'garage': False, 'street': True, 'validated': False, 'lot': True, 'valet': False}"", 'RestaurantsReservations': 'True', 'GoodForMeal': ""{'dessert': False, 'latenight': False, 'lunch': True, 'dinner': True, 'brunch': None, 'breakfast': False}"", 'Caters': 'True', 'Ambience': ""{u'divey': False, u'hipster': None, u'casual': True, u'touristy': False, u'trendy': None, u'intimate': False, u'romantic': False, u'classy': False, u'upscale': False}"", 'RestaurantsTableService': 'False', 'Music': ""{u'dj': False, u'live': None, u'jukebox': False, u'video': False, u'background_music': False, u'karaoke': False, u'no_music': False}"", 'Smoking': ""u'outdoor'"", 'BestNights': ""{u'monday': False, u'tuesday': True, u'wednesday': True, u'thursday': False, u'friday': False, u'saturday': True, u'sunday': False}"", 'HappyHour': 'True', 'BusinessAcceptsCreditCards': 'False', 'HasTV': 'False'}","Seafood, Diners, Food, Beer, Wine & Spirits, Restaurants, Tacos, Nightlife, Mexican, Bars","{'Monday': '0:0-0:0', 'Tuesday': '11:0-21:0', 'Wednesday': '11:0-21:0', 'Thursday': '11:0-21:0', 'Friday': '11:0-22:0', 'Saturday': '11:0-22:0'}",238,14,7,-0.5,3.739495798319328,4.571428571428571,4.857142857142857,0.2857142857142856,381,8,6,-0.25,-7,-2,0.2857142857142856,0.4326923076923077,0.5416666666666666,0.5357142857142857,0.4919108669108669,Declining,0.725,10.0,Low,Positive,Growth Opportunity,"food_product_quality,staff_behavior"
RpNWMXXPnNkt8kmvJcP5ig,Maloney's Local Irish Pub,9540 W Linebaugh Ave,Tampa,FL,33626.0,28.0429799956,-82.5917816162,3.5,114,1,"{'HasTV': 'True', 'Alcohol': ""u'full_bar'"", 'RestaurantsReservations': 'False', 'RestaurantsTakeOut': 'True', 'RestaurantsPriceRange2': '2', 'OutdoorSeating': 'True', 'RestaurantsDelivery': 'True', 'RestaurantsGoodForGroups': 'True', 'BusinessAcceptsCreditCards': 'True', 'BikeParking': 'True', 'RestaurantsAttire': ""u'casual'"", 'Ambience': ""{'romantic': False, 'intimate': False, 'touristy': False, 'hipster': False, 'divey': False, 'classy': False, 'trendy': False, 'upscale': False, 'casual': True}"", 'GoodForKids': 'False', 'Caters': 'False', 'GoodForMeal': ""{'dessert': False, 'latenight': True, 'lunch': True, 'dinner': True, 'brunch': False, 'breakfast': False}"", 'NoiseLevel': ""u'loud'"", 'Music': ""{'dj': False, 'background_music': False, 'no_music': False, 'jukebox': False, 'live': True, 'video': False, 'karaoke': False}"", 'HappyHour': 'True', 'WiFi': ""'free'"", 'BusinessParking': ""{'garage': False, 'street': None, 'validated': False, 'lot': None, 'valet': False}""}","Food, Fish & Chips, Bars, Beer, Wine & Spirits, Irish Pub, Irish, Restaurants, Nightlife","{'Monday': '12:0-22:0', 'Tuesday': '12:0-22:0', 'Wednesday': '12:0-22:0', 'Thursday': '12:0-22:0', 'Friday': '12:0-22:0', 'Saturday': '12:0-22:0', 'Sunday': '12:0-22:0'}",118,8,7,-0.125,3.610169491525424,3.375,3.4285714285714284,0.0535714285714283,448,4,6,0.5,-1,2,0.0535714285714283,0.4903846153846153,0.5654761904761904,0.5066964285714285,0.5190399877899876,Stable,0.129,10.0,High,Positive,Expand,"staff_behavior,food_product_quality"
o45O8DI0MJXYsHnoIkP0jg,D'jakarta Cafe,1540 W Ritner St,Philadelphia,PA,19145.0,39.9209022,-75.173679,4.5,107,1,"{'BusinessParking': ""{'garage': False, 'street': True, 'validated': False, 'lot': False, 'valet': False}"", 'GoodForKids': 'True', 'WheelchairAccessible': 'False', 'NoiseLevel': ""u'average'"", 'Alcohol': ""u'none'"", 'DogsAllowed': 'False', 'RestaurantsTableService': 'True', 'ByAppointmentOnly': 'False', 'RestaurantsReservations': 'True', 'RestaurantsDelivery': 'True', 'RestaurantsTakeOut': 'True', 'RestaurantsAttire': ""'casual'"", 'BYOB': 'True', 'Corkage': 'False', 'BusinessAcceptsBitcoin': 'False', 'BusinessAcceptsCreditCards': 'True', 'HappyHour': 'False', 'Ambience': ""{u'divey': False, u'hipster': False, u'casual': True, u'touristy': None, u'trendy': None, u'intimate': False, u'romantic': False, u'classy': None, u'upscale': False}"", 'RestaurantsGoodForGroups': 'True', 'WiFi': ""u'no'"", 'BikeParking': 'True', 'OutdoorSeating': 'False', 'RestaurantsPriceRange2': '2', 'GoodForMeal': ""{'dessert': None, 'latenight': None, 'lunch': True, 'dinner': True, 'brunch': None, 'breakfast': None}"", 'Caters': 'False', 'HasTV': 'True'}","Restaurants, Seafood, Indonesian, Asian Fusion","{'Wednesday': '11:0-19:30', 'Thursday': '11:0-19:30', 'Friday': '11:0-20:30', 'Saturday': '11:0-20:30', 'Sunday': '11:0-19:30'}",111,4,8,1.0,4.405405405405405,4.75,4.5,-0.25,126,3,7,1.3333333333333333,4,4,-0.25,0.5384615384615384,0.5773809523809523,0.46875,0.5359432234432234,Growing,0.7944444444444445,9.0,High,Positive,Expand,"food_product_quality,staff_behavior"
CaS4OzIfDfbYyGai0Wn3Zw,Intelligent Gourmet,3413 S Manhattan Ave,Tampa,FL,33629.0,27.9125381982,-82.5181973515,4.5,51,1,"{'BikeParking': 'True', 'BusinessParking': ""{'garage': False, 'street': True, 'validated': False, 'lot': False, 'valet': False}"", 'RestaurantsPriceRange2': '2', 'BusinessAcceptsCreditCards': 'True', 'WiFi': ""'free'"", 'RestaurantsTakeOut': 'True', 'Alcohol': ""'none'"", 'RestaurantsDelivery': 'False', 'Caters': 'True', 'DogsAllowed': 'True', 'WheelchairAccessible': 'True'}","Organic Stores, Juice Bars & Smoothies, Restaurants, Ethnic Food, Food, Specialty Food, Health Markets","{'Monday': '0:0-0:0', 'Tuesday': '10:30-18:0', 'Wednesday': '10:30-18:0', 'Thursday': '10:30-18:0', 'Friday': '10:30-18:0', 'Saturday': '11:0-16:0'}",52,5,4,-0.2,4.519230769230769,5.0,5.0,0.0,33,1,0,-1.0,-1,-1,0.0,0.4903846153846153,0.5476190476190476,0.5,0.5115995115995116,Declining,0.8811111111111111,9.0,Low,Positive,Growth Opportunity,"food_product_quality,staff_behavior"
8hKi4SyepMGe2W1L4aQ_JQ,Italian Kitchen,2035 N 63rd St,Philadelphia,PA,19151.0,39.9864213428,-75.2479510009,3.0,24,1,"{'RestaurantsAttire': ""'casual'"", 'HasTV': 'True', 'RestaurantsReservations': 'True', 'WiFi': ""u'paid'"", 'OutdoorSeating': 'False', 'GoodForKids': 'True', 'BusinessParking': ""{'garage': False, 'street': False, 'validated': False, 'lot': False, 'valet': False}"", 'RestaurantsPriceRange2': '1', 'RestaurantsTakeOut': 'True', 'RestaurantsGoodForGroups': 'True', 'Ambience': ""{'touristy': False, 'hipster': False, 'romantic': False, 'divey': False, 'intimate': False, 'trendy': False, 'upscale': False, 'classy': False, 'casual': False}"", 'RestaurantsDelivery': 'True', 'BusinessAcceptsCreditCards': 'True', 'Caters': 'True'}","Pizza, Breakfast & Brunch, Italian, Sandwiches, Restaurants","{'Monday': '10:30-23:0', 'Tuesday': '10:30-23:0', 'Wednesday': '10:30-23:0', 'Thursday': '10:30-23:0', 'Friday': '10:30-0:0', 'Saturday': '10:30-0:0', 'Sunday': '11:0-22:0'}",27,1,1,0.0,3.0,1.0,5.0,4.0,8,0,0,,0,0,4.0,0.5,0.5535714285714285,1.0,0.628968253968254,Growing,-0.0499999999999999,2.0,High,Negative,Monitor / Intervene,"service_speed,staff_behavior"
JTjrrxgd3p80lS2h_YxsiQ,Taqueria Gonzalez,1912 N Howard Ave,Tampa,FL,33607.0,27.9590453975,-82.4830808,5.0,13,1,"{'BusinessParking': ""{u'valet': False, u'garage': True, u'street': False, u'lot': True, u'validated': False}""}","Restaurants, Tacos, Mexican","{'Monday': '5:0-17:0', 'Tuesday': '5:0-21:0', 'Wednesday': '5:0-17:0', 'Thursday': '5:0-17:0', 'Friday': '5:0-21:0', 'Saturday': '5:0-21:0'}",13,7,3,-0.5714285714285714,4.923076923076923,5.0,4.666666666666667,-0.333333333333333,6,3,3,0.0,-4,0,-0.333333333333333,0.4615384615384615,0.5535714285714285,0.4583333333333333,0.4915038665038664,Declining,0.8250000000000001,8.0,Low,Positive,Growth Opportunity,"food_product_quality,pricing_value"
SNxUXrSr-XkEkSQIdjmjhA,Hank's Catfish & BBQ,8546 N Dale Mabry Hwy,Tampa,FL,33614.0,28.0283417,-82.5055852,3.5,238,1,"{'Alcohol': ""u'beer_and_wine'"", 'WiFi': ""u'free'"", 'BusinessParking': ""{'garage': False, 'street': False, 'validated': False, 'lot': True, 'valet': False}"", 'HasTV': 'True', 'GoodForKids': 'True', 'NoiseLevel': ""u'average'"", 'RestaurantsGoodForGroups': 'True', 'RestaurantsReservations': 'True', 'RestaurantsPriceRange2': '2', 'Caters': 'True', 'BusinessAcceptsCreditCards': 'True', 'OutdoorSeating': 'True', 'RestaurantsAttire': ""u'casual'"", 'RestaurantsDelivery': 'False', 'GoodForMeal': ""{'dessert': None, 'latenight': False, 'lunch': True, 'dinner': True, 'brunch': False, 'breakfast': False}"", 'DogsAllowed': 'False', 'Ambience': ""{'romantic': False, 'intimate': False, 'touristy': False, 'hipster': False, 'divey': False, 'classy': False, 'trendy': False, 'upscale': False, 'casual': True}"", 'BikeParking': 'True', 'RestaurantsTakeOut': 'True'}","Restaurants, Southern, Barbeque","{'Monday': '11:0-21:0', 'Tuesday': '11:0-21:0', 'Wednesday': '11:0-21:0', 'Thursday': '11:0-21:0', 'Friday': '11:0-22:0', 'Saturday': '11:0-22:0', 'Sunday': '12:0-19:0'}",251,11,17,0.5454545454545454,3.613545816733068,3.1818181818181817,2.8823529411764706,-0.2994652406417111,339,4,3,-0.25,6,-1,-0.2994652406417111,0.5576923076923077,0.5476190476190476,0.4625668449197861,0.5331955626073273,Growing,-0.2299999999999999,10.0,High,Negative,Monitor / Intervene,"food_product_quality,staff_behavior"
Itft7SwYFUXP02MpcijMOQ,Publix Super Markets Deli,10015 N Dale Mabry Hwy,Tampa,FL,33618.0,28.040902,-82.5037789,3.5,44,1,"{'RestaurantsPriceRange2': '2', 'BusinessParking': ""{'garage': False, 'street': False, 'validated': False, 'lot': True, 'valet': False}"", 'BikeParking': 'True', 'BusinessAcceptsCreditCards': 'True', 'Caters': 'True', 'RestaurantsTakeOut': 'True'}","Restaurants, Food, Grocery, Drugstores, Delis, Shopping","{'Monday': '7:0-22:0', 'Tuesday': '7:0-22:0', 'Wednesday': '7:0-22:0', 'Thursday': '7:0-22:0', 'Friday': '7:0-22:0', 'Saturday': '7:0-22:0', 'Sunday': '7:0-22:0'}",45,1,1,0.0,3.533333333333333,5.0,5.0,0.0,372,5,3,-0.4,0,-2,0.0,0.5,0.5416666666666666,0.5,0.5138888888888888,Stable,0.9,2.0,High,Positive,Expand,"service_speed,staff_behavior"
cGWhF0eEogy0DKPwCU9TtA,Si-Am Thai,713 N Franklin St,Tampa,FL,33602.0,27.9504891,-82.4590146,4.0,202,1,"{'GoodForKids': 'True', 'BusinessAcceptsCreditCards': 'True', 'NoiseLevel': ""'quiet'"", 'RestaurantsPriceRange2': '2', 'RestaurantsAttire': ""u'casual'"", 'Alcohol': ""u'beer_and_wine'"", 'RestaurantsReservations': 'True', 'RestaurantsGoodForGroups': 'True', 'BikeParking': 'True', 'RestaurantsTableService': 'True', 'DogsAllowed': 'False', 'Caters': 'True', 'GoodForMeal': ""{u'breakfast': False, u'brunch': False, u'lunch': True, u'dinner': True, u'latenight': False, u'dessert': None}"", 'BestNights': ""{'monday': False, 'tuesday': False, 'friday': False, 'wednesday': False, 'thursday': False, 'sunday': False, 'saturday': True}"", 'DriveThru': 'True', 'HasTV': 'True', 'WiFi': ""'free'"", 'Music': ""{u'dj': None, u'live': False, u'jukebox': None, u'video': False, u'background_music': False, u'karaoke': None, u'no_music': False}"", 'Ambience': ""{'touristy': False, 'hipster': False, 'romantic': None, 'divey': False, 'intimate': None, 'trendy': None, 'upscale': None, 'classy': None, 'casual': True}"", 'BusinessParking': ""{'garage': None, 'street': True, 'validated': False, 'lot': True, 'valet': False}"", 'CoatCheck': 'False', 'RestaurantsDelivery': 'True', 'RestaurantsTakeOut': 'None', 'OutdoorSeating': 'True'}","Restaurants, Thai, Asian Fusion, Salad, Beer Bar, Soup, Nightlife, Comfort Food, Bars","{'Monday': '16:30-21:0', 'Tuesday': '16:30-21:0', 'Wednesday': '16:30-21:0', 'Thursday': '16:30-21:0', 'Friday': '16:30-21:0', 'Saturday': '16:30-21:0'}",208,11,10,-0.0909090909090909,4.201923076923077,4.454545454545454,4.4,-0.0545454545454537,296,15,7,-0.5333333333333333,-1,-8,-0.0545454545454537,0.4903846153846153,0.5059523809523809,0.4931818181818183,0.4961954711954711,Declining,0.62,10.0,Low,Positive,Growth Opportunity,"food_product_quality,staff_behavior"
pdh91rffpM9QptHSXjJFVQ,Viet Kitchen,3698 W Waters Ave,Tampa,FL,33614.0,28.0247456,-82.5034875,4.5,109,1,"{'HasTV': 'True', 'BusinessAcceptsCreditCards': 'True', 'RestaurantsDelivery': 'None', 'RestaurantsTableService': 'True', 'WheelchairAccessible': 'True', 'BusinessAcceptsBitcoin': 'False', 'Corkage': 'False', 'BikeParking': 'True', 'WiFi': ""u'free'"", 'Alcohol': ""u'none'"", 'BusinessParking': ""{'garage': False, 'street': False, 'validated': False, 'lot': True, 'valet': False}"", 'RestaurantsTakeOut': 'None', 'RestaurantsReservations': 'True', 'Caters': 'True', 'OutdoorSeating': 'None', 'DogsAllowed': 'False', 'Ambience': ""{'touristy': False, 'hipster': False, 'romantic': False, 'divey': False, 'intimate': False, 'trendy': False, 'upscale': False, 'classy': True, 'casual': False}""}","Food, Vegetarian, Bubble Tea, Vietnamese, Restaurants","{'Monday': '17:0-20:0', 'Tuesday': '17:0-20:0', 'Wednesday': '17:0-20:0', 'Friday': '17:0-20:0', 'Saturday': '17:0-20:0', 'Sunday': '17:0-20:0'}",112,25,22,-0.12,4.696428571428571,4.64,4.454545454545454,-0.1854545454545455,69,21,15,-0.2857142857142857,-3,-6,-0.1854545454545455,0.4711538461538461,0.5178571428571428,0.4768181818181818,0.4879803529803529,Declining,0.679,10.0,Low,Positive,Growth Opportunity,"food_product_quality,staff_behavior"
03dIEDBsDERr6Osmey-udQ,Steelbach at Armature Works,1910 N Ola Ave,Tampa,FL,33602.0,27.9611064,-82.4640636,4.0,727,1,"{'RestaurantsAttire': ""u'casual'"", 'RestaurantsTableService': 'True', 'ByAppointmentOnly': 'False', 'RestaurantsGoodForGroups': 'True', 'OutdoorSeating': 'True', 'WheelchairAccessible': 'True', 'RestaurantsReservations': 'True', 'BusinessAcceptsBitcoin': 'False', 'GoodForKids': 'True', 'NoiseLevel': ""'average'"", 'BusinessParking': ""{'garage': False, 'street': True, 'validated': False, 'lot': True, 'valet': True}"", 'Caters': 'True', 'BusinessAcceptsCreditCards': 'True', 'RestaurantsPriceRange2': '3', 'RestaurantsDelivery': 'None', 'DogsAllowed': 'True', 'Alcohol': ""u'full_bar'"", 'HasTV': 'False', 'WiFi': ""u'free'"", 'RestaurantsTakeOut': 'None', 'Ambience': ""{'touristy': False, 'hipster': True, 'romantic': False, 'divey': False, 'intimate': False, 'trendy': True, 'upscale': True, 'classy': True, 'casual': True}"", 'BYOB': 'False', 'Corkage': 'True', 'HappyHour': 'False', 'GoodForMeal': ""{u'breakfast': None, u'brunch': True, u'lunch': True, u'dinner': True, u'latenight': None, u'dessert': True}"", 'BikeParking': 'True'}","Seafood, Steakhouses, Southern, American (New), Restaurants","{'Monday': '0:0-0:0', 'Tuesday': '11:0-22:0', 'Wednesday': '11:0-22:0', 'Thursday': '11:30-20:0', 'Friday': '11:0-0:0', 'Saturday': '9:30-0:0', 'Sunday': '9:30-22:0'}",744,73,79,0.0821917808219178,4.115591397849462,3.945205479452055,3.987341772151898,0.042136292699844,460,47,46,-0.0212765957446808,6,-1,0.042136292699844,0.5576923076923077,0.5476190476190476,0.5052670365874805,0.5426844940890372,Growing,0.32,10.0,High,Positive,Expand,"food_product_quality,staff_behavior"
edU5K_QDvydTbWr4xfCfmg,Dezzy's Jamaican Restaurant,4945 Frankford Ave,Philadelphia,PA,19124.0,40.0199613,-75.0805244,4.0,13,1,"{'GoodForKids': 'False', 'NoiseLevel': ""u'average'"", 'RestaurantsAttire': ""'casual'"", 'RestaurantsPriceRange2': '2', 'RestaurantsGoodForGroups': 'False', 'RestaurantsReservations': 'True', 'OutdoorSeating': 'None', 'BusinessAcceptsCreditCards': 'True', 'RestaurantsDelivery': 'True', 'GoodForMeal': ""{'dessert': False, 'latenight': False, 'lunch': False, 'dinner': False, 'brunch': False, 'breakfast': False}"", 'WiFi': ""'no'"", 'RestaurantsTakeOut': 'True'}","Caribbean, Restaurants","{'Monday': '10:0-22:0', 'Tuesday': '10:0-22:0', 'Wednesday': '10:0-22:0', 'Thursday': '10:0-22:0', 'Friday': '10:0-0:0', 'Saturday': '10:0-0:0', 'Sunday': '11:0-20:0'}",13,1,1,0.0,3.923076923076923,4.0,4.0,0.0,8,2,2,0.0,0,0,0.0,0.5,0.5535714285714285,0.5,0.5178571428571428,Stable,0.7,2.0,High,Positive,Expand,"staff_behavior,food_product_quality"
-AWclhh1_2VnqPylPgBU3g,Outback Steakhouse,10918 N Dale Mabry Hwy,Tampa,FL,33618.0,28.0482804427,-82.5052070323,3.0,115,1,"{'BusinessParking': ""{'garage': False, 'street': False, 'validated': False, 'lot': True, 'valet': False}"", 'RestaurantsReservations': 'True', 'RestaurantsDelivery': 'True', 'HasTV': 'True', 'Alcohol': ""u'full_bar'"", 'NoiseLevel': ""'average'"", 'OutdoorSeating': 'False', 'GoodForKids': 'True', 'Caters': 'True', 'BikeParking': 'True', 'RestaurantsAttire': ""'casual'"", 'BusinessAcceptsCreditCards': 'True', 'RestaurantsPriceRange2': '2', 'RestaurantsGoodForGroups': 'True', 'RestaurantsTableService': 'True', 'RestaurantsTakeOut': 'True', 'GoodForMeal': ""{'dessert': True, 'latenight': None, 'lunch': True, 'dinner': True, 'brunch': None, 'breakfast': None}"", 'DogsAllowed': 'False', 'Ambience': ""{u'divey': False, u'hipster': False, u'casual': True, u'touristy': None, u'trendy': None, u'intimate': False, u'romantic': False, u'classy': False, u'upscale': False}"", 'HappyHour': 'True', 'WiFi': ""'free'"", 'CoatCheck': 'False'}","Restaurants, Steakhouses","{'Monday': '0:0-0:0', 'Tuesday': '11:0-22:0', 'Wednesday': '11:0-22:0', 'Thursday': '11:0-22:0', 'Friday': '11:0-22:0', 'Saturday': '11:0-22:0', 'Sunday': '11:0-22:0'}",125,5,5,0.0,3.152,1.8,3.6,1.8,213,10,4,-0.6,0,-6,1.8,0.5,0.5178571428571428,0.725,0.5559523809523809,Growing,-0.286,10.0,High,Negative,Monitor / Intervene,"food_product_quality,staff_behavior"
jS3affmkXWrBnidXA-DIfQ,Butcher Bar,2034 Chestnut St,Philadelphia,PA,19103.0,39.9520301,-75.1748960093,4.0,682,1,"{'OutdoorSeating': 'True', 'RestaurantsAttire': ""'casual'"", 'RestaurantsPriceRange2': '2', 'HasTV': 'True', 'BikeParking': 'False', 'RestaurantsDelivery': 'True', 'GoodForDancing': 'False', 'RestaurantsTableService': 'True', 'WheelchairAccessible': 'False', 'Ambience': ""{'touristy': False, 'hipster': False, 'romantic': False, 'divey': False, 'intimate': False, 'trendy': True, 'upscale': False, 'classy': True, 'casual': True}"", 'CoatCheck': 'False', 'Alcohol': ""'full_bar'"", 'NoiseLevel': ""u'average'"", 'GoodForKids': 'False', 'RestaurantsReservations': 'True', 'Smoking': ""u'no'"", 'BusinessParking': ""{'garage': False, 'street': True, 'validated': False, 'lot': False, 'valet': False}"", 'GoodForMeal': ""{'dessert': False, 'latenight': False, 'lunch': False, 'dinner': True, 'brunch': False, 'breakfast': False}"", 'WiFi': ""'free'"", 'BusinessAcceptsCreditCards': 'True', 'Caters': 'True', 'BestNights': ""{'monday': False, 'tuesday': False, 'friday': True, 'wednesday': False, 'thursday': True, 'sunday': False, 'saturday': True}"", 'RestaurantsTakeOut': 'True', 'RestaurantsGoodForGroups': 'True', 'HappyHour': 'True', 'DogsAllowed': 'False', 'Music': ""{'dj': False, 'background_music': False, 'no_music': False, 'jukebox': False, 'live': False, 'video': False, 'karaoke': False}""}","Steakhouses, Comfort Food, Butcher, Bars, Specialty Food, Food, Nightlife, Whiskey Bars, Restaurants, Gastropubs","{'Monday': '16:0-21:0', 'Tuesday': '16:0-21:0', 'Wednesday': '16:0-21:0', 'Thursday': '16:0-22:0', 'Friday': '16:0-23:0', 'Saturday': '16:0-23:0', 'Sunday': '16:0-21:0'}",694,28,17,-0.3928571428571428,3.9985590778097984,3.321428571428572,3.882352941176471,0.5609243697478989,880,24,14,-0.4166666666666667,-11,-10,0.5609243697478989,0.3942307692307692,0.4940476190476189,0.5701155462184874,0.4665885585003231,Declining,0.44,10.0,Low,Positive,Growth Opportunity,"food_product_quality,staff_behavior"
S3-EuL3U_nQmiugDnYPiFw,Fahrenheit 451 Bar & Pizzeria,1809 John F Kennedy Blvd,Philadelphia,PA,19103.0,39.9543073759,-75.1703081549,3.5,8,1,"{'RestaurantsDelivery': 'None', 'RestaurantsTakeOut': 'None'}","Bartenders, Bars, Event Planning & Services, Restaurants, Nightlife, Pizza","{'Monday': '10:0-22:0', 'Tuesday': '10:0-22:0', 'Wednesday': '10:0-22:0', 'Thursday': '10:0-22:0', 'Friday': '10:0-22:0', 'Saturday': '10:0-22:0', 'Sunday': '10:0-22:0'}",9,5,4,-0.2,3.333333333333333,3.0,3.75,0.75,2,2,0,-1.0,-1,-2,0.75,0.4903846153846153,0.5416666666666666,0.59375,0.5304487179487178,Growing,0.2111111111111111,9.0,High,Positive,Expand,"staff_behavior,food_product_quality"
DHENrreqQDQx9NtuorNOZw,Gio's Cuban Cafe,411 S MacDill Ave,Tampa,FL,33609.0,27.9405177,-82.4936628,3.0,16,1,"{'Ambience': ""{'touristy': False, 'hipster': False, 'romantic': False, 'divey': False, 'intimate': False, 'trendy': False, 'upscale': False, 'classy': False, 'casual': False}"", 'GoodForMeal': ""{'dessert': False, 'latenight': False, 'lunch': False, 'dinner': False, 'brunch': False, 'breakfast': False}"", 'WiFi': ""u'free'"", 'HasTV': 'True'}","Restaurants, Cafes",,16,1,2,1.0,3.1875,5.0,1.5,-3.5,17,3,3,0.0,1,0,-3.5,0.5096153846153846,0.5535714285714285,0.0625,0.4249084249084248,Declining,-0.2333333333333333,3.0,Low,Negative,Reassess,"food_product_quality,order_accuracy_wait_time"
YBak8o0xCiNN4sXr3izLbg,Barcade,1114 Frankford Ave,Philadelphia,PA,19123.0,39.9673696,-75.1345292,3.5,506,1,"{'Alcohol': ""u'full_bar'"", 'BikeParking': 'True', 'GoodForKids': 'False', 'RestaurantsPriceRange2': '2', 'NoiseLevel': ""u'loud'"", 'BusinessAcceptsCreditCards': 'True', 'RestaurantsGoodForGroups': 'True', 'HasTV': 'True', 'OutdoorSeating': 'True', 'Ambience': ""{'romantic': False, 'intimate': False, 'touristy': False, 'hipster': True, 'divey': False, 'classy': False, 'trendy': False, 'upscale': False, 'casual': False}"", 'BusinessParking': ""{'garage': False, 'street': True, 'validated': False, 'lot': False, 'valet': False}"", 'RestaurantsAttire': ""u'casual'"", 'WiFi': ""u'free'"", 'BestNights': ""{'monday': False, 'tuesday': False, 'friday': True, 'wednesday': False, 'thursday': True, 'sunday': False, 'saturday': True}"", 'RestaurantsTakeOut': 'True', 'RestaurantsTableService': 'False', 'Music': ""{'dj': False, 'background_music': False, 'no_music': False, 'jukebox': False, 'live': False, 'video': False, 'karaoke': False}"", 'Caters': 'False', 'RestaurantsReservations': 'False', 'BusinessAcceptsBitcoin': 'False', 'BYOB': 'False', 'Smoking': ""u'outdoor'"", 'RestaurantsDelivery': 'True', 'WheelchairAccessible': 'True', 'GoodForMeal': ""{'dessert': False, 'latenight': None, 'lunch': None, 'dinner': None, 'brunch': False, 'breakfast': False}"", 'GoodForDancing': 'False', 'CoatCheck': 'False', 'DriveThru': 'False'}","Restaurants, Bars, Arcades, Tacos, Nightlife, Mexican, Arts & Entertainment","{'Monday': '16:0-2:0', 'Tuesday': '16:0-2:0', 'Wednesday': '16:0-2:0', 'Thursday': '16:0-2:0', 'Friday': '14:0-2:0', 'Saturday': '14:0-2:0', 'Sunday': '14:0-2:0'}",511,2,7,2.5,3.6183953033268095,5.0,3.857142857142857,-1.1428571428571428,1660,2,9,3.5,5,7,-1.1428571428571428,0.5480769230769231,0.5952380952380951,0.3571428571428571,0.5213675213675213,Growing,0.5785714285714285,7.0,High,Positive,Expand,"pricing_value,cleanliness_ambiance"
mciSzNKFRZ3HGgeSDuwUcw,NINE,2829 W Girard Ave,Philadelphia,PA,19130.0,39.9746916,-75.182868,4.5,91,1,"{'RestaurantsPriceRange2': '2', 'RestaurantsTableService': 'True', 'BusinessParking': ""{'garage': False, 'street': True, 'validated': False, 'lot': False, 'valet': False}"", 'GoodForKids': 'True', 'GoodForMeal': ""{'dessert': None, 'latenight': None, 'lunch': None, 'dinner': True, 'brunch': None, 'breakfast': False}"", 'DogsAllowed': 'False', 'WheelchairAccessible': 'True', 'RestaurantsAttire': ""u'casual'"", 'Caters': 'True', 'HappyHour': 'False', 'HasTV': 'False', 'Alcohol': ""u'none'"", 'RestaurantsReservations': 'True', 'RestaurantsTakeOut': 'True', 'RestaurantsGoodForGroups': 'True', 'WiFi': ""u'no'"", 'BikeParking': 'True', 'BusinessAcceptsBitcoin': 'True', 'Ambience': ""{'touristy': False, 'hipster': None, 'romantic': True, 'divey': False, 'intimate': None, 'trendy': True, 'upscale': None, 'classy': None, 'casual': None}"", 'BusinessAcceptsCreditCards': 'True', 'Corkage': 'True', 'NoiseLevel': ""u'average'"", 'BYOB': 'True', 'OutdoorSeating': 'None', 'RestaurantsDelivery': 'True'}","Restaurants, Asian Fusion, Caribbean, Cafes, Vegan, French, Breakfast & Brunch, Vegetarian, Thai","{'Monday': '0:0-0:0', 'Tuesday': '11:0-21:30', 'Wednesday': '11:0-21:30', 'Thursday': '11:0-21:30', 'Friday': '11:0-21:30', 'Saturday': '11:0-21:30', 'Sunday': '11:0-21:30'}",92,9,2,-0.7777777777777778,4.532608695652174,4.333333333333333,4.5,0.1666666666666669,27,2,3,0.5,-7,1,0.1666666666666669,0.4326923076923077,0.5595238095238094,0.5208333333333334,0.4945563695563695,Declining,0.6357142857142858,7.0,Low,Positive,Growth Opportunity,"food_product_quality,staff_behavior"
UVCiRVQID_amNd_q1K5POA,Cavanaughs Headhouse,421 S 2nd St,Philadelphia,PA,19147.0,39.9422776,-75.1449611,3.5,108,1,"{'RestaurantsTakeOut': 'True', 'GoodForKids': 'False', 'NoiseLevel': ""u'average'"", 'RestaurantsGoodForGroups': 'True', 'OutdoorSeating': 'True', 'BusinessAcceptsCreditCards': 'True', 'BikeParking': 'True', 'RestaurantsAttire': ""u'casual'"", 'Ambience': ""{'romantic': False, 'intimate': False, 'classy': False, 'hipster': False, 'divey': False, 'touristy': False, 'trendy': False, 'upscale': False, 'casual': True}"", 'WiFi': ""'free'"", 'RestaurantsReservations': 'True', 'Alcohol': ""u'full_bar'"", 'BusinessParking': ""{'garage': False, 'street': False, 'validated': True, 'lot': False, 'valet': False}"", 'HasTV': 'True', 'Caters': 'True', 'RestaurantsPriceRange2': '2', 'Music': ""{'dj': False, 'background_music': False, 'no_music': False, 'jukebox': False, 'live': False, 'video': False, 'karaoke': False}"", 'BestNights': ""{'monday': True, 'tuesday': False, 'friday': True, 'wednesday': False, 'thursday': False, 'sunday': False, 'saturday': True}"", 'RestaurantsDelivery': 'True', 'GoodForMeal': ""{'dessert': False, 'latenight': True, 'lunch': False, 'dinner': True, 'brunch': False, 'breakfast': False}""}","Event Planning & Services, American (Traditional), Restaurants, Nightlife, Sports Bars, Bars, Venues & Event Spaces","{'Monday': '16:0-2:0', 'Tuesday': '16:0-2:0', 'Wednesday': '16:0-2:0', 'Thursday': '16:0-2:0', 'Friday': '12:0-2:0', 'Saturday': '12:0-2:0', 'Sunday': '12:0-2:0'}",108,5,3,-0.4,3.703703703703704,3.2,5.0,1.7999999999999998,432,2,3,0.5,-2,1,1.7999999999999998,0.4807692307692308,0.5595238095238094,0.725,0.5612942612942612,Growing,0.45,8.0,High,Positive,Expand,"staff_behavior,food_product_quality"
m_5jK3w7t4CS2ReIZI_grQ,Fat Tuesday,431 S St,Philadelphia,PA,19147.0,39.941876,-75.150251,2.5,196,1,"{'Alcohol': ""u'full_bar'"", 'HasTV': 'True', 'RestaurantsDelivery': 'False', 'RestaurantsReservations': 'False', 'RestaurantsAttire': ""'casual'"", 'GoodForKids': 'False', 'Caters': 'False', 'RestaurantsTakeOut': 'False', 'BikeParking': 'True', 'RestaurantsPriceRange2': '2', 'BYOBCorkage': ""'no'"", 'RestaurantsGoodForGroups': 'True', 'BusinessAcceptsCreditCards': 'True', 'OutdoorSeating': 'True', 'NoiseLevel': ""u'very_loud'"", 'BestNights': ""{'monday': False, 'tuesday': False, 'friday': False, 'wednesday': False, 'thursday': False, 'sunday': False, 'saturday': False}"", 'HappyHour': 'False', 'Ambience': ""{'touristy': False, 'hipster': False, 'romantic': False, 'divey': False, 'intimate': False, 'trendy': False, 'upscale': False, 'classy': True, 'casual': True}"", 'GoodForMeal': ""{'dessert': False, 'latenight': True, 'lunch': False, 'dinner': False, 'brunch': False, 'breakfast': False}"", 'Music': ""{'dj': None, 'background_music': False, 'no_music': False, 'jukebox': None, 'live': False, 'video': False, 'karaoke': None}"", 'WiFi': ""u'free'"", 'BusinessParking': ""{'garage': False, 'street': True, 'validated': False, 'lot': True, 'valet': False}"", 'CoatCheck': 'False'}","Ice Cream & Frozen Yogurt, Restaurants, American (Traditional), Coffee & Tea, Cocktail Bars, Bars, Nightlife, Food, Juice Bars & Smoothies, American (New)","{'Monday': '12:0-2:0', 'Tuesday': '12:0-2:0', 'Wednesday': '12:0-2:0', 'Thursday': '12:0-2:0', 'Friday': '12:0-2:0', 'Saturday': '12:0-2:0', 'Sunday': '12:0-2:0'}",199,5,4,-0.2,2.442211055276382,3.2,2.25,-0.9500000000000002,518,2,7,2.5,-1,5,-0.9500000000000002,0.4903846153846153,0.5833333333333333,0.38125,0.4971153846153845,Declining,-0.1333333333333333,9.0,Low,Negative,Reassess,"staff_behavior,food_product_quality"
9D0aKRGsutg8S0ClIanmrA,Rival Bros Coffee,2400 Lombard St,Philadelphia,PA,19146.0,39.9465577,-75.1805364,4.5,143,1,"{'BikeParking': 'True', 'HasTV': 'False', 'RestaurantsTableService': 'False', 'RestaurantsTakeOut': 'True', 'BusinessAcceptsCreditCards': 'True', 'DogsAllowed': 'False', 'Alcohol': ""'none'"", 'OutdoorSeating': 'True', 'WiFi': ""u'free'"", 'RestaurantsReservations': 'False', 'WheelchairAccessible': 'False', 'Caters': 'False', 'BusinessParking': ""{'garage': False, 'street': True, 'validated': False, 'lot': False, 'valet': False}"", 'BusinessAcceptsBitcoin': 'False', 'RestaurantsDelivery': 'True', 'RestaurantsPriceRange2': '2', 'NoiseLevel': ""u'average'""}","Restaurants, Coffee Roasteries, Food, Cafes, Coffee & Tea","{'Monday': '7:0-14:0', 'Tuesday': '7:0-14:0', 'Wednesday': '7:0-14:0', 'Thursday': '7:0-14:0', 'Friday': '7:0-14:0', 'Saturday': '8:0-17:0', 'Sunday': '8:0-17:0'}",145,3,7,1.3333333333333333,4.593103448275862,4.666666666666667,4.857142857142857,0.1904761904761898,595,16,12,-0.25,4,-4,0.1904761904761898,0.5384615384615384,0.5297619047619047,0.5238095238095237,0.5323056573056573,Growing,0.7937500000000001,8.0,High,Positive,Expand,"food_product_quality,cleanliness_ambiance"
f-9Su3hYbI-OCCt8Hz1wrw,Hemingway’s Cuban Kitchen,1910 N Ola Ave,Tampa,FL,33602.0,27.9614635337,-82.4638057559,3.5,15,1,,"Restaurants, Cuban","{'Monday': '11:0-22:0', 'Tuesday': '7:30-22:0', 'Wednesday': '11:0-22:0', 'Thursday': '11:0-22:0', 'Friday': '11:0-23:45', 'Saturday': '9:0-23:45', 'Sunday': '9:0-21:0'}",15,8,7,-0.125,3.733333333333333,3.75,3.7142857142857135,-0.0357142857142855,19,9,10,0.1111111111111111,-1,1,-0.0357142857142855,0.4903846153846153,0.5595238095238094,0.4955357142857143,0.514575702075702,Stable,0.378,10.0,High,Positive,Expand,"food_product_quality,staff_behavior"
DhZVpgeBKxoLd91MiwTxpg,La Fontana Della Citta,1701 Spruce St,Philadelphia,PA,19103.0,39.9477642,-75.1696977,3.0,379,1,"{'BusinessParking': ""{'garage': False, 'street': True, 'validated': False, 'lot': False, 'valet': False}"", 'Alcohol': ""u'none'"", 'Caters': 'False', 'OutdoorSeating': 'True', 'RestaurantsReservations': 'True', 'RestaurantsGoodForGroups': 'True', 'RestaurantsAttire': ""u'casual'"", 'WiFi': ""u'no'"", 'RestaurantsPriceRange2': '2', 'NoiseLevel': ""u'average'"", 'BusinessAcceptsCreditCards': 'True', 'BYOBCorkage': ""'yes_free'"", 'GoodForKids': 'False', 'BikeParking': 'True', 'GoodForMeal': ""{'dessert': False, 'latenight': False, 'lunch': False, 'dinner': True, 'brunch': False, 'breakfast': False}"", 'Ambience': ""{'touristy': False, 'hipster': False, 'romantic': False, 'divey': False, 'intimate': False, 'trendy': False, 'upscale': False, 'classy': True, 'casual': True}"", 'RestaurantsTakeOut': 'True', 'HasTV': 'True', 'RestaurantsDelivery': 'True', 'RestaurantsTableService': 'True'}","Italian, Food, Restaurants","{'Monday': '11:30-23:0', 'Tuesday': '11:30-23:0', 'Wednesday': '11:30-23:0', 'Thursday': '11:30-23:0', 'Friday': '11:30-23:0', 'Saturday': '16:0-23:0', 'Sunday': '14:0-22:0'}",385,16,10,-0.375,2.9766233766233765,2.5625,2.5,-0.0625,300,4,4,0.0,-6,0,-0.0625,0.4423076923076923,0.5535714285714285,0.4921875,0.490480006105006,Declining,0.15,10.0,Low,Positive,Growth Opportunity,"food_product_quality,staff_behavior"
3S_g61xUct3Rmmx4rJS_mA,Smashburger,"8500 Essington Ave, Ste FH-7",Philadelphia,PA,19153.0,39.8754440123,-75.2471795822,2.5,97,1,"{'RestaurantsPriceRange2': '1', 'NoiseLevel': ""'average'"", 'GoodForKids': 'True', 'RestaurantsTakeOut': 'True', 'RestaurantsDelivery': 'False', 'RestaurantsReservations': 'False', 'HasTV': 'False', 'WiFi': ""u'no'"", 'RestaurantsAttire': ""'casual'"", 'RestaurantsGoodForGroups': 'True', 'OutdoorSeating': 'False', 'Caters': 'False', 'BikeParking': 'False', 'BusinessAcceptsCreditCards': 'True', 'DriveThru': 'False', 'Alcohol': ""u'none'"", 'BusinessParking': ""{'garage': False, 'street': False, 'validated': False, 'lot': False, 'valet': False}"", 'Ambience': ""{u'divey': False, u'hipster': False, u'casual': True, u'touristy': None, u'trendy': False, u'intimate': False, u'romantic': False, u'classy': False, u'upscale': False}"", 'GoodForMeal': ""{u'breakfast': None, u'brunch': False, u'lunch': None, u'dinner': None, u'latenight': None, u'dessert': None}""}","Burgers, Restaurants, Breakfast & Brunch","{'Monday': '10:0-20:0', 'Wednesday': '10:0-20:0', 'Thursday': '10:0-20:0', 'Friday': '10:0-20:0', 'Sunday': '10:0-20:0'}",99,1,1,0.0,2.6666666666666665,1.0,1.0,0.0,178,2,2,0.0,0,0,0.0,0.5,0.5535714285714285,0.5,0.5178571428571428,Stable,-0.7,2.0,High,Negative,Monitor / Intervene,"food_product_quality,pricing_value"
tUcZMaE2XPp6qJK5dbZlpg,El Molino Tortilleria and Restaurant,1739 W Ritner St,Philadelphia,PA,19145.0,39.9215917,-75.1767682,5.0,20,1,"{'RestaurantsTakeOut': 'True', 'BusinessAcceptsBitcoin': 'False', 'RestaurantsTableService': 'True', 'RestaurantsReservations': 'True', 'OutdoorSeating': 'False', 'Caters': 'True', 'RestaurantsDelivery': 'True', 'HappyHour': 'False', 'DogsAllowed': 'False', 'BikeParking': 'False', 'WiFi': ""u'no'"", 'BusinessAcceptsCreditCards': 'False', 'WheelchairAccessible': 'False', 'HasTV': 'False', 'Alcohol': ""u'none'""}","Mexican, Restaurants, Gluten-Free","{'Monday': '0:0-0:0', 'Tuesday': '13:0-21:0', 'Thursday': '13:0-21:0', 'Friday': '13:0-21:0', 'Saturday': '13:0-21:0', 'Sunday': '13:0-19:0'}",22,5,5,0.0,5.0,5.0,5.0,0.0,2,0,1,,0,1,0.0,0.5,0.5595238095238094,0.5,0.5198412698412698,Stable,0.934,10.0,High,Positive,Expand,"food_product_quality,staff_behavior"
KW2Ma_0uVm7KmBJhMI_yFA,Dunkin',8809 W Waters Ave,Tampa,FL,33615.0,28.0262658,-82.583368,1.5,45,1,"{'RestaurantsPriceRange2': '1', 'WiFi': ""'free'"", 'RestaurantsTakeOut': 'True', 'RestaurantsReservations': 'False', 'BusinessAcceptsCreditCards': 'True', 'BikeParking': 'True', 'BusinessParking': ""{'garage': False, 'street': False, 'validated': False, 'lot': True, 'valet': False}"", 'OutdoorSeating': 'False', 'RestaurantsGoodForGroups': 'False', 'GoodForKids': 'True', 'DriveThru': 'None', 'RestaurantsDelivery': 'True'}","Food, Restaurants, Cafes, Coffee & Tea, Donuts","{'Monday': '5:0-23:0', 'Tuesday': '5:0-23:0', 'Wednesday': '5:0-23:0', 'Thursday': '5:0-23:0', 'Friday': '5:0-23:0', 'Saturday': '5:0-23:0', 'Sunday': '5:0-23:0'}",51,4,3,-0.25,1.411764705882353,2.0,1.0,-1.0,73,2,2,0.0,-1,0,-1.0,0.4903846153846153,0.5535714285714285,0.375,0.4858058608058607,Declining,-0.5,7.0,Low,Negative,Reassess,"staff_behavior,order_accuracy_wait_time"
SHYPQbYqbfK4CwTDjtBH7Q,The Famous 4th Street Cookie Company,51 N 12th St,Philadelphia,PA,19107.0,39.9530717477,-75.1594193432,4.0,356,1,"{'BikeParking': 'True', 'ByAppointmentOnly': 'False', 'RestaurantsTakeOut': 'True', 'Alcohol': ""u'none'"", 'BusinessParking': ""{'garage': False, 'street': False, 'validated': True, 'lot': False, 'valet': False}"", 'BusinessAcceptsCreditCards': 'True', 'RestaurantsPriceRange2': '1', 'Caters': 'True', 'RestaurantsDelivery': 'True', 'DogsAllowed': 'False', 'HappyHour': 'True', 'WheelchairAccessible': 'True', 'GoodForKids': 'True', 'DriveThru': 'False'}","Food, Desserts, Bakeries, Restaurants","{'Monday': '0:0-0:0', 'Tuesday': '8:0-18:0', 'Wednesday': '8:0-18:0', 'Thursday': '8:0-18:0', 'Friday': '8:0-18:0', 'Saturday': '8:0-18:0', 'Sunday': '8:0-18:0'}",367,2,8,3.0,4.138964577656676,2.5,4.75,2.25,699,8,15,0.875,6,7,2.25,0.5576923076923077,0.5952380952380951,0.78125,0.6198870573870574,Growing,0.5842857142857143,7.0,High,Positive,Expand,"food_product_quality,pricing_value"
HHBbetQ-XRQYJprT5Qp9jw,Gaul & Co. Malthouse,3133 Gaul St,Philadelphia,PA,19134.0,39.986116,-75.1065394,4.5,127,1,"{'RestaurantsTakeOut': 'True', 'BestNights': ""{'monday': False, 'tuesday': False, 'friday': False, 'wednesday': False, 'thursday': False, 'sunday': False, 'saturday': True}"", 'BusinessAcceptsCreditCards': 'True', 'BikeParking': 'False', 'WiFi': ""u'free'"", 'RestaurantsAttire': ""'casual'"", 'HasTV': 'True', 'HappyHour': 'True', 'GoodForDancing': 'False', 'CoatCheck': 'False', 'NoiseLevel': ""u'average'"", 'Music': ""{'dj': False, 'background_music': False, 'no_music': False, 'jukebox': None, 'live': True, 'video': False, 'karaoke': False}"", 'Alcohol': ""u'full_bar'"", 'BusinessParking': ""{'garage': False, 'street': True, 'validated': False, 'lot': False, 'valet': False}"", 'GoodForKids': 'False', 'Caters': 'False', 'RestaurantsReservations': 'False', 'GoodForMeal': ""{'dessert': False, 'latenight': False, 'lunch': True, 'dinner': False, 'brunch': False, 'breakfast': False}"", 'RestaurantsTableService': 'False', 'Smoking': ""u'no'"", 'RestaurantsPriceRange2': '2', 'OutdoorSeating': 'True', 'RestaurantsGoodForGroups': 'True', 'Ambience': ""{'touristy': False, 'hipster': None, 'romantic': False, 'divey': None, 'intimate': False, 'trendy': False, 'upscale': False, 'classy': False, 'casual': True}"", 'RestaurantsDelivery': 'True'}","Sandwiches, Restaurants, Nightlife, American (New), Bars, Beer Bar","{'Monday': '11:0-2:0', 'Tuesday': '11:0-2:0', 'Wednesday': '11:0-2:0', 'Thursday': '11:0-2:0', 'Friday': '11:0-2:0', 'Saturday': '11:0-2:0', 'Sunday': '11:0-2:0'}",129,7,9,0.2857142857142857,4.496124031007752,3.2857142857142856,3.333333333333333,0.0476190476190478,101,9,4,-0.5555555555555556,2,-5,0.0476190476190478,0.5192307692307693,0.5238095238095237,0.5059523809523809,0.5178062678062678,Stable,0.145,10.0,High,Positive,Expand,"food_product_quality,staff_behavior"
eYNcVdV5bqqg-q23_FU0Vw,Pokeworks,"2734 E Fowler Ave, Ste C",Tampa,FL,33612.0,28.0558903,-82.4292947,4.0,44,1,"{'DogsAllowed': 'False', 'OutdoorSeating': 'True', 'BusinessAcceptsBitcoin': 'False', 'RestaurantsDelivery': 'True', 'RestaurantsTakeOut': 'True', 'RestaurantsReservations': 'False', 'WiFi': ""u'free'"", 'Caters': 'True', 'BikeParking': 'True', 'WheelchairAccessible': 'True', 'BYOB': 'False', 'BusinessAcceptsCreditCards': 'True', 'BusinessParking': ""{'garage': False, 'street': False, 'validated': False, 'lot': True, 'valet': False}"", 'Corkage': 'False', 'Alcohol': ""u'none'"", 'RestaurantsTableService': 'False', 'HasTV': 'False', 'RestaurantsPriceRange2': '2'}","Food, Poke, Salad, Restaurants, Sushi Bars","{'Monday': '0:0-0:0', 'Tuesday': '11:0-21:0', 'Wednesday': '11:0-21:0', 'Thursday': '11:0-21:0', 'Friday': '10:0-18:0', 'Saturday': '12:0-20:0', 'Sunday': '11:0-21:0'}",44,9,2,-0.7777777777777778,4.0,3.888888888888889,3.5,-0.3888888888888888,61,10,3,-0.7,-7,-7,-0.3888888888888888,0.4326923076923077,0.5119047619047619,0.4513888888888889,0.4632512549179216,Declining,0.3071428571428572,7.0,Low,Positive,Growth Opportunity,"food_product_quality,staff_behavior"
VSpseb6oijtKffRRL_xfgQ,The Stone Soup Company,1919 E 7th Ave,Tampa,FL,33605.0,27.9600749,-82.4372231,4.0,529,1,"{'Alcohol': ""u'full_bar'"", 'GoodForKids': 'True', 'RestaurantsTakeOut': 'True', 'BusinessAcceptsCreditCards': 'True', 'RestaurantsPriceRange2': '2', 'RestaurantsAttire': ""u'casual'"", 'BikeParking': 'True', 'RestaurantsDelivery': 'True', 'RestaurantsReservations': 'True', 'WiFi': ""u'free'"", 'Caters': 'True', 'BusinessParking': ""{'garage': True, 'street': True, 'validated': False, 'lot': False, 'valet': False}"", 'RestaurantsGoodForGroups': 'True', 'NoiseLevel': ""u'average'"", 'Ambience': ""{'touristy': False, 'hipster': None, 'romantic': False, 'divey': None, 'intimate': False, 'trendy': None, 'upscale': False, 'classy': False, 'casual': True}"", 'HasTV': 'True', 'RestaurantsTableService': 'True', 'GoodForMeal': ""{'dessert': None, 'latenight': False, 'lunch': True, 'dinner': True, 'brunch': None, 'breakfast': False}"", 'OutdoorSeating': 'None'}","Soup, Restaurants, Cuban, Sandwiches","{'Monday': '10:30-21:0', 'Tuesday': '10:30-21:0', 'Wednesday': '10:30-21:0', 'Thursday': '10:30-21:0', 'Friday': '10:30-23:0', 'Saturday': '10:30-23:0', 'Sunday': '10:30-21:0'}",554,27,23,-0.1481481481481481,3.806859205776173,3.814814814814815,3.5217391304347827,-0.2930756843800322,978,23,18,-0.217391304347826,-4,-5,-0.2930756843800322,0.4615384615384615,0.5238095238095237,0.463365539452496,0.4827014996097121,Declining,0.275,10.0,Low,Positive,Growth Opportunity,"food_product_quality,staff_behavior"
kufU0ChkDC9hZABZoUebIQ,China House,331 Spring Garden St,Philadelphia,PA,19123.0,39.961426,-75.144327,2.5,37,1,"{'RestaurantsReservations': 'False', 'RestaurantsPriceRange2': '1', 'BusinessParking': ""{'garage': False, 'street': False, 'validated': False, 'lot': False, 'valet': False}"", 'RestaurantsDelivery': 'True', 'Corkage': 'False', 'RestaurantsGoodForGroups': 'False', 'GoodForKids': 'False', 'OutdoorSeating': 'False', 'WiFi': ""'no'"", 'Ambience': ""{'romantic': False, 'intimate': False, 'classy': False, 'hipster': False, 'divey': False, 'touristy': False, 'trendy': False, 'upscale': False, 'casual': False}"", 'RestaurantsAttire': ""'casual'"", 'Alcohol': ""'none'"", 'NoiseLevel': ""'loud'"", 'BYOBCorkage': ""'yes_free'"", 'RestaurantsTakeOut': 'True', 'BusinessAcceptsCreditCards': 'False', 'Caters': 'False', 'BikeParking': 'True', 'HasTV': 'True'}","Chinese, Restaurants","{'Monday': '11:0-22:0', 'Tuesday': '11:0-22:0', 'Wednesday': '11:0-22:0', 'Thursday': '11:0-22:0', 'Friday': '11:0-22:0', 'Saturday': '11:0-22:0'}",39,1,1,0.0,2.358974358974359,1.0,1.0,0.0,32,1,0,-1.0,0,-1,0.0,0.5,0.5476190476190476,0.5,0.5158730158730158,Stable,-0.7,2.0,High,Negative,Monitor / Intervene,"staff_behavior,pricing_value"
nOZOlidRcVHYn3bDcsXD_Q,Musi,100 Morris St,Philadelphia,PA,19148.0,39.9263001984,-75.1474352181,4.5,53,1,"{'BusinessParking': ""{'garage': False, 'street': False, 'validated': False, 'lot': False, 'valet': False}"", 'WiFi': ""u'no'"", 'OutdoorSeating': 'False', 'Alcohol': ""u'none'"", 'Ambience': ""{'touristy': False, 'hipster': None, 'romantic': True, 'divey': False, 'intimate': True, 'trendy': None, 'upscale': None, 'classy': True, 'casual': True}"", 'WheelchairAccessible': 'False', 'HasTV': 'True', 'RestaurantsReservations': 'True', 'RestaurantsDelivery': 'True', 'BusinessAcceptsCreditCards': 'True', 'RestaurantsTakeOut': 'True'}","Mediterranean, Middle Eastern, Restaurants, American (New)","{'Thursday': '11:0-19:0', 'Friday': '11:0-19:0', 'Saturday': '11:0-19:0', 'Sunday': '11:0-19:0'}",53,4,4,0.0,4.622641509433962,4.25,4.0,-0.25,24,1,2,1.0,0,1,-0.25,0.5,0.5595238095238094,0.46875,0.5128968253968254,Declining,0.4625,8.0,Low,Positive,Growth Opportunity,"food_product_quality,pricing_value"
TdrNka-oPWf4B-jN9rKltw,Bok Bar,800 Mifflin St,Philadelphia,PA,19148.0,39.9255095,-75.159212,4.0,251,1,"{'RestaurantsTableService': 'False', 'GoodForMeal': ""{'dessert': False, 'latenight': True, 'lunch': None, 'dinner': None, 'brunch': False, 'breakfast': False}"", 'RestaurantsGoodForGroups': 'True', 'GoodForKids': 'False', 'RestaurantsAttire': ""u'casual'"", 'RestaurantsPriceRange2': '2', 'OutdoorSeating': 'True', 'WheelchairAccessible': 'True', 'BusinessAcceptsCreditCards': 'True', 'Smoking': ""u'no'"", 'RestaurantsDelivery': 'False', 'BestNights': ""{'monday': False, 'tuesday': False, 'friday': True, 'wednesday': False, 'thursday': False, 'sunday': True, 'saturday': True}"", 'BusinessParking': ""{'garage': False, 'street': True, 'validated': False, 'lot': False, 'valet': False}"", 'WiFi': ""'no'"", 'NoiseLevel': ""u'average'"", 'RestaurantsTakeOut': 'False', 'BikeParking': 'True', 'Caters': 'False', 'Music': ""{'dj': False, 'background_music': False, 'no_music': False, 'jukebox': False, 'live': False, 'video': False, 'karaoke': False}"", 'Alcohol': ""u'beer_and_wine'"", 'HasTV': 'False', 'HappyHour': 'True', 'CoatCheck': 'False', 'GoodForDancing': 'False', 'Corkage': 'False', 'BYOB': 'False', 'Ambience': ""{u'divey': False, u'hipster': True, u'casual': True, u'touristy': None, u'trendy': True, u'intimate': False, u'romantic': None, u'classy': False, u'upscale': False}"", 'RestaurantsReservations': 'True', 'DogsAllowed': 'True'}","Wine Bars, Bars, Beer Bar, Filipino, Vietnamese, Mexican, Nightlife, Mediterranean, Restaurants, Tacos, Lounges, Kebab, Falafel","{'Wednesday': '17:0-23:0', 'Thursday': '17:0-23:0', 'Friday': '17:0-23:0', 'Saturday': '17:0-23:0', 'Sunday': '14:0-22:0'}",255,15,17,0.1333333333333333,4.070588235294117,4.133333333333334,3.764705882352941,-0.3686274509803926,479,15,15,0.0,2,0,-0.3686274509803926,0.5192307692307693,0.5535714285714285,0.4539215686274509,0.5161644999880294,Stable,0.349,10.0,High,Positive,Expand,"cleanliness_ambiance,food_product_quality"
YQD_Gm999Cthin64uLdOdA,McDonald's,3100 W Allegheny Ave,Philadelphia,PA,19132.0,40.004757308,-75.1798403263,1.5,25,1,"{'BusinessAcceptsCreditCards': 'True', 'RestaurantsTakeOut': 'True', 'RestaurantsGoodForGroups': 'False', 'RestaurantsAttire': ""'casual'"", 'OutdoorSeating': 'None', 'GoodForKids': 'True', 'BikeParking': 'True', 'DriveThru': 'True', 'GoodForMeal': ""{'dessert': False, 'latenight': False, 'lunch': False, 'dinner': False, 'brunch': False, 'breakfast': False}"", 'HasTV': 'True', 'RestaurantsDelivery': 'True', 'RestaurantsReservations': 'False', 'BusinessParking': ""{'garage': False, 'street': False, 'validated': False, 'lot': False, 'valet': False}"", 'WiFi': ""u'free'"", 'RestaurantsPriceRange2': '1', 'Ambience': ""{'touristy': False, 'hipster': False, 'romantic': False, 'divey': False, 'intimate': False, 'trendy': False, 'upscale': False, 'classy': False, 'casual': False}""}","Coffee & Tea, Food, Restaurants, Fast Food, Burgers","{'Monday': '6:0-0:0', 'Tuesday': '6:0-0:0', 'Wednesday': '6:0-0:0', 'Thursday': '6:0-0:0', 'Friday': '6:0-0:0', 'Saturday': '6:0-0:0', 'Sunday': '6:0-0:0'}",27,1,1,0.0,1.4814814814814814,1.0,1.0,0.0,23,0,0,,0,0,0.0,0.5,0.5535714285714285,0.5,0.5178571428571428,Stable,-0.8500000000000001,2.0,High,Negative,Monitor / Intervene,"service_speed,order_accuracy_wait_time"
RalJthqqo93-7rTXGgc5Gg,Jubao Palace Noodle Bar - Seminole Hard Rock Tampa,5225 N Orient Rd,Tampa,FL,33610.0,27.992914,-82.372179,4.0,83,1,"{'HasTV': 'False', 'BusinessAcceptsCreditCards': 'True', 'GoodForKids': 'False', 'Caters': 'False', 'RestaurantsReservations': 'False', 'RestaurantsDelivery': 'False', 'RestaurantsAttire': ""'casual'"", 'NoiseLevel': ""'loud'"", 'WiFi': ""'no'"", 'RestaurantsTableService': 'True', 'Alcohol': ""'beer_and_wine'"", 'BusinessParking': ""{'garage': True, 'street': False, 'validated': False, 'lot': False, 'valet': False}"", 'RestaurantsGoodForGroups': 'True', 'OutdoorSeating': 'None', 'BikeParking': 'True', 'Ambience': ""{'touristy': None, 'hipster': False, 'romantic': False, 'divey': False, 'intimate': False, 'trendy': None, 'upscale': False, 'classy': False, 'casual': True}"", 'DogsAllowed': 'False', 'GoodForMeal': ""{u'breakfast': None, u'brunch': None, u'lunch': True, u'dinner': True, u'latenight': True, u'dessert': False}"", 'RestaurantsTakeOut': 'None', 'HappyHour': 'False', 'RestaurantsPriceRange2': '2'}","Food, Vietnamese, Chinese, Noodles, Restaurants","{'Monday': '11:30-4:0', 'Tuesday': '11:30-4:0', 'Wednesday': '11:30-4:0', 'Thursday': '11:30-5:0', 'Friday': '11:30-4:0', 'Saturday': '11:30-5:0', 'Sunday': '11:0-4:0'}",85,9,8,-0.1111111111111111,3.894117647058824,3.555555555555556,4.0,0.4444444444444446,247,12,19,0.5833333333333334,-1,7,0.4444444444444446,0.4903846153846153,0.5952380952380951,0.5555555555555556,0.5398182064848731,Growing,0.329,10.0,High,Positive,Expand,"food_product_quality,staff_behavior"
XupqzjOerK3DcIoWWIKslg,Chicken Yummy,5505 E Fowler Ave,Tampa,FL,33617.0,28.0534278,-82.3945471,4.0,115,1,"{'GoodForKids': 'True', 'NoiseLevel': ""u'average'"", 'OutdoorSeating': 'False', 'BikeParking': 'False', 'BusinessAcceptsCreditCards': 'True', 'RestaurantsPriceRange2': '1', 'RestaurantsReservations': 'False', 'Alcohol': ""'none'"", 'BusinessParking': ""{'garage': False, 'street': False, 'validated': False, 'lot': False, 'valet': False}"", 'HappyHour': 'False', 'RestaurantsAttire': ""'casual'"", 'GoodForMeal': ""{'dessert': False, 'latenight': False, 'lunch': True, 'dinner': False, 'brunch': False, 'breakfast': False}"", 'RestaurantsDelivery': 'True', 'RestaurantsTableService': 'False', 'WiFi': ""'free'"", 'Ambience': ""{'touristy': False, 'hipster': False, 'romantic': False, 'divey': None, 'intimate': False, 'trendy': None, 'upscale': False, 'classy': False, 'casual': True}"", 'ByAppointmentOnly': 'False', 'HasTV': 'True', 'RestaurantsTakeOut': 'True', 'RestaurantsGoodForGroups': 'True'}","American (Traditional), Chicken Wings, Chinese, Chicken Shop, Restaurants","{'Monday': '10:30-22:0', 'Tuesday': '10:30-22:0', 'Wednesday': '10:30-22:0', 'Thursday': '10:30-22:0', 'Friday': '10:30-22:0', 'Saturday': '10:30-22:0', 'Sunday': '11:30-22:0'}",117,2,4,1.0,4.230769230769231,5.0,4.75,-0.25,110,1,1,0.0,2,0,-0.25,0.5192307692307693,0.5535714285714285,0.46875,0.5194597069597069,Stable,0.925,6.0,High,Positive,Expand,"food_product_quality,staff_behavior"
0Nqa0zPHoB_GVucVMd9f6w,Club Risqué,1700 S Christopher Columbus Blvd,Philadelphia,PA,19148.0,39.9253969,-75.144875,3.5,52,1,"{'BusinessParking': ""{'garage': False, 'street': False, 'validated': False, 'lot': True, 'valet': False}"", 'GoodForKids': 'False', 'BusinessAcceptsCreditCards': 'True', 'RestaurantsPriceRange2': '2', 'RestaurantsReservations': 'True', 'BikeParking': 'True', 'RestaurantsDelivery': 'False', 'RestaurantsAttire': ""'casual'"", 'OutdoorSeating': 'False', 'RestaurantsTakeOut': 'False', 'Alcohol': ""u'full_bar'"", 'RestaurantsGoodForGroups': 'True', 'NoiseLevel': ""u'loud'"", 'HasTV': 'True', 'Music': ""{'dj': True, 'background_music': False, 'no_music': False, 'jukebox': False, 'live': False, 'video': False, 'karaoke': False}"", 'GoodForDancing': 'True', 'Caters': 'False', 'BestNights': ""{'monday': False, 'tuesday': False, 'friday': True, 'wednesday': False, 'thursday': True, 'sunday': False, 'saturday': True}"", 'Ambience': ""{'touristy': None, 'hipster': None, 'romantic': None, 'divey': False, 'intimate': False, 'trendy': True, 'upscale': True, 'classy': True, 'casual': True}""}","Arts & Entertainment, Adult Entertainment, Nightlife, Strip Clubs, Restaurants","{'Monday': '11:30-0:0', 'Tuesday': '11:30-0:0', 'Wednesday': '11:30-0:0', 'Thursday': '11:30-0:0', 'Friday': '11:30-0:0', 'Saturday': '13:0-0:0', 'Sunday': '13:0-0:0'}",53,1,4,3.0,3.4339622641509435,5.0,2.75,-2.25,138,0,0,,3,0,-2.25,0.5288461538461539,0.5535714285714285,0.21875,0.4681776556776556,Declining,0.1399999999999999,5.0,Low,Positive,Growth Opportunity,"staff_behavior,food_product_quality"
c6zgxvHn5j816s9DDAFYjA,220 East,220 E Davis Blvd,Tampa,FL,33606.0,27.9267628,-82.4538358,3.5,90,1,"{'OutdoorSeating': 'True', 'NoiseLevel': ""u'average'"", 'Ambience': ""{'romantic': False, 'intimate': False, 'classy': False, 'hipster': False, 'divey': False, 'touristy': False, 'trendy': False, 'upscale': False, 'casual': True}"", 'RestaurantsTakeOut': 'True', 'HasTV': 'True', 'BusinessAcceptsCreditCards': 'True', 'RestaurantsPriceRange2': '2', 'BikeParking': 'True', 'Alcohol': ""u'full_bar'"", 'RestaurantsReservations': 'True', 'RestaurantsDelivery': 'False', 'GoodForKids': 'True', 'RestaurantsAttire': ""u'casual'"", 'BusinessParking': ""{'garage': False, 'street': True, 'validated': False, 'lot': True, 'valet': False}"", 'WiFi': ""'no'"", 'RestaurantsGoodForGroups': 'True', 'GoodForMeal': ""{'dessert': False, 'latenight': False, 'lunch': True, 'dinner': False, 'brunch': False, 'breakfast': False}""}","Restaurants, Italian, Salad, American (New)","{'Monday': '17:0-22:0', 'Tuesday': '17:0-22:0', 'Wednesday': '17:0-22:0', 'Thursday': '17:0-22:0', 'Friday': '17:0-23:0', 'Saturday': '17:0-23:0'}",92,4,2,-0.5,3.760869565217391,3.25,4.5,1.25,205,3,1,-0.6666666666666666,-2,-2,1.25,0.4807692307692308,0.5416666666666666,0.65625,0.5400641025641024,Growing,0.5333333333333333,6.0,High,Positive,Expand,"food_product_quality,staff_behavior"
lSR0JkU7iCnR7sP-8Gjkqw,The Garden,121 N Columbus Blvd,Philadelphia,PA,19106.0,39.9525531,-75.1397163,4.5,7,1,"{'RestaurantsTakeOut': 'False', 'RestaurantsDelivery': 'False', 'DogsAllowed': 'True', 'Alcohol': ""u'full_bar'"", 'Caters': 'False', 'HasTV': 'False', 'RestaurantsReservations': 'True', 'BikeParking': 'True', 'Smoking': ""u'no'"", 'RestaurantsTableService': 'False', 'BusinessAcceptsCreditCards': 'True', 'OutdoorSeating': 'True', 'WiFi': ""u'no'"", 'BYOB': 'False', 'WheelchairAccessible': 'True'}","Cafes, Beer Gardens, Restaurants, Nightlife","{'Monday': '16:0-22:0', 'Tuesday': '16:0-22:0', 'Wednesday': '16:0-22:0', 'Thursday': '16:0-22:0', 'Friday': '16:0-23:0', 'Saturday': '12:0-23:0', 'Sunday': '12:0-22:0'}",7,2,5,1.5,4.714285714285714,5.0,4.6,-0.4000000000000003,15,7,4,-0.4285714285714285,3,-3,-0.4000000000000003,0.5288461538461539,0.5357142857142856,0.4499999999999999,0.5136141636141636,Stable,0.7642857142857142,7.0,High,Positive,Expand,"cleanliness_ambiance,food_product_quality"
kC2jUMTWt0v_cSWKa63QQA,Fink's,4633 Princeton Ave,Philadelphia,PA,19135.0,40.0286011,-75.038928,4.5,62,1,"{'RestaurantsTakeOut': 'True', 'RestaurantsReservations': 'False', 'BusinessAcceptsCreditCards': 'True', 'RestaurantsAttire': ""u'casual'"", 'Alcohol': ""u'none'"", 'NoiseLevel': ""u'average'"", 'OutdoorSeating': 'False', 'BusinessParking': ""{'garage': False, 'street': True, 'validated': False, 'lot': False, 'valet': False}"", 'WiFi': ""u'no'"", 'Caters': 'True', 'GoodForKids': 'True', 'RestaurantsDelivery': 'True', 'HasTV': 'True', 'RestaurantsPriceRange2': '1', 'BikeParking': 'True', 'RestaurantsGoodForGroups': 'True', 'GoodForMeal': ""{'dessert': False, 'latenight': False, 'lunch': True, 'dinner': False, 'brunch': False, 'breakfast': False}"", 'Ambience': ""{u'divey': None, u'hipster': False, u'casual': True, u'touristy': None, u'trendy': None, u'intimate': False, u'romantic': False, u'classy': False, u'upscale': False}""}","Sandwiches, Food, Delis, Restaurants","{'Wednesday': '8:0-16:0', 'Thursday': '8:0-16:0', 'Friday': '9:0-16:0', 'Saturday': '9:0-16:0'}",63,3,3,0.0,4.412698412698413,5.0,5.0,0.0,79,5,1,-0.8,0,-4,0.0,0.5,0.5297619047619047,0.5,0.5099206349206349,Declining,0.5333333333333333,6.0,Low,Positive,Growth Opportunity,"food_product_quality,pricing_value"
gYYMQeg4X8FUcCxXI4c2Tw,Steve's Prince of Steaks,7200 Bustleton Ave,Philadelphia,PA,19149.0,40.0456111,-75.0609207,4.0,488,1,"{'NoiseLevel': ""u'average'"", 'WiFi': ""u'no'"", 'BusinessParking': ""{'garage': False, 'street': True, 'validated': False, 'lot': False, 'valet': False}"", 'BikeParking': 'True', 'RestaurantsDelivery': 'False', 'GoodForKids': 'True', 'RestaurantsReservations': 'False', 'HasTV': 'True', 'OutdoorSeating': 'True', 'RestaurantsTakeOut': 'True', 'Alcohol': ""'none'"", 'RestaurantsAttire': ""'casual'"", 'BYOBCorkage': ""'no'"", 'GoodForMeal': ""{'dessert': False, 'latenight': True, 'lunch': True, 'dinner': True, 'brunch': False, 'breakfast': False}"", 'Caters': 'False', 'RestaurantsGoodForGroups': 'False', 'BusinessAcceptsBitcoin': 'False', 'RestaurantsPriceRange2': '2', 'Ambience': ""{'touristy': False, 'hipster': False, 'romantic': False, 'divey': None, 'intimate': False, 'trendy': False, 'upscale': False, 'classy': False, 'casual': True}"", 'BusinessAcceptsCreditCards': 'False', 'HappyHour': 'False'}","Restaurants, Sandwiches, Cheesesteaks, Steakhouses, American (Traditional)","{'Monday': '9:30-23:0', 'Tuesday': '9:30-23:0', 'Wednesday': '9:30-23:0', 'Thursday': '9:30-23:0', 'Friday': '9:30-3:0', 'Saturday': '9:30-3:0', 'Sunday': '9:30-23:0'}",494,12,10,-0.1666666666666666,4.012145748987854,3.6666666666666665,3.6,-0.0666666666666664,596,10,7,-0.3,-2,-3,-0.0666666666666664,0.4807692307692308,0.5357142857142856,0.4916666666666667,0.5015059015059015,Declining,-0.0099999999999999,10.0,Low,Negative,Reassess,"food_product_quality,pricing_value"
LAtPOWQ6fUvaU64Yp9hyIg,Mama's Soul Food Restaurant,3701 E Dr M L K Jr Blvd,Tampa,FL,33610.0,27.981229,-82.4180964,4.0,114,1,"{'Alcohol': ""'none'"", 'GoodForKids': 'True', 'HasTV': 'True', 'BusinessParking': ""{'garage': False, 'street': None, 'validated': False, 'lot': None, 'valet': False}"", 'BusinessAcceptsCreditCards': 'True', 'RestaurantsGoodForGroups': 'True', 'RestaurantsTakeOut': 'True', 'Ambience': ""{'touristy': False, 'hipster': False, 'romantic': False, 'divey': False, 'intimate': False, 'trendy': None, 'upscale': False, 'classy': False, 'casual': True}"", 'GoodForMeal': ""{'dessert': True, 'latenight': None, 'lunch': True, 'dinner': True, 'brunch': None, 'breakfast': None}"", 'RestaurantsDelivery': 'True', 'DogsAllowed': 'False', 'RestaurantsTableService': 'True', 'RestaurantsReservations': 'True', 'WiFi': ""u'free'"", 'RestaurantsAttire': ""u'casual'"", 'RestaurantsPriceRange2': '2', 'OutdoorSeating': 'None'}","Restaurants, Soul Food, Southern, Seafood","{'Wednesday': '11:0-20:0', 'Thursday': '11:0-20:0', 'Friday': '11:0-21:0', 'Saturday': '11:0-21:0'}",119,9,6,-0.3333333333333333,3.882352941176471,3.2222222222222223,2.333333333333333,-0.8888888888888888,67,2,1,-0.5,-3,-1,-0.8888888888888888,0.4711538461538461,0.5476190476190476,0.3888888888888889,0.4783611450278116,Declining,-0.0599999999999999,10.0,Low,Negative,Reassess,"food_product_quality,staff_behavior"
-SCIBOTjKGJXmeMMPi-uoQ,Papi's Cafe,2203 N Lois Ave,Tampa,FL,33607.0,27.9607496,-82.5133408,5.0,7,1,"{'Ambience': ""{'touristy': False, 'hipster': False, 'romantic': False, 'divey': False, 'intimate': False, 'trendy': False, 'upscale': False, 'classy': False, 'casual': False}"", 'BusinessParking': ""{'garage': False, 'street': False, 'validated': False, 'lot': False, 'valet': False}"", 'RestaurantsTakeOut': 'True', 'RestaurantsDelivery': 'True'}","Spanish, Cuban, Sandwiches, Restaurants","{'Monday': '7:30-15:0', 'Tuesday': '7:30-15:0', 'Wednesday': '7:30-15:0', 'Thursday': '7:30-15:0', 'Friday': '7:30-15:0'}",8,3,2,-0.3333333333333333,4.875,5.0,5.0,0.0,10,1,2,1.0,-1,1,0.0,0.4903846153846153,0.5595238095238094,0.5,0.5155677655677655,Stable,0.8099999999999999,5.0,High,Positive,Expand,"food_product_quality,pricing_value"
_Re2IwkeFUqUsPMRZK8jng,Freebyrd Chicken,111 S Independence Mall E,Philadelphia,PA,19106.0,39.9497563,-75.1480623,4.0,57,1,"{'RestaurantsTakeOut': 'True', 'BusinessAcceptsCreditCards': 'True', 'Caters': 'True', 'WiFi': ""u'free'"", 'Alcohol': ""u'beer_and_wine'"", 'WheelchairAccessible': 'True', 'RestaurantsTableService': 'False', 'Ambience': ""{'touristy': None, 'hipster': None, 'romantic': None, 'divey': False, 'intimate': False, 'trendy': True, 'upscale': False, 'classy': False, 'casual': True}"", 'RestaurantsReservations': 'False', 'BYOB': 'False', 'OutdoorSeating': 'True', 'GoodForMeal': ""{'dessert': False, 'latenight': None, 'lunch': None, 'dinner': True, 'brunch': None, 'breakfast': None}"", 'RestaurantsDelivery': 'True', 'BusinessParking': ""{'garage': True, 'street': True, 'validated': None, 'lot': False, 'valet': False}"", 'BikeParking': 'True', 'HasTV': 'True', 'HappyHour': 'True'}","Caterers, Event Planning & Services, Restaurants, Sandwiches, Chicken Shop","{'Monday': '11:0-20:0', 'Tuesday': '11:0-20:0', 'Wednesday': '11:0-20:0', 'Thursday': '11:0-20:0', 'Friday': '11:0-21:0', 'Saturday': '11:0-21:0', 'Sunday': '11:0-18:0'}",58,5,3,-0.4,3.810344827586207,4.2,4.333333333333333,0.1333333333333328,98,8,11,0.375,-2,3,0.1333333333333328,0.4807692307692308,0.5714285714285714,0.5166666666666666,0.518966218966219,Stable,0.775,8.0,High,Positive,Expand,"food_product_quality,service_speed"
4vy8j-L9zXXFH_wh2sVzAw,Bower Cafe,263 S 10th St,Philadelphia,PA,19107.0,39.946556,-75.157584,4.5,56,1,"{'WiFi': ""u'free'"", 'HasTV': 'True', 'OutdoorSeating': 'True', 'RestaurantsReservations': 'False', 'Ambience': ""{'touristy': False, 'hipster': False, 'romantic': False, 'divey': False, 'intimate': False, 'trendy': False, 'upscale': False, 'classy': False, 'casual': False}"", 'RestaurantsDelivery': 'True', 'GoodForMeal': ""{'dessert': False, 'latenight': False, 'lunch': False, 'dinner': False, 'brunch': False, 'breakfast': False}"", 'NoiseLevel': ""u'quiet'"", 'RestaurantsTakeOut': 'True', 'BusinessParking': ""{'garage': False, 'street': False, 'validated': False, 'lot': False, 'valet': False}""}","Restaurants, Cafes, Food, Coffee & Tea","{'Monday': '7:0-18:0', 'Tuesday': '7:0-18:0', 'Wednesday': '7:0-18:0', 'Thursday': '7:0-18:0', 'Friday': '7:0-18:0', 'Saturday': '8:0-18:0', 'Sunday': '8:0-18:0'}",56,8,11,0.375,4.696428571428571,4.75,4.636363636363637,-0.1136363636363633,52,8,6,-0.25,3,-2,-0.1136363636363633,0.5288461538461539,0.5416666666666666,0.4857954545454546,0.523552836052836,Growing,0.8400000000000001,10.0,High,Positive,Expand,"staff_behavior,food_product_quality"
ptXuSpg-ScJpAyE2QoLU4Q,West Tavern,1440 Callowhill St,Philadelphia,PA,19130.0,39.9595144642,-75.1634573936,3.5,88,1,"{'RestaurantsGoodForGroups': 'True', 'GoodForKids': 'False', 'BusinessAcceptsCreditCards': 'True', 'RestaurantsReservations': 'False', 'Alcohol': ""u'full_bar'"", 'RestaurantsAttire': ""'casual'"", 'RestaurantsPriceRange2': '1', 'BikeParking': 'True', 'RestaurantsTakeOut': 'True', 'HasTV': 'True', 'BestNights': ""{'monday': False, 'tuesday': False, 'friday': False, 'wednesday': True, 'thursday': True, 'sunday': False, 'saturday': True}"", 'GoodForDancing': 'False', 'OutdoorSeating': 'True', 'RestaurantsDelivery': 'True', 'BusinessParking': ""{'garage': False, 'street': True, 'validated': False, 'lot': True, 'valet': False}"", 'NoiseLevel': ""u'average'"", 'Caters': 'False', 'WiFi': ""'free'"", 'Music': ""{'dj': False, 'background_music': False, 'no_music': False, 'jukebox': False, 'live': False, 'video': False, 'karaoke': True}"", 'Ambience': ""{'touristy': False, 'hipster': False, 'romantic': False, 'divey': False, 'intimate': False, 'trendy': False, 'upscale': False, 'classy': True, 'casual': True}""}","Dive Bars, Nightlife, Restaurants, Bars, Karaoke","{'Monday': '11:0-2:0', 'Tuesday': '11:0-2:0', 'Wednesday': '11:0-2:0', 'Thursday': '11:0-2:0', 'Friday': '11:0-2:0', 'Saturday': '11:0-2:0', 'Sunday': '11:0-2:0'}",90,6,1,-0.8333333333333334,3.488888888888889,4.333333333333333,5.0,0.666666666666667,229,0,1,,-5,1,0.666666666666667,0.4519230769230769,0.5595238095238094,0.5833333333333334,0.516992266992267,Stable,0.6416666666666667,6.0,High,Positive,Expand,"staff_behavior,food_product_quality"
A37C-01zpQty9FmxvZrxEg,El Taco,3233 Powelton Ave,Philadelphia,PA,19104.0,39.960636,-75.1891359,4.0,69,1,"{'RestaurantsReservations': 'False', 'DogsAllowed': 'False', 'BusinessParking': ""{'garage': False, 'street': True, 'validated': False, 'lot': False, 'valet': False}"", 'GoodForKids': 'True', 'OutdoorSeating': 'True', 'RestaurantsTakeOut': 'True', 'RestaurantsTableService': 'False', 'RestaurantsGoodForGroups': 'True', 'BikeParking': 'True', 'GoodForMeal': ""{'dessert': None, 'latenight': None, 'lunch': True, 'dinner': True, 'brunch': None, 'breakfast': None}"", 'ByAppointmentOnly': 'False', 'WheelchairAccessible': 'True', 'RestaurantsAttire': ""'casual'"", 'BusinessAcceptsBitcoin': 'False', 'BusinessAcceptsCreditCards': 'True', 'WiFi': ""u'no'"", 'DriveThru': 'False', 'RestaurantsPriceRange2': '1', 'Ambience': ""{'touristy': None, 'hipster': None, 'romantic': None, 'divey': None, 'intimate': None, 'trendy': True, 'upscale': False, 'classy': False, 'casual': True}"", 'HasTV': 'True', 'NoiseLevel': ""u'average'"", 'HappyHour': 'False', 'RestaurantsDelivery': 'True', 'Alcohol': ""u'none'"", 'Caters': 'True'}","Restaurants, Mexican","{'Monday': '0:0-0:0', 'Tuesday': '16:0-21:30', 'Wednesday': '16:0-21:30', 'Thursday': '16:0-21:30', 'Friday': '16:0-21:30', 'Saturday': '16:0-21:30'}",71,7,6,-0.1428571428571428,4.098591549295775,4.142857142857143,4.333333333333333,0.1904761904761898,145,3,0,-1.0,-1,-3,0.1904761904761898,0.4903846153846153,0.5357142857142856,0.5238095238095237,0.5129222629222628,Declining,0.72,10.0,Low,Positive,Growth Opportunity,"food_product_quality,pricing_value"
eImAdebEDD47dMd6zIx4MQ,Al's Finger Licking Good Soul Food,2302 E 7th Ave,Tampa,FL,33605.0,27.9604016094,-82.4333611028,4.5,27,1,"{'RestaurantsTakeOut': 'True', 'GoodForMeal': ""{'dessert': False, 'latenight': False, 'lunch': False, 'dinner': False, 'brunch': False, 'breakfast': False}"", 'RestaurantsDelivery': 'True', 'Ambience': ""{'touristy': False, 'hipster': False, 'romantic': False, 'divey': False, 'intimate': False, 'trendy': False, 'upscale': False, 'classy': True, 'casual': False}"", 'RestaurantsTableService': 'True', 'Caters': 'True', 'BusinessParking': ""{'garage': False, 'street': True, 'validated': False, 'lot': False, 'valet': False}""}","Restaurants, Soul Food","{'Friday': '11:30-19:0', 'Saturday': '11:30-19:0', 'Sunday': '12:0-17:0'}",27,1,1,0.0,4.37037037037037,5.0,4.0,-1.0,16,0,1,,0,1,-1.0,0.5,0.5595238095238094,0.375,0.492063492063492,Declining,0.9,2.0,Low,Positive,Growth Opportunity,"food_product_quality,staff_behavior"
kaQ-ReAmU-xO2XnQsMFwRg,Doc B's Restaurant + Bar,"2223 N Westshore Blvd, Ste B 206",Tampa,FL,33607.0,27.9659729731,-82.5206306434,4.0,480,1,"{'RestaurantsGoodForGroups': 'True', 'BusinessParking': ""{'garage': True, 'street': False, 'validated': False, 'lot': False, 'valet': True}"", 'BusinessAcceptsCreditCards': 'True', 'RestaurantsDelivery': 'True', 'RestaurantsAttire': ""u'casual'"", 'RestaurantsTakeOut': 'True', 'HasTV': 'True', 'OutdoorSeating': 'True', 'BikeParking': 'True', 'RestaurantsReservations': 'True', 'RestaurantsTableService': 'True', 'GoodForDancing': 'False', 'GoodForKids': 'True', 'WiFi': ""'free'"", 'NoiseLevel': ""u'average'"", 'DriveThru': 'None', 'GoodForMeal': ""{'dessert': None, 'latenight': False, 'lunch': True, 'dinner': True, 'brunch': None, 'breakfast': False}"", 'Alcohol': ""u'full_bar'"", 'RestaurantsPriceRange2': '2', 'DogsAllowed': 'True', 'Ambience': ""{u'divey': False, u'hipster': None, u'casual': True, u'touristy': None, u'trendy': True, u'intimate': False, u'romantic': False, u'classy': None, u'upscale': None}"", 'CoatCheck': 'False', 'Music': ""{'dj': False, 'background_music': False, 'no_music': False, 'jukebox': None, 'live': False, 'video': False, 'karaoke': None}"", 'BestNights': ""{'monday': False, 'tuesday': False, 'friday': True, 'wednesday': False, 'thursday': False, 'sunday': False, 'saturday': True}"", 'HappyHour': 'False', 'Caters': 'True', 'Smoking': ""u'no'""}","Sandwiches, Restaurants, American (New), Salad, Bars, American (Traditional), Burgers, Cocktail Bars, Nightlife, Beer Bar","{'Monday': '11:0-21:0', 'Tuesday': '11:0-21:0', 'Wednesday': '11:0-21:0', 'Thursday': '11:0-21:0', 'Friday': '11:0-22:0', 'Saturday': '11:0-22:0', 'Sunday': '11:0-21:0'}",506,23,31,0.3478260869565217,4.25098814229249,4.304347826086956,4.67741935483871,0.3730715287517538,723,21,28,0.3333333333333333,8,7,0.3730715287517538,0.5769230769230769,0.5952380952380951,0.5466339410939692,0.5762971639549479,Growing,0.5549999999999999,10.0,High,Positive,Expand,"food_product_quality,staff_behavior"
s9ceDy-cVHe0uzvZpWq87Q,E Mei Restaurant,915 Arch St,Philadelphia,PA,19107.0,39.9536815,-75.1554273,4.0,407,1,"{'GoodForKids': 'True', 'RestaurantsPriceRange2': '2', 'RestaurantsAttire': ""u'casual'"", 'RestaurantsReservations': 'True', 'BikeParking': 'True', 'RestaurantsGoodForGroups': 'True', 'BusinessParking': ""{'garage': False, 'street': True, 'validated': False, 'lot': False, 'valet': False}"", 'NoiseLevel': ""u'average'"", 'Caters': 'False', 'HasTV': 'True', 'WiFi': ""u'free'"", 'Ambience': ""{'touristy': False, 'hipster': False, 'romantic': False, 'divey': False, 'intimate': False, 'trendy': False, 'upscale': False, 'classy': True, 'casual': True}"", 'HappyHour': 'False', 'RestaurantsDelivery': 'True', 'BusinessAcceptsCreditCards': 'True', 'BusinessAcceptsBitcoin': 'False', 'DogsAllowed': 'False', 'OutdoorSeating': 'None', 'GoodForMeal': ""{u'breakfast': False, u'brunch': None, u'lunch': True, u'dinner': True, u'latenight': False, u'dessert': False}"", 'WheelchairAccessible': 'True', 'Alcohol': ""u'beer_and_wine'"", 'RestaurantsTakeOut': 'True', 'RestaurantsTableService': 'True'}","Szechuan, Chinese, Restaurants, Noodles, Soup","{'Monday': '11:0-21:0', 'Tuesday': '11:0-21:0', 'Wednesday': '11:0-21:0', 'Thursday': '11:0-21:0', 'Friday': '11:0-22:0', 'Saturday': '11:0-22:0', 'Sunday': '11:0-21:0'}",424,16,29,0.8125,4.091981132075472,4.375,3.931034482758621,-0.4439655172413794,2505,8,18,1.25,13,10,-0.4439655172413794,0.625,0.613095238095238,0.4445043103448275,0.580921592775041,Growing,0.305,10.0,High,Positive,Expand,"food_product_quality,staff_behavior"
GTNh2Jx56qE5kJSOVZxZlg,Cigar City Brewing,4100 George J Bean Pkwy,Tampa,FL,33607.0,27.976725964,-82.5377468,3.0,164,1,"{'BusinessParking': ""{'garage': True, 'street': False, 'validated': False, 'lot': False, 'valet': False}"", 'BusinessAcceptsCreditCards': 'True', 'BusinessAcceptsBitcoin': 'False', 'Caters': 'False', 'RestaurantsTakeOut': 'True', 'RestaurantsPriceRange2': '2', 'WiFi': ""u'free'"", 'WheelchairAccessible': 'True', 'NoiseLevel': ""u'average'"", 'ByAppointmentOnly': 'False', 'DogsAllowed': 'False', 'BikeParking': 'False', 'GoodForKids': 'False'}","Cuban, Food, Airports, Restaurants, Breweries, Hotels & Travel, Tours","{'Monday': '11:0-23:0', 'Tuesday': '11:0-23:0', 'Wednesday': '11:0-23:0', 'Thursday': '11:0-23:0', 'Friday': '11:0-1:0', 'Saturday': '11:0-1:0', 'Sunday': '11:0-23:0'}",168,8,4,-0.5,3.1547619047619047,2.0,2.5,0.5,526,7,9,0.2857142857142857,-4,2,0.5,0.4615384615384615,0.5654761904761904,0.5625,0.5186202686202686,Stable,-0.4388888888888889,9.0,High,Negative,Monitor / Intervene,"service_speed,staff_behavior"
lWedWkinrM5j13pyimbpbA,Miles Table,1620 South St,Philadelphia,PA,19146.0,39.944043,-75.1695127,4.5,514,1,"{'BusinessParking': ""{'garage': False, 'street': True, 'validated': False, 'lot': False, 'valet': False}"", 'WiFi': ""u'free'"", 'OutdoorSeating': 'True', 'Alcohol': ""'beer_and_wine'"", 'BikeParking': 'True', 'RestaurantsDelivery': 'True', 'RestaurantsGoodForGroups': 'True', 'NoiseLevel': ""u'average'"", 'BYOBCorkage': ""u'yes_free'"", 'Ambience': ""{'touristy': False, 'hipster': False, 'romantic': False, 'divey': False, 'intimate': False, 'trendy': False, 'upscale': False, 'classy': True, 'casual': True}"", 'RestaurantsAttire': ""u'casual'"", 'GoodForMeal': ""{'dessert': False, 'latenight': False, 'lunch': True, 'dinner': False, 'brunch': True, 'breakfast': True}"", 'Caters': 'True', 'RestaurantsReservations': 'False', 'ByAppointmentOnly': 'False', 'GoodForKids': 'True', 'HasTV': 'False', 'RestaurantsPriceRange2': '2', 'DogsAllowed': 'False', 'RestaurantsTableService': 'True', 'BYOB': 'True', 'BusinessAcceptsCreditCards': 'True', 'HappyHour': 'False', 'WheelchairAccessible': 'False', 'Corkage': 'False', 'RestaurantsTakeOut': 'True'}","Restaurants, Coffee & Tea, Food, Breakfast & Brunch, Event Planning & Services, American (Traditional), Caterers","{'Monday': '9:0-14:0', 'Tuesday': '9:0-14:0', 'Wednesday': '9:0-14:0', 'Thursday': '9:0-14:0', 'Friday': '9:0-14:0', 'Saturday': '9:0-14:0', 'Sunday': '9:0-14:0'}",530,6,8,0.3333333333333333,4.341509433962264,4.833333333333333,4.375,-0.458333333333333,1061,7,9,0.2857142857142857,2,2,-0.458333333333333,0.5192307692307693,0.5654761904761904,0.4427083333333333,0.5176409238909239,Stable,0.6990000000000001,10.0,High,Positive,Expand,"food_product_quality,staff_behavior"
25sLng-w7vBXbZfyBNeOWg,Museum Deli,333 Spring Garden St,Philadelphia,PA,19123.0,39.9613057,-75.1444538,4.0,16,1,"{'RestaurantsTakeOut': 'True', 'RestaurantsAttire': ""'casual'"", 'RestaurantsGoodForGroups': 'False', 'GoodForKids': 'True', 'RestaurantsReservations': 'False', 'OutdoorSeating': 'False', 'BikeParking': 'True', 'BusinessAcceptsCreditCards': 'True', 'RestaurantsPriceRange2': '1', 'BusinessParking': ""{'garage': False, 'street': False, 'validated': False, 'lot': True, 'valet': False}"", 'GoodForMeal': ""{'dessert': False, 'latenight': False, 'lunch': False, 'dinner': False, 'brunch': False, 'breakfast': False}"", 'HasTV': 'True', 'Ambience': ""{'touristy': False, 'hipster': False, 'romantic': False, 'divey': False, 'intimate': False, 'trendy': False, 'upscale': False, 'classy': False, 'casual': False}"", 'RestaurantsDelivery': 'True'}","Restaurants, Salad, Grocery, Delis, Food","{'Monday': '7:0-20:0', 'Tuesday': '7:0-20:0', 'Wednesday': '7:0-20:0', 'Thursday': '7:0-20:0', 'Friday': '7:0-20:0', 'Saturday': '8:0-19:0'}",16,1,1,0.0,4.125,5.0,5.0,0.0,65,0,0,,0,0,0.0,0.5,0.5535714285714285,0.5,0.5178571428571428,Stable,0.75,2.0,High,Positive,Expand,"staff_behavior,food_product_quality"
QXGnmsKYANxOyZBqM-zlJA,The Plough & the Stars,123 Chestnut St,Philadelphia,PA,19106.0,39.948524,-75.1437297,3.5,454,1,"{'BusinessAcceptsCreditCards': 'True', 'OutdoorSeating': 'True', 'WiFi': ""u'free'"", 'BusinessParking': ""{'garage': False, 'street': True, 'validated': False, 'lot': False, 'valet': False}"", 'RestaurantsReservations': 'True', 'RestaurantsGoodForGroups': 'True', 'Corkage': 'False', 'NoiseLevel': ""u'average'"", 'BYOBCorkage': ""'yes_free'"", 'RestaurantsTakeOut': 'True', 'RestaurantsAttire': ""'casual'"", 'HasTV': 'True', 'RestaurantsPriceRange2': '2', 'Alcohol': ""'full_bar'"", 'BikeParking': 'True', 'Caters': 'False', 'Music': ""{'dj': True, 'background_music': False, 'no_music': False, 'jukebox': False, 'live': False, 'video': False, 'karaoke': False}"", 'Ambience': ""{'touristy': False, 'hipster': False, 'romantic': False, 'divey': False, 'intimate': False, 'trendy': False, 'upscale': False, 'classy': True, 'casual': True}"", 'BestNights': ""{'monday': False, 'tuesday': False, 'friday': True, 'wednesday': False, 'thursday': True, 'sunday': False, 'saturday': True}"", 'GoodForMeal': ""{'dessert': False, 'latenight': None, 'lunch': None, 'dinner': None, 'brunch': None, 'breakfast': False}"", 'GoodForKids': 'True', 'WheelchairAccessible': 'True', 'RestaurantsDelivery': 'True', 'DogsAllowed': 'False', 'BYOB': 'False', 'RestaurantsTableService': 'True'}","Nightlife, Irish, Restaurants, Bars, Gastropubs, Pubs","{'Monday': '12:0-2:0', 'Tuesday': '12:0-2:0', 'Wednesday': '12:0-2:0', 'Thursday': '12:0-2:0', 'Friday': '12:0-2:0', 'Saturday': '11:30-2:0', 'Sunday': '11:30-2:0'}",458,13,13,0.0,3.639737991266376,4.307692307692308,4.230769230769231,-0.0769230769230766,1122,14,19,0.3571428571428571,0,5,-0.0769230769230766,0.5,0.5833333333333333,0.4903846153846154,0.5256410256410255,Growing,0.705,10.0,High,Positive,Expand,"staff_behavior,food_product_quality"
a1esN1yBrh8c8jra-7WcXw,Caribbean Twist,3328 W Columbus Dr,Tampa,FL,33607.0,27.9664178,-82.499238,4.5,48,1,"{'BYOB': 'True', 'Caters': 'True', 'RestaurantsTableService': 'True', 'BusinessAcceptsBitcoin': 'False', 'Alcohol': ""u'none'"", 'WheelchairAccessible': 'True', 'BusinessAcceptsCreditCards': 'True', 'BikeParking': 'False', 'Ambience': ""{'touristy': False, 'hipster': None, 'romantic': False, 'divey': None, 'intimate': False, 'trendy': None, 'upscale': False, 'classy': False, 'casual': True}"", 'BusinessParking': ""{'garage': False, 'street': True, 'validated': False, 'lot': True, 'valet': False}"", 'RestaurantsTakeOut': 'True', 'WiFi': ""u'no'"", 'Corkage': 'False', 'NoiseLevel': ""u'average'"", 'RestaurantsPriceRange2': '1', 'GoodForMeal': ""{'dessert': False, 'latenight': False, 'lunch': False, 'dinner': False, 'brunch': False, 'breakfast': False}"", 'HasTV': 'True', 'RestaurantsDelivery': 'True', 'RestaurantsGoodForGroups': 'True', 'DogsAllowed': 'False', 'OutdoorSeating': 'False', 'RestaurantsReservations': 'True', 'HappyHour': 'True'}","Sandwiches, Restaurants, Spanish, Salad, Breakfast & Brunch, Cuban, Caribbean","{'Monday': '0:0-0:0', 'Tuesday': '7:0-17:0', 'Wednesday': '9:0-17:0', 'Thursday': '7:0-21:0', 'Friday': '7:0-21:0', 'Saturday': '7:0-21:0', 'Sunday': '9:0-20:0'}",50,13,11,-0.1538461538461538,4.68,4.769230769230769,4.727272727272728,-0.0419580419580416,40,9,12,0.3333333333333333,-2,3,-0.0419580419580416,0.4807692307692308,0.5714285714285714,0.4947552447552448,0.5140970140970141,Stable,0.7050000000000001,10.0,High,Positive,Expand,"food_product_quality,staff_behavior"
Y7bpk83gKWgCmi7yKGTTug,Wendy's,2130 S Christopher Columbus Blvd,Philadelphia,PA,19148.0,39.918945,-75.140839,1.5,27,1,"{'RestaurantsTakeOut': 'True', 'Alcohol': ""'none'"", 'OutdoorSeating': 'False', 'GoodForMeal': ""{'dessert': False, 'latenight': False, 'lunch': False, 'dinner': False, 'brunch': False, 'breakfast': False}"", 'GoodForKids': 'True', 'BusinessAcceptsCreditCards': 'True', 'RestaurantsReservations': 'False', 'HasTV': 'True', 'WiFi': ""'no'"", 'BusinessParking': ""{'garage': False, 'street': False, 'validated': False, 'lot': False, 'valet': False}"", 'RestaurantsAttire': ""'casual'"", 'Caters': 'False', 'RestaurantsGoodForGroups': 'True', 'RestaurantsPriceRange2': '1', 'DriveThru': 'True', 'BikeParking': 'False', 'NoiseLevel': ""'loud'"", 'Ambience': ""{'romantic': False, 'intimate': False, 'classy': False, 'hipster': False, 'divey': False, 'touristy': False, 'trendy': False, 'upscale': False, 'casual': False}"", 'RestaurantsDelivery': 'True', 'RestaurantsTableService': 'False'}","Fast Food, Restaurants, Burgers","{'Monday': '10:0-1:0', 'Tuesday': '10:0-1:0', 'Wednesday': '10:0-1:0', 'Thursday': '10:0-1:0', 'Friday': '10:0-1:0', 'Saturday': '10:0-1:0', 'Sunday': '10:0-1:0'}",28,2,1,-0.5,1.7142857142857142,1.0,1.0,0.0,64,1,0,-1.0,-1,-1,0.0,0.4903846153846153,0.5476190476190476,0.5,0.5115995115995116,Declining,-0.85,3.0,Low,Negative,Reassess,"order_accuracy_wait_time,service_speed"
fzYu9Rh-oqlg95QzkbIO0A,Taps Restaurant Bar & Lounge,777 North Ashley Dr,Tampa,FL,33602.0,27.9501068,-82.4602853,3.5,334,1,"{'RestaurantsAttire': ""u'casual'"", 'GoodForKids': 'False', 'OutdoorSeating': 'True', 'WiFi': ""u'free'"", 'BusinessParking': ""{'garage': False, 'street': True, 'validated': False, 'lot': False, 'valet': False}"", 'NoiseLevel': ""'average'"", 'BikeParking': 'True', 'BusinessAcceptsCreditCards': 'True', 'HasTV': 'True', 'RestaurantsReservations': 'False', 'Alcohol': ""u'full_bar'"", 'RestaurantsTakeOut': 'True', 'RestaurantsPriceRange2': '2', 'RestaurantsGoodForGroups': 'True', 'Caters': 'True', 'RestaurantsTableService': 'True', 'BusinessAcceptsBitcoin': 'False', 'Ambience': ""{'touristy': False, 'hipster': False, 'romantic': False, 'divey': False, 'intimate': False, 'trendy': True, 'upscale': False, 'classy': True, 'casual': False}"", 'CoatCheck': 'False', 'Smoking': ""u'outdoor'"", 'BestNights': ""{'monday': False, 'tuesday': False, 'friday': True, 'wednesday': False, 'thursday': True, 'sunday': False, 'saturday': True}"", 'HappyHour': 'True', 'DogsAllowed': 'True', 'Music': ""{'dj': False, 'background_music': False, 'no_music': False, 'jukebox': False, 'live': None, 'video': False, 'karaoke': False}"", 'GoodForMeal': ""{'dessert': None, 'latenight': True, 'lunch': True, 'dinner': True, 'brunch': None, 'breakfast': False}"", 'WheelchairAccessible': 'True', 'RestaurantsDelivery': 'True', 'GoodForDancing': 'False'}","Food, American (New), Tapas/Small Plates, Mexican, Wine Bars, Restaurants, Gastropubs, Nightlife, Bars, Beer, Wine & Spirits, Tacos, Sandwiches, Cocktail Bars","{'Monday': '11:30-23:0', 'Tuesday': '11:30-23:0', 'Wednesday': '11:30-23:0', 'Thursday': '11:30-0:0', 'Friday': '11:30-2:0', 'Saturday': '11:30-2:0', 'Sunday': '11:30-23:0'}",344,4,8,1.0,3.7122093023255816,4.25,3.875,-0.375,1647,7,7,0.0,4,0,-0.375,0.5384615384615384,0.5535714285714285,0.453125,0.5245344932844932,Growing,0.5333333333333333,9.0,High,Positive,Expand,"food_product_quality,cleanliness_ambiance"
HNXpuOxyh9XPm9sM98Ao3A,Cappy's Pizzeria,3200 W Bay-to-Bay Blvd,Tampa,FL,33629.0,27.9195379,-82.495474,4.0,153,1,"{'BikeParking': 'True', 'RestaurantsDelivery': 'False', 'RestaurantsReservations': 'False', 'GoodForKids': 'True', 'RestaurantsAttire': ""u'casual'"", 'RestaurantsPriceRange2': '2', 'RestaurantsTakeOut': 'True', 'WiFi': ""u'no'"", 'BusinessAcceptsCreditCards': 'False', 'Alcohol': ""u'beer_and_wine'"", 'BusinessParking': ""{'garage': False, 'street': False, 'validated': False, 'lot': True, 'valet': False}"", 'NoiseLevel': ""u'loud'"", 'Caters': 'False', 'RestaurantsGoodForGroups': 'True', 'HasTV': 'True', 'OutdoorSeating': 'True', 'GoodForMeal': ""{'dessert': False, 'latenight': False, 'lunch': False, 'dinner': True, 'brunch': False, 'breakfast': False}"", 'RestaurantsTableService': 'True', 'Ambience': ""{u'divey': None, u'hipster': None, u'casual': True, u'touristy': False, u'trendy': None, u'intimate': False, u'romantic': False, u'classy': False, u'upscale': False}""}","Pizza, Restaurants","{'Monday': '17:0-21:0', 'Tuesday': '17:0-21:0', 'Wednesday': '17:0-21:0', 'Thursday': '17:0-21:0', 'Friday': '17:0-22:0', 'Saturday': '17:0-22:0', 'Sunday': '17:0-21:0'}",159,6,8,0.3333333333333333,4.044025157232705,4.5,4.375,-0.125,220,3,3,0.0,2,0,-0.125,0.5192307692307693,0.5535714285714285,0.484375,0.5229319291819291,Growing,0.777,10.0,High,Positive,Expand,"food_product_quality,staff_behavior"
Z0Bn-FdyZmXHBh8qQe9JLw,Tnt burger,7206 N Dale Mabry Hwy,Tampa,FL,33614.0,28.0148118978,-82.5055211025,4.5,26,1,"{'RestaurantsTakeOut': 'True', 'RestaurantsPriceRange2': '2', 'BusinessParking': ""{u'valet': False, u'garage': None, u'street': None, u'lot': True, u'validated': None}"", 'RestaurantsDelivery': 'True'}","Food Trucks, Restaurants, Burgers, Fast Food, Food","{'Thursday': '17:0-23:0', 'Friday': '17:0-23:0', 'Saturday': '16:0-23:0', 'Sunday': '16:0-23:0'}",26,12,9,-0.25,4.615384615384615,4.25,4.888888888888889,0.6388888888888893,7,0,3,,-3,3,0.6388888888888893,0.4711538461538461,0.5714285714285714,0.5798611111111112,0.5287359245692578,Growing,0.558,10.0,High,Positive,Expand,"food_product_quality,staff_behavior"
69ccjOpx2iFvr1y2qas9uA,Caffeine Roasters,2420 W Kennedy Blvd,Tampa,FL,33609.0,27.9445185,-82.4847622,4.0,209,1,"{'DogsAllowed': 'True', 'BusinessParking': ""{'garage': False, 'street': True, 'validated': True, 'lot': True, 'valet': False}"", 'NoiseLevel': ""u'average'"", 'OutdoorSeating': 'False', 'WheelchairAccessible': 'True', 'Caters': 'False', 'HasTV': 'True', 'ByAppointmentOnly': 'False', 'WiFi': ""u'free'"", 'BusinessAcceptsCreditCards': 'True', 'RestaurantsPriceRange2': '2', 'BusinessAcceptsBitcoin': 'False', 'BikeParking': 'True', 'RestaurantsReservations': 'False', 'HappyHour': 'False', 'GoodForMeal': ""{'dessert': False, 'latenight': False, 'lunch': False, 'dinner': False, 'brunch': False, 'breakfast': False}"", 'RestaurantsTakeOut': 'True', 'RestaurantsDelivery': 'True', 'Alcohol': ""u'none'""}","Coffee Roasteries, Food, Bakeries, Restaurants, Breakfast & Brunch, Drive-Thru Bars, Cafes, Bars, Coffee & Tea, Nightlife","{'Monday': '9:0-18:0', 'Tuesday': '6:0-18:0', 'Wednesday': '6:0-18:0', 'Thursday': '6:0-18:0', 'Friday': '6:0-18:0', 'Saturday': '7:0-18:0', 'Sunday': '8:0-16:0'}",220,16,19,0.1875,4.1863636363636365,4.1875,4.105263157894737,-0.0822368421052628,355,20,15,-0.25,3,-5,-0.0822368421052628,0.5288461538461539,0.5238095238095237,0.4897203947368421,0.5184726640318745,Stable,0.325,10.0,High,Positive,Expand,"food_product_quality,staff_behavior"
YpUowEOcZNehoBv0lxqlpA,Popeyes Louisiana Kitchen,4211 N Broad St,Philadelphia,PA,19140.0,40.017796,-75.148528,2.5,9,1,"{'RestaurantsAttire': ""'casual'"", 'WiFi': ""'no'"", 'HasTV': 'False', 'RestaurantsReservations': 'False', 'BusinessAcceptsCreditCards': 'True', 'RestaurantsTakeOut': 'True', 'Ambience': ""{'touristy': False, 'hipster': False, 'romantic': False, 'divey': False, 'intimate': False, 'trendy': False, 'upscale': False, 'classy': False, 'casual': False}"", 'RestaurantsGoodForGroups': 'False', 'RestaurantsDelivery': 'True', 'OutdoorSeating': 'False', 'Caters': 'True', 'GoodForKids': 'True', 'Alcohol': ""'none'"", 'RestaurantsPriceRange2': '1', 'DriveThru': 'False', 'BikeParking': 'False'}","American (Traditional), Restaurants, Chicken Wings, Fast Food","{'Monday': '7:0-23:0', 'Tuesday': '7:0-23:0', 'Wednesday': '7:0-23:0', 'Thursday': '7:0-23:0', 'Friday': '7:0-23:0', 'Saturday': '7:0-23:0', 'Sunday': '7:0-23:0'}",9,1,3,2.0,2.4444444444444446,3.0,2.333333333333333,-0.6666666666666665,15,4,0,-1.0,2,-4,-0.6666666666666665,0.5192307692307693,0.5297619047619047,0.4166666666666667,0.4999491249491249,Declining,-0.1499999999999999,4.0,Low,Negative,Reassess,"order_accuracy_wait_time,food_product_quality"
1XQWvgGDqzDoEOg0_7eWKA,Six,510 Water St,Tampa,FL,33602.0,27.9415519453,-82.4537684841,3.5,40,1,"{'HasTV': 'True', 'BikeParking': 'False', 'CoatCheck': 'False', 'Corkage': 'True', 'ByAppointmentOnly': 'False', 'Alcohol': ""u'full_bar'"", 'DogsAllowed': 'False', 'HappyHour': 'True', 'BusinessAcceptsBitcoin': 'False', 'WiFi': ""u'free'"", 'BusinessAcceptsCreditCards': 'True', 'Caters': 'True', 'RestaurantsReservations': 'True', 'BusinessParking': ""{'garage': True, 'street': False, 'validated': False, 'lot': False, 'valet': True}"", 'RestaurantsTableService': 'True', 'Smoking': ""u'no'"", 'BYOB': 'False', 'RestaurantsTakeOut': 'True', 'RestaurantsDelivery': 'False', 'OutdoorSeating': 'True', 'WheelchairAccessible': 'True'}","Cocktail Bars, Wine Bars, Sandwiches, American (New), Cafes, Venues & Event Spaces, Nightlife, Bars, Event Planning & Services, Restaurants","{'Monday': '11:0-23:0', 'Tuesday': '11:0-23:0', 'Wednesday': '11:0-23:0', 'Thursday': '11:0-23:0', 'Friday': '11:0-23:0', 'Saturday': '11:0-23:0', 'Sunday': '11:0-23:0'}",43,25,8,-0.68,3.395348837209302,3.2,3.25,0.0499999999999998,41,20,15,-0.25,-17,-5,0.0499999999999998,0.3365384615384615,0.5238095238095237,0.50625,0.4366758241758241,Declining,0.35,10.0,Low,Positive,Growth Opportunity,"food_product_quality,pricing_value"
UXOji-MYsS0SL_0ccTjbKQ,PrimoHoagies,304 Market St,Philadelphia,PA,19106.0,39.949975,-75.146054,3.0,42,1,"{'RestaurantsReservations': 'False', 'OutdoorSeating': 'False', 'GoodForMeal': ""{'dessert': None, 'latenight': None, 'lunch': True, 'dinner': None, 'brunch': None, 'breakfast': None}"", 'BikeParking': 'False', 'BusinessAcceptsCreditCards': 'True', 'WiFi': ""u'free'"", 'RestaurantsDelivery': 'True', 'RestaurantsPriceRange2': '1', 'Alcohol': ""'none'"", 'RestaurantsAttire': ""'casual'"", 'HasTV': 'True', 'RestaurantsTakeOut': 'True', 'GoodForKids': 'True', 'BusinessParking': ""{'garage': False, 'street': False, 'validated': False, 'lot': False, 'valet': False}"", 'RestaurantsGoodForGroups': 'False', 'Ambience': ""{u'divey': None, u'hipster': None, u'casual': None, u'touristy': None, u'trendy': None, u'intimate': None, u'romantic': False, u'classy': None, u'upscale': None}"", 'Caters': 'True'}","Italian, Restaurants, Sandwiches","{'Monday': '10:0-20:0', 'Tuesday': '10:0-20:0', 'Wednesday': '10:0-20:0', 'Thursday': '10:0-20:0', 'Friday': '10:0-18:0', 'Saturday': '10:0-16:0', 'Sunday': '10:0-20:0'}",42,5,3,-0.4,2.857142857142857,1.6,2.0,0.3999999999999999,60,9,8,-0.1111111111111111,-2,-1,0.3999999999999999,0.4807692307692308,0.5476190476190476,0.55,0.5184371184371184,Stable,-0.49375,8.0,High,Negative,Monitor / Intervene,"order_accuracy_wait_time,staff_behavior"
sq3BcLyY4_jZf-zkO2itDA,Taco Bus,505 N Franklin St,Tampa,FL,33602.0,27.9488095661,-82.458234202,3.0,400,1,"{'RestaurantsPriceRange2': '1', 'RestaurantsReservations': 'False', 'Ambience': ""{'romantic': False, 'intimate': False, 'touristy': False, 'hipster': False, 'divey': False, 'classy': False, 'trendy': False, 'upscale': False, 'casual': True}"", 'BusinessAcceptsCreditCards': 'True', 'Caters': 'False', 'OutdoorSeating': 'True', 'RestaurantsAttire': ""u'casual'"", 'HasTV': 'True', 'Alcohol': ""u'beer_and_wine'"", 'BikeParking': 'True', 'RestaurantsGoodForGroups': 'True', 'RestaurantsTakeOut': 'True', 'NoiseLevel': ""u'average'"", 'GoodForKids': 'True', 'WiFi': ""u'no'"", 'RestaurantsDelivery': 'True', 'GoodForMeal': ""{'dessert': False, 'latenight': False, 'lunch': True, 'dinner': True, 'brunch': False, 'breakfast': False}"", 'BusinessParking': ""{'garage': False, 'street': True, 'validated': False, 'lot': True, 'valet': False}""}","Mexican, Street Vendors, Restaurants, Vegetarian, Food, Food Trucks","{'Monday': '11:0-22:0', 'Tuesday': '11:0-22:0', 'Wednesday': '11:0-23:0', 'Thursday': '11:0-22:0', 'Friday': '11:0-22:0', 'Saturday': '11:0-22:0', 'Sunday': '11:0-22:0'}",405,5,10,1.0,2.7679012345679013,2.2,1.9,-0.3000000000000002,849,2,3,0.5,5,1,-0.3000000000000002,0.5480769230769231,0.5595238095238094,0.4624999999999999,0.5328754578754578,Growing,-0.42,10.0,High,Negative,Monitor / Intervene,"food_product_quality,staff_behavior"
dsfRniRgfbDjC8os848B6A,Bern's Steak House,1208 S Howard Ave,Tampa,FL,33606.0,27.9318624,-82.4827004,4.5,2924,1,"{'OutdoorSeating': 'False', 'RestaurantsDelivery': 'False', 'Corkage': 'True', 'RestaurantsAttire': ""'dressy'"", 'BYOBCorkage': ""'yes_corkage'"", 'BusinessAcceptsCreditCards': 'True', 'Ambience': ""{'romantic': False, 'intimate': False, 'classy': True, 'hipster': False, 'divey': False, 'touristy': False, 'trendy': False, 'upscale': True, 'casual': False}"", 'Caters': 'False', 'RestaurantsPriceRange2': '4', 'RestaurantsReservations': 'True', 'RestaurantsGoodForGroups': 'True', 'GoodForKids': 'False', 'NoiseLevel': ""u'average'"", 'Alcohol': ""'full_bar'"", 'WiFi': ""u'no'"", 'GoodForMeal': ""{'dessert': True, 'latenight': False, 'lunch': False, 'dinner': True, 'brunch': False, 'breakfast': False}"", 'DogsAllowed': 'False', 'BikeParking': 'True', 'RestaurantsTakeOut': 'False', 'HappyHour': 'False', 'BusinessAcceptsBitcoin': 'False', 'WheelchairAccessible': 'True', 'HasTV': 'False', 'RestaurantsTableService': 'True', 'BusinessParking': ""{'garage': False, 'street': False, 'validated': False, 'lot': False, 'valet': True}"", 'BYOB': 'False'}","Arts & Entertainment, Steakhouses, Restaurants","{'Monday': '17:0-22:0', 'Tuesday': '17:0-22:0', 'Wednesday': '17:0-22:0', 'Thursday': '17:0-22:0', 'Friday': '16:0-23:0', 'Saturday': '18:0-23:0', 'Sunday': '17:0-22:0'}",3028,123,130,0.056910569105691,4.251981505944518,4.471544715447155,4.323076923076923,-0.1484677923702317,3589,91,89,-0.0219780219780219,7,-2,-0.1484677923702317,0.5673076923076923,0.5416666666666666,0.481441525953721,0.5396793134598012,Growing,0.2,10.0,High,Positive,Expand,"staff_behavior,food_product_quality"
KiwskluQ7tMqZqvuf872vg,4 Rivers Smokehouse,14330 N Dale Mabry Hwy,Tampa,FL,33618.0,28.0770285382,-82.5075810644,4.0,572,1,"{'BusinessParking': ""{'garage': False, 'street': False, 'validated': False, 'lot': True, 'valet': False}"", 'RestaurantsGoodForGroups': 'True', 'RestaurantsTableService': 'False', 'RestaurantsReservations': 'False', 'WiFi': ""'free'"", 'RestaurantsAttire': ""u'casual'"", 'WheelchairAccessible': 'True', 'GoodForKids': 'True', 'RestaurantsPriceRange2': '2', 'Alcohol': ""'beer_and_wine'"", 'BusinessAcceptsCreditCards': 'True', 'Ambience': ""{'romantic': False, 'intimate': False, 'classy': False, 'hipster': False, 'divey': False, 'touristy': False, 'trendy': False, 'upscale': False, 'casual': True}"", 'BikeParking': 'True', 'RestaurantsTakeOut': 'True', 'NoiseLevel': ""'average'"", 'Caters': 'True', 'DogsAllowed': 'True', 'GoodForMeal': ""{'dessert': True, 'latenight': False, 'lunch': True, 'dinner': True, 'brunch': False, 'breakfast': False}"", 'HasTV': 'True', 'RestaurantsDelivery': 'True', 'OutdoorSeating': 'True', 'DriveThru': 'True', 'BusinessAcceptsBitcoin': 'False', 'HappyHour': 'False'}","Barbeque, Smokehouse, Restaurants, Food, Southern, Caterers, Event Planning & Services, Desserts","{'Monday': '0:0-0:0', 'Tuesday': '11:0-20:0', 'Wednesday': '11:0-20:0', 'Thursday': '11:0-20:0', 'Friday': '11:0-20:0', 'Saturday': '11:0-20:0'}",599,15,18,0.2,3.919866444073456,2.8666666666666667,3.0,0.1333333333333333,1106,10,8,-0.2,3,-2,0.1333333333333333,0.5288461538461539,0.5416666666666666,0.5166666666666666,0.5304131054131054,Growing,-0.05,10.0,High,Negative,Monitor / Intervene,"food_product_quality,pricing_value"
7rUaXU8_IgnOrOMnN7HPQQ,Landmark Americana Tap & Grill - City Line,2481 N 54th St,Philadelphia,PA,19131.0,39.9960138239,-75.234246254,2.5,133,1,"{'GoodForKids': 'False', 'BusinessParking': ""{'garage': True, 'street': True, 'validated': True, 'lot': False, 'valet': False}"", 'WiFi': ""u'free'"", 'RestaurantsGoodForGroups': 'True', 'NoiseLevel': ""u'loud'"", 'BusinessAcceptsCreditCards': 'True', 'OutdoorSeating': 'True', 'RestaurantsPriceRange2': '2', 'HasTV': 'True', 'BikeParking': 'False', 'Alcohol': ""u'full_bar'"", 'RestaurantsTakeOut': 'True', 'BestNights': ""{'monday': True, 'tuesday': False, 'friday': True, 'wednesday': False, 'thursday': False, 'sunday': False, 'saturday': True}"", 'RestaurantsAttire': ""u'casual'"", 'RestaurantsReservations': 'True', 'Ambience': ""{'touristy': False, 'hipster': False, 'romantic': False, 'divey': False, 'intimate': False, 'trendy': None, 'upscale': False, 'classy': False, 'casual': True}"", 'BusinessAcceptsBitcoin': 'False', 'GoodForMeal': ""{'dessert': False, 'latenight': False, 'lunch': False, 'dinner': True, 'brunch': False, 'breakfast': False}"", 'Caters': 'True', 'Music': ""{'dj': False, 'background_music': False, 'no_music': False, 'jukebox': False, 'live': False, 'video': False, 'karaoke': False}"", 'RestaurantsDelivery': 'True'}","Sports Bars, Nightlife, American (Traditional), Restaurants, Beer, Wine & Spirits, Bars, Food","{'Monday': '0:0-0:0', 'Tuesday': '12:0-0:0', 'Wednesday': '12:0-0:0', 'Thursday': '12:0-0:0', 'Friday': '12:0-0:0', 'Saturday': '12:0-0:0', 'Sunday': '12:0-0:0'}",136,4,5,0.25,2.4705882352941178,1.5,2.0,0.5,219,3,1,-0.6666666666666666,1,-2,0.5,0.5096153846153846,0.5416666666666666,0.5625,0.5320512820512819,Growing,-0.3833333333333333,9.0,High,Negative,Monitor / Intervene,"food_product_quality,staff_behavior"
b9sLRv_j1eijFIEso8-RQg,Philly Pretzel Factory,12363 Academy Rd,Philadelphia,PA,19154.0,40.096319,-74.974212,4.5,9,1,"{'RestaurantsPriceRange2': '1', 'RestaurantsTakeOut': 'True', 'WheelchairAccessible': 'True', 'BikeParking': 'False', 'Caters': 'True', 'HasTV': 'False', 'WiFi': ""u'no'"", 'BusinessAcceptsCreditCards': 'True', 'BusinessParking': ""{'garage': False, 'street': False, 'validated': False, 'lot': False, 'valet': False}"", 'OutdoorSeating': 'False', 'RestaurantsDelivery': 'True', 'RestaurantsTableService': 'False', 'DriveThru': 'True'}","Restaurants, Food, Hot Dogs, Pretzels, Bakeries","{'Monday': '0:0-0:0', 'Tuesday': '6:0-18:0', 'Wednesday': '6:0-18:0', 'Thursday': '6:0-18:0', 'Friday': '6:0-18:0', 'Saturday': '7:0-14:0', 'Sunday': '7:0-16:0'}",9,1,1,0.0,4.666666666666667,5.0,5.0,0.0,79,2,0,-1.0,0,-2,0.0,0.5,0.5416666666666666,0.5,0.5138888888888888,Stable,0.8,2.0,High,Positive,Expand,"service_speed,staff_behavior"
yyvFGYfw0azW5mA_th8ndQ,Renzo's,3644 W Kennedy Blvd,Tampa,FL,33609.0,27.9444188,-82.5033191,4.0,365,1,"{'RestaurantsGoodForGroups': 'True', 'WiFi': ""u'free'"", 'RestaurantsPriceRange2': '2', 'GoodForKids': 'True', 'RestaurantsDelivery': 'True', 'HasTV': 'True', 'RestaurantsReservations': 'True', 'Alcohol': ""u'beer_and_wine'"", 'Caters': 'True', 'RestaurantsAttire': ""u'casual'"", 'BusinessAcceptsCreditCards': 'True', 'GoodForMeal': ""{'dessert': True, 'latenight': False, 'lunch': True, 'dinner': True, 'brunch': False, 'breakfast': False}"", 'NoiseLevel': ""u'average'"", 'RestaurantsTableService': 'True', 'RestaurantsTakeOut': 'True', 'ByAppointmentOnly': 'False', 'BikeParking': 'True', 'Corkage': 'True', 'Ambience': ""{u'divey': False, u'hipster': False, u'casual': True, u'touristy': False, u'trendy': None, u'intimate': False, u'romantic': None, u'classy': True, u'upscale': False}"", 'BusinessParking': ""{'garage': False, 'street': False, 'validated': False, 'lot': True, 'valet': False}"", 'OutdoorSeating': 'None', 'WheelchairAccessible': 'True', 'BYOB': 'False', 'HappyHour': 'True'}","Steakhouses, Spanish, Brazilian, Latin American, American (New), Restaurants, Argentine","{'Monday': '0:0-0:0', 'Tuesday': '11:0-21:0', 'Wednesday': '11:0-21:0', 'Thursday': '11:0-21:0', 'Friday': '11:0-22:0', 'Saturday': '10:30-22:0', 'Sunday': '10:30-20:0'}",374,15,8,-0.4666666666666667,4.221925133689839,3.533333333333333,3.875,0.3416666666666668,997,19,29,0.5263157894736842,-7,10,0.3416666666666668,0.4326923076923077,0.613095238095238,0.5427083333333333,0.5172746235246235,Stable,0.39,10.0,High,Positive,Expand,"food_product_quality,staff_behavior"
-ib2qJmDKJgH_ZbtSu_HjA,Charlie's Pizza & Wings,4439 Gunn Hwy,Tampa,FL,33618.0,28.0472845,-82.5165025,4.0,54,1,"{'BusinessParking': ""{'garage': False, 'street': False, 'validated': False, 'lot': False, 'valet': False}"", 'WiFi': ""'no'"", 'Ambience': ""{'romantic': False, 'intimate': False, 'classy': False, 'hipster': False, 'divey': False, 'touristy': False, 'trendy': False, 'upscale': False, 'casual': False}"", 'RestaurantsGoodForGroups': 'False', 'GoodForKids': 'True', 'Alcohol': ""'none'"", 'RestaurantsAttire': ""u'casual'"", 'RestaurantsDelivery': 'True', 'HasTV': 'True', 'RestaurantsPriceRange2': '1', 'BusinessAcceptsCreditCards': 'True', 'BikeParking': 'True', 'RestaurantsTakeOut': 'True', 'OutdoorSeating': 'False', 'RestaurantsReservations': 'False', 'NoiseLevel': ""'average'"", 'Caters': 'True', 'GoodForMeal': ""{'dessert': False, 'latenight': False, 'lunch': False, 'dinner': False, 'brunch': False, 'breakfast': False}""}","Restaurants, Chicken Wings, Pizza","{'Monday': '11:0-22:0', 'Tuesday': '11:0-22:0', 'Wednesday': '11:0-22:0', 'Thursday': '11:0-22:0', 'Friday': '11:0-23:0', 'Saturday': '11:0-23:0', 'Sunday': '12:0-22:0'}",55,2,4,1.0,4.109090909090909,3.5,4.75,1.25,32,0,0,,2,0,1.25,0.5192307692307693,0.5535714285714285,0.65625,0.5611263736263736,Growing,0.5499999999999999,6.0,High,Positive,Expand,"food_product_quality,staff_behavior"
zILVkn_Gm9xASg63jWKMHw,Viva Napoli,4301 W El Prado Blvd,Tampa,FL,33629.0,27.9118986,-82.516579,4.5,122,1,"{'Alcohol': ""u'beer_and_wine'"", 'NoiseLevel': ""u'quiet'"", 'RestaurantsGoodForGroups': 'False', 'RestaurantsTableService': 'True', 'RestaurantsAttire': ""u'casual'"", 'WheelchairAccessible': 'True', 'HasTV': 'False', 'BusinessAcceptsCreditCards': 'True', 'RestaurantsTakeOut': 'True', 'BusinessParking': ""{'garage': False, 'street': True, 'validated': False, 'lot': False, 'valet': False}"", 'GoodForKids': 'True', 'OutdoorSeating': 'False', 'BestNights': ""{'monday': False, 'tuesday': False, 'friday': False, 'wednesday': False, 'thursday': False, 'sunday': False, 'saturday': False}"", 'BikeParking': 'True', 'RestaurantsDelivery': 'True', 'Caters': 'True', 'DogsAllowed': 'False', 'RestaurantsReservations': 'True', 'Ambience': ""{'touristy': False, 'hipster': False, 'romantic': None, 'divey': False, 'intimate': None, 'trendy': None, 'upscale': False, 'classy': False, 'casual': True}"", 'WiFi': ""u'free'"", 'GoodForMeal': ""{u'breakfast': False, u'brunch': False, u'lunch': None, u'dinner': True, u'latenight': None, u'dessert': None}"", 'RestaurantsPriceRange2': '2'}","Pizza, Cucina campana, Restaurants, Pasta Shops, Italian, Bars, Specialty Food, Nightlife, Wine Bars, Food","{'Monday': '0:0-0:0', 'Tuesday': '17:0-22:0', 'Wednesday': '17:0-22:0', 'Thursday': '17:0-22:0', 'Friday': '17:0-22:30', 'Saturday': '17:0-22:30', 'Sunday': '17:0-22:0'}",125,16,4,-0.75,4.432,4.25,4.0,-0.25,54,6,5,-0.1666666666666666,-12,-1,-0.25,0.3846153846153846,0.5476190476190476,0.46875,0.4576465201465201,Declining,0.5433333333333334,9.0,Low,Positive,Growth Opportunity,"food_product_quality,staff_behavior"
a4fNrX46rTl4BE2WauPAUw,Boston Market,16215 N Dale Mabry,Tampa,FL,33618.0,28.1006674,-82.5016295,3.0,27,1,"{'BusinessAcceptsCreditCards': 'True', 'NoiseLevel': ""u'quiet'"", 'RestaurantsPriceRange2': '1', 'Caters': 'True', 'RestaurantsAttire': ""'casual'"", 'GoodForKids': 'True', 'GoodForMeal': ""{'dessert': False, 'latenight': False, 'lunch': True, 'dinner': False, 'brunch': False, 'breakfast': False}"", 'Ambience': 'None', 'Alcohol': ""u'none'"", 'RestaurantsDelivery': 'True', 'RestaurantsTakeOut': 'True', 'BikeParking': 'False', 'OutdoorSeating': 'False', 'RestaurantsGoodForGroups': 'True', 'RestaurantsReservations': 'False', 'HasTV': 'True', 'BusinessParking': 'None'}","Restaurants, American (Traditional), Caterers, Comfort Food, Event Planning & Services, Chicken Shop, Sandwiches","{'Monday': '11:0-22:0', 'Tuesday': '11:0-22:0', 'Wednesday': '11:0-22:0', 'Thursday': '11:0-22:0', 'Friday': '11:0-22:0', 'Saturday': '11:0-22:0', 'Sunday': '11:0-22:0'}",29,1,4,3.0,3.0,5.0,1.0,-4.0,68,5,2,-0.6,3,-3,-4.0,0.5288461538461539,0.5357142857142856,0.0,0.4136141636141636,Declining,-0.4800000000000001,5.0,Low,Negative,Reassess,"order_accuracy_wait_time,staff_behavior"
389Y1ecrGnPwGA4KcbiBXA,Pizza Hut,3904-A W Hillsborough Ave,Tampa,FL,33614.0,27.995698,-82.50812,1.5,28,1,"{'OutdoorSeating': 'False', 'GoodForKids': 'True', 'Caters': 'True', 'BusinessParking': ""{'garage': False, 'street': False, 'validated': False, 'lot': False, 'valet': False}"", 'RestaurantsPriceRange2': '1', 'RestaurantsTakeOut': 'True', 'BikeParking': 'False', 'RestaurantsAttire': ""'casual'"", 'RestaurantsReservations': 'False', 'HasTV': 'True', 'Ambience': ""{'romantic': False, 'intimate': False, 'classy': False, 'hipster': False, 'divey': False, 'touristy': False, 'trendy': False, 'upscale': False, 'casual': False}"", 'Alcohol': ""'none'"", 'RestaurantsDelivery': 'True', 'RestaurantsGoodForGroups': 'True', 'NoiseLevel': ""'average'"", 'BusinessAcceptsCreditCards': 'True'}","Pizza, Chicken Wings, Restaurants, Italian, Fast Food","{'Monday': '10:0-0:0', 'Tuesday': '10:0-0:0', 'Wednesday': '10:0-0:0', 'Thursday': '10:0-0:0', 'Friday': '10:0-1:0', 'Saturday': '10:0-1:0', 'Sunday': '10:0-0:0'}",31,2,1,-0.5,1.4193548387096775,1.0,1.0,0.0,20,0,1,,-1,1,0.0,0.4903846153846153,0.5595238095238094,0.5,0.5155677655677655,Stable,-0.7666666666666666,3.0,High,Negative,Monitor / Intervene,"order_accuracy_wait_time,service_speed"
o3mCQJcBBMDWzTY-FuUh9w,Thomas P's Sports Bar & Patio,12836 Henderson Rd,Tampa,FL,33625.0,28.0628484,-82.5503384,4.5,89,1,"{'RestaurantsReservations': 'False', 'RestaurantsPriceRange2': '2', 'Music': ""{'dj': False, 'background_music': False, 'no_music': False, 'jukebox': False, 'live': True, 'video': False, 'karaoke': False}"", 'BusinessParking': ""{'garage': None, 'street': None, 'validated': False, 'lot': True, 'valet': False}"", 'Alcohol': ""u'full_bar'"", 'NoiseLevel': ""u'average'"", 'GoodForMeal': ""{'dessert': None, 'latenight': None, 'lunch': None, 'dinner': True, 'brunch': None, 'breakfast': None}"", 'RestaurantsGoodForGroups': 'True', 'HasTV': 'True', 'OutdoorSeating': 'True', 'CoatCheck': 'False', 'Ambience': ""{u'divey': None, u'hipster': None, u'casual': True, u'touristy': False, u'trendy': None, u'intimate': False, u'romantic': False, u'classy': False, u'upscale': False}"", 'BusinessAcceptsCreditCards': 'True', 'BestNights': ""{u'monday': False, u'tuesday': False, u'wednesday': False, u'thursday': False, u'friday': False, u'saturday': True, u'sunday': False}"", 'RestaurantsTableService': 'True'}","Nightlife, Pizza, Bars, Mexican, Sandwiches, Sports Bars, Pubs, Restaurants, Tacos","{'Monday': '11:0-23:0', 'Wednesday': '11:0-23:0', 'Thursday': '11:0-23:0', 'Friday': '11:0-23:0', 'Saturday': '11:0-23:0', 'Sunday': '11:0-21:0'}",97,12,15,0.25,4.360824742268041,4.25,4.066666666666666,-0.1833333333333335,75,17,14,-0.1764705882352941,3,-3,-0.1833333333333335,0.5288461538461539,0.5357142857142856,0.4770833333333333,0.5196326821326821,Stable,0.572,10.0,High,Positive,Expand,"food_product_quality,staff_behavior"
jIzN5atQRz9OIeYO-Lx4mw,Over Easy Breakfast Club,2302 E Norris St,Philadelphia,PA,19125.0,39.977917792,-75.1294140734,4.0,89,1,"{'RestaurantsGoodForGroups': 'False', 'RestaurantsTakeOut': 'True', 'BusinessAcceptsCreditCards': 'True', 'GoodForMeal': ""{u'breakfast': None, u'brunch': True, u'lunch': None, u'dinner': None, u'latenight': None, u'dessert': None}"", 'RestaurantsReservations': 'False', 'WiFi': ""u'free'"", 'Ambience': ""{u'divey': False, u'hipster': True, u'casual': None, u'touristy': None, u'trendy': None, u'intimate': None, u'romantic': None, u'classy': None, u'upscale': False}"", 'BusinessParking': ""{'garage': False, 'street': False, 'validated': False, 'lot': False, 'valet': False}"", 'OutdoorSeating': 'True', 'HasTV': 'True', 'RestaurantsDelivery': 'True', 'HappyHour': 'False', 'GoodForKids': 'True'}","Breakfast & Brunch, Restaurants","{'Friday': '8:0-15:0', 'Saturday': '8:0-15:0', 'Sunday': '8:0-15:0'}",90,3,10,2.333333333333333,3.988888888888889,4.666666666666667,4.4,-0.2666666666666666,57,0,1,,7,1,-0.2666666666666666,0.5673076923076923,0.5595238095238094,0.4666666666666667,0.5423483923483923,Growing,0.55,8.0,High,Positive,Expand,"food_product_quality,staff_behavior"
Ljtd29uAWCaGK046QuvPhQ,Popeyes Louisiana Kitchen,2701 E Busch Blvd,Tampa,FL,33612.0,28.0321651,-82.4286365528,2.0,18,1,"{'RestaurantsGoodForGroups': 'True', 'RestaurantsTakeOut': 'True', 'GoodForKids': 'True', 'Caters': 'False', 'BikeParking': 'True', 'RestaurantsReservations': 'False', 'RestaurantsAttire': ""'casual'"", 'WiFi': ""'no'"", 'HasTV': 'True', 'RestaurantsPriceRange2': '1', 'BusinessAcceptsCreditCards': 'True', 'OutdoorSeating': 'False', 'Alcohol': ""'none'"", 'Ambience': ""{'touristy': False, 'hipster': False, 'romantic': False, 'divey': False, 'intimate': False, 'trendy': False, 'upscale': False, 'classy': False, 'casual': False}"", 'BusinessParking': ""{'garage': None, 'street': None, 'validated': None, 'lot': True, 'valet': False}"", 'GoodForMeal': ""{'dessert': False, 'latenight': False, 'lunch': False, 'dinner': False, 'brunch': False, 'breakfast': False}"", 'RestaurantsDelivery': 'True'}","American (Traditional), Restaurants, Chicken Wings, Fast Food","{'Monday': '10:0-22:0', 'Tuesday': '10:0-22:0', 'Wednesday': '10:0-22:0', 'Thursday': '10:0-22:0', 'Friday': '10:0-23:0', 'Saturday': '10:0-23:0', 'Sunday': '10:0-22:0'}",19,3,4,0.3333333333333333,1.736842105263158,1.0,2.0,1.0,36,1,1,0.0,1,0,1.0,0.5096153846153846,0.5535714285714285,0.625,0.5499084249084248,Growing,-0.5542857142857143,7.0,High,Negative,Monitor / Intervene,"staff_behavior,service_speed"
YKAcEh3jygrVpxFEugGf1g,Sake House,15311 Amberly Dr,Tampa,FL,33647.0,28.0879453,-82.4044651,4.0,55,1,"{'Alcohol': ""u'beer_and_wine'"", 'WheelchairAccessible': 'True', 'BusinessParking': ""{'garage': False, 'street': False, 'validated': False, 'lot': False, 'valet': False}"", 'DogsAllowed': 'True', 'BYOB': 'True', 'Corkage': 'False', 'RestaurantsDelivery': 'True', 'RestaurantsTableService': 'True', 'RestaurantsReservations': 'True', 'OutdoorSeating': 'None', 'HasTV': 'True', 'Ambience': ""{u'divey': None, u'hipster': None, u'casual': True, u'touristy': None, u'trendy': None, u'intimate': None, u'romantic': None, u'classy': True, u'upscale': False}"", 'HappyHour': 'True', 'RestaurantsTakeOut': 'True', 'Caters': 'True', 'WiFi': ""u'free'"", 'BikeParking': 'True', 'BusinessAcceptsCreditCards': 'True'}","Japanese, Restaurants, Sushi Bars","{'Monday': '11:30-2:0', 'Tuesday': '11:30-2:0', 'Wednesday': '11:30-2:0', 'Thursday': '11:30-2:0', 'Friday': '11:30-2:0', 'Saturday': '12:30-2:0', 'Sunday': '12:30-2:0'}",57,15,16,0.0666666666666666,3.8596491228070176,3.533333333333333,3.5,-0.0333333333333332,30,6,5,-0.1666666666666666,1,-1,-0.0333333333333332,0.5096153846153846,0.5476190476190476,0.4958333333333333,0.5192205942205941,Stable,0.26,10.0,High,Positive,Expand,"food_product_quality,pricing_value"
L1xIj8vAvZrZdfEVbH4qTg,Southside Pizzeria,917 S 20th St,Philadelphia,PA,19146.0,39.9404037,-75.1758562,2.0,66,1,"{'Alcohol': ""u'none'"", 'NoiseLevel': ""u'average'"", 'RestaurantsTakeOut': 'True', 'BikeParking': 'False', 'HasTV': 'False', 'BusinessAcceptsCreditCards': 'True', 'WiFi': ""'no'"", 'RestaurantsGoodForGroups': 'False', 'RestaurantsPriceRange2': '2', 'RestaurantsDelivery': 'True', 'OutdoorSeating': 'False', 'RestaurantsAttire': ""'casual'"", 'GoodForKids': 'False', 'RestaurantsReservations': 'False', 'Ambience': ""{'touristy': False, 'hipster': False, 'romantic': False, 'divey': None, 'intimate': False, 'trendy': False, 'upscale': False, 'classy': False, 'casual': None}"", 'BusinessParking': 'None'}","Pizza, Restaurants","{'Monday': '11:0-23:0', 'Tuesday': '11:0-23:0', 'Wednesday': '11:0-23:0', 'Thursday': '11:0-23:0', 'Friday': '11:0-0:0', 'Saturday': '11:0-0:0', 'Sunday': '11:0-23:0'}",68,3,6,1.0,2.073529411764706,1.0,1.1666666666666667,0.1666666666666667,40,0,0,,3,0,0.1666666666666667,0.5288461538461539,0.5535714285714285,0.5208333333333334,0.5353072853072852,Growing,-0.74375,8.0,High,Negative,Monitor / Intervene,"staff_behavior,food_product_quality"
S1FwTmCAwv5ulu5gToWi_w,RIM Cafe,1172 S 9th St,Philadelphia,PA,19147.0,39.9343869,-75.1589957,4.5,290,1,"{'BusinessParking': ""{'garage': False, 'street': True, 'validated': False, 'lot': False, 'valet': False}"", 'OutdoorSeating': 'True', 'WiFi': ""u'no'"", 'BusinessAcceptsCreditCards': 'True', 'RestaurantsPriceRange2': '2', 'BusinessAcceptsBitcoin': 'False', 'RestaurantsTakeOut': 'True', 'Caters': 'False', 'NoiseLevel': ""u'average'"", 'BikeParking': 'True', 'RestaurantsDelivery': 'True'}","Specialty Food, Food, Restaurants, Desserts, Gelato, Chocolatiers & Shops, Coffee & Tea","{'Tuesday': '13:0-23:0', 'Wednesday': '13:0-23:0', 'Thursday': '13:0-23:0', 'Friday': '13:0-23:0', 'Saturday': '12:0-0:0', 'Sunday': '12:0-22:0'}",300,8,3,-0.625,4.55,4.875,5.0,0.125,657,10,12,0.2,-5,2,0.125,0.4519230769230769,0.5654761904761904,0.515625,0.5039300976800977,Declining,0.8525,8.0,Low,Positive,Growth Opportunity,"food_product_quality,staff_behavior"
GKohndn_sMk2nWCh1jkAfg,Terryin,358 Snyder Ave,Philadelphia,PA,19148.0,39.9219375,-75.1528432,4.0,159,1,"{'RestaurantsTakeOut': 'True', 'RestaurantsAttire': ""u'casual'"", 'GoodForKids': 'True', 'RestaurantsGoodForGroups': 'True', 'RestaurantsDelivery': 'True', 'BusinessParking': ""{'garage': False, 'street': True, 'validated': False, 'lot': False, 'valet': False}"", 'RestaurantsPriceRange2': '2', 'BusinessAcceptsCreditCards': 'True', 'OutdoorSeating': 'False', 'HasTV': 'True', 'RestaurantsReservations': 'False', 'WiFi': ""u'no'"", 'Alcohol': ""u'none'"", 'BikeParking': 'True', 'NoiseLevel': ""u'quiet'"", 'GoodForMeal': ""{'dessert': False, 'latenight': False, 'lunch': None, 'dinner': True, 'brunch': False, 'breakfast': False}"", 'Ambience': ""{u'divey': None, u'hipster': False, u'casual': True, u'touristy': False, u'trendy': False, u'intimate': False, u'romantic': False, u'classy': False, u'upscale': False}"", 'Caters': 'True'}","Restaurants, Chinese, Sushi Bars, Asian Fusion, Japanese","{'Tuesday': '11:0-22:30', 'Wednesday': '11:0-22:30', 'Thursday': '11:0-22:30', 'Friday': '11:0-23:0', 'Saturday': '11:0-23:0', 'Sunday': '13:0-22:30'}",170,4,3,-0.25,3.882352941176471,4.75,3.6666666666666665,-1.0833333333333337,107,0,2,,-1,2,-1.0833333333333337,0.4903846153846153,0.5654761904761904,0.3645833333333332,0.4874592999592998,Declining,0.6785714285714286,7.0,Low,Positive,Growth Opportunity,"food_product_quality,service_speed"
1B6S6XDoX1fWnQI0_K1b1Q,CW's Gin Joint,633 N Franklin St,Tampa,FL,33602.0,27.9493871408,-82.4584549978,4.0,311,1,"{'GoodForKids': 'False', 'DogsAllowed': 'False', 'BikeParking': 'True', 'BusinessAcceptsCreditCards': 'True', 'Ambience': ""{'touristy': False, 'hipster': False, 'romantic': False, 'divey': False, 'intimate': False, 'trendy': True, 'upscale': True, 'classy': True, 'casual': False}"", 'RestaurantsGoodForGroups': 'True', 'RestaurantsReservations': 'True', 'HasTV': 'False', 'CoatCheck': 'False', 'Music': ""{'dj': False, 'background_music': False, 'no_music': False, 'jukebox': False, 'live': True, 'video': False, 'karaoke': False}"", 'HappyHour': 'True', 'BusinessParking': ""{'garage': False, 'street': True, 'validated': False, 'lot': False, 'valet': True}"", 'RestaurantsTableService': 'True', 'NoiseLevel': ""u'average'"", 'RestaurantsPriceRange2': '2', 'ByAppointmentOnly': 'False', 'RestaurantsDelivery': 'None', 'BestNights': ""{u'monday': False, u'tuesday': True, u'wednesday': False, u'thursday': False, u'friday': True, u'saturday': True, u'sunday': False}"", 'GoodForMeal': ""{'dessert': True, 'latenight': None, 'lunch': None, 'dinner': True, 'brunch': None, 'breakfast': None}"", 'WiFi': ""'free'"", 'OutdoorSeating': 'None', 'Alcohol': ""'full_bar'"", 'GoodForDancing': 'True', 'Caters': 'False', 'RestaurantsTakeOut': 'True', 'RestaurantsAttire': ""'dressy'""}","Food, Coffee & Tea, Cocktail Bars, Restaurants, Sandwiches, Seafood, Bars, Nightlife","{'Tuesday': '17:0-23:0', 'Wednesday': '17:0-23:0', 'Thursday': '17:0-0:0', 'Friday': '17:0-2:0', 'Saturday': '17:0-2:0', 'Sunday': '17:0-22:0'}",324,21,39,0.8571428571428571,4.015432098765432,4.428571428571429,4.282051282051282,-0.1465201465201469,422,29,40,0.3793103448275862,18,11,-0.1465201465201469,0.6730769230769231,0.619047619047619,0.4816849816849816,0.6125356125356125,Growing,0.772,10.0,High,Positive,Expand,"food_product_quality,cleanliness_ambiance"
kn6zHpma8I_xBGTZpNe41A,Moonlight Cuisine,6834 Limekiln Pike,Philadelphia,PA,19138.0,40.0583688,-75.1528507,3.5,29,1,"{'RestaurantsTakeOut': 'True', 'GoodForKids': 'False', 'OutdoorSeating': 'False', 'RestaurantsGoodForGroups': 'True', 'RestaurantsPriceRange2': '2', 'GoodForMeal': ""{'dessert': False, 'latenight': False, 'lunch': False, 'dinner': False, 'brunch': False, 'breakfast': False}"", 'BikeParking': 'True', 'RestaurantsAttire': ""'casual'"", 'RestaurantsReservations': 'False', 'BusinessAcceptsCreditCards': 'True', 'Ambience': ""{'romantic': False, 'intimate': False, 'classy': False, 'hipster': False, 'divey': False, 'touristy': False, 'trendy': False, 'upscale': False, 'casual': False}"", 'BusinessParking': ""{'garage': False, 'street': True, 'validated': False, 'lot': True, 'valet': False}"", 'HasTV': 'True', 'RestaurantsDelivery': 'True'}","American (New), Caribbean, Restaurants","{'Monday': '9:0-22:0', 'Tuesday': '9:0-22:0', 'Wednesday': '9:0-22:0', 'Thursday': '9:0-22:0', 'Friday': '9:0-22:0', 'Saturday': '9:0-22:0', 'Sunday': '9:0-22:0'}",29,1,1,0.0,3.413793103448276,4.0,2.0,-2.0,36,2,0,-1.0,0,-2,-2.0,0.5,0.5416666666666666,0.25,0.4583333333333332,Declining,0.7,2.0,Low,Positive,Growth Opportunity,"service_speed,pricing_value"
9PZxjhTIU7OgPIzuGi89Ew,El Vez,121 S 13th St,Philadelphia,PA,19107.0,39.9497020026,-75.1617702842,4.0,3187,1,"{'RestaurantsReservations': 'True', 'BYOBCorkage': ""'no'"", 'Corkage': 'False', 'BikeParking': 'True', 'RestaurantsTakeOut': 'True', 'RestaurantsAttire': ""'casual'"", 'RestaurantsGoodForGroups': 'True', 'BusinessAcceptsCreditCards': 'True', 'OutdoorSeating': 'True', 'BusinessParking': ""{'garage': False, 'street': True, 'validated': False, 'lot': False, 'valet': False}"", 'WiFi': ""u'no'"", 'Alcohol': ""'full_bar'"", 'HasTV': 'False', 'RestaurantsPriceRange2': '2', 'Caters': 'False', 'DogsAllowed': 'False', 'NoiseLevel': ""u'loud'"", 'DriveThru': 'None', 'GoodForMeal': ""{'dessert': False, 'latenight': None, 'lunch': None, 'dinner': True, 'brunch': None, 'breakfast': False}"", 'HappyHour': 'True', 'CoatCheck': 'True', 'GoodForKids': 'True', 'RestaurantsTableService': 'True', 'Ambience': ""{'touristy': False, 'hipster': False, 'romantic': False, 'divey': False, 'intimate': False, 'trendy': True, 'upscale': False, 'classy': True, 'casual': False}"", 'RestaurantsDelivery': 'True'}","Lounges, Bars, Nightlife, Breakfast & Brunch, Mexican, Restaurants","{'Monday': '0:0-0:0', 'Tuesday': '12:0-22:0', 'Wednesday': '12:0-22:0', 'Thursday': '12:0-22:0', 'Friday': '16:0-0:30', 'Saturday': '16:0-22:0', 'Sunday': '12:0-22:0'}",3264,74,76,0.027027027027027,3.965379901960784,3.932432432432433,4.0,0.0675675675675675,5354,52,69,0.3269230769230769,2,17,0.0675675675675675,0.5192307692307693,0.6547619047619047,0.5084459459459459,0.562011187011187,Growing,0.39,10.0,High,Positive,Expand,"food_product_quality,pricing_value"
03cvVjbkCOtiIt51M-MLFg,Prime Halal Meat,500 S 23rd St,Philadelphia,PA,19146.0,39.9462612,-75.179681,4.5,65,1,"{'BusinessAcceptsCreditCards': 'True', 'RestaurantsDelivery': 'False', 'OutdoorSeating': 'False', 'BusinessParking': ""{'garage': False, 'street': True, 'validated': False, 'lot': False, 'valet': False}"", 'RestaurantsPriceRange2': '1', 'RestaurantsReservations': 'False', 'RestaurantsAttire': ""u'casual'"", 'RestaurantsGoodForGroups': 'False', 'WiFi': ""u'no'"", 'GoodForKids': 'False', 'RestaurantsTakeOut': 'True', 'Ambience': ""{'touristy': False, 'hipster': False, 'romantic': False, 'divey': False, 'intimate': False, 'trendy': False, 'upscale': False, 'classy': False, 'casual': False}"", 'BikeParking': 'False', 'HasTV': 'True', 'GoodForMeal': ""{'dessert': False, 'latenight': False, 'lunch': False, 'dinner': False, 'brunch': False, 'breakfast': False}"", 'NoiseLevel': ""u'quiet'"", 'Caters': 'False', 'Alcohol': ""u'none'""}","Restaurants, Specialty Food, Meat Shops, Food, Halal, Grocery","{'Tuesday': '10:0-19:0', 'Wednesday': '10:0-19:0', 'Thursday': '10:0-19:0', 'Friday': '15:0-20:0', 'Saturday': '10:0-20:0', 'Sunday': '10:0-17:0'}",67,1,1,0.0,4.328358208955224,5.0,5.0,0.0,92,0,1,,0,1,0.0,0.5,0.5595238095238094,0.5,0.5198412698412698,Stable,0.8,2.0,High,Positive,Expand,"food_product_quality,pricing_value"
IzTh_D90T7LZRxy1lgAG-Q,Broncos Brazilian Steakhouse,7634 Castor Ave,Philadelphia,PA,19152.0,40.0573597,-75.0607952,4.5,102,1,"{'RestaurantsGoodForGroups': 'True', 'RestaurantsTableService': 'True', 'WheelchairAccessible': 'True', 'DogsAllowed': 'False', 'RestaurantsTakeOut': 'True', 'NoiseLevel': ""u'average'"", 'HappyHour': 'False', 'Alcohol': ""u'none'"", 'RestaurantsAttire': ""u'casual'"", 'BusinessAcceptsCreditCards': 'True', 'RestaurantsDelivery': 'False', 'Ambience': ""{'touristy': None, 'hipster': None, 'romantic': False, 'divey': False, 'intimate': None, 'trendy': None, 'upscale': None, 'classy': True, 'casual': True}"", 'HasTV': 'True', 'GoodForKids': 'True', 'RestaurantsPriceRange2': '2', 'Caters': 'True', 'WiFi': ""'free'"", 'BikeParking': 'True', 'GoodForMeal': ""{u'breakfast': None, u'brunch': False, u'lunch': True, u'dinner': True, u'latenight': None, u'dessert': True}"", 'RestaurantsReservations': 'True', 'BusinessParking': ""{'garage': False, 'street': True, 'validated': False, 'lot': True, 'valet': False}"", 'OutdoorSeating': 'None'}","Steakhouses, Buffets, Brazilian, Restaurants","{'Monday': '12:0-22:0', 'Tuesday': '12:0-21:30', 'Wednesday': '13:0-22:0', 'Thursday': '12:0-21:30', 'Friday': '12:0-22:0', 'Saturday': '12:0-22:0', 'Sunday': '12:0-22:0'}",105,3,2,-0.3333333333333333,4.219047619047619,3.6666666666666665,3.5,-0.1666666666666665,148,0,5,,-1,5,-0.1666666666666665,0.4903846153846153,0.5833333333333333,0.4791666666666667,0.5188746438746438,Stable,0.1599999999999999,5.0,High,Positive,Expand,"staff_behavior,food_product_quality"
-361Hc0tlxSYdrH_C3OgzA,Persia House of Kababs,"1441 E Fletcher Ave, Ste 123",Tampa,FL,33612.0,28.0688438416,-82.4438476562,3.5,74,1,"{'GoodForKids': 'True', 'WiFi': ""u'no'"", 'Caters': 'True', 'BusinessAcceptsCreditCards': 'True', 'BusinessParking': ""{'garage': False, 'street': False, 'validated': False, 'lot': True, 'valet': False}"", 'RestaurantsTakeOut': 'True', 'RestaurantsGoodForGroups': 'True', 'RestaurantsPriceRange2': '2', 'OutdoorSeating': 'False', 'BikeParking': 'True', 'RestaurantsAttire': ""u'casual'"", 'NoiseLevel': ""u'quiet'"", 'RestaurantsTableService': 'True', 'HasTV': 'True', 'GoodForMeal': ""{'dessert': False, 'latenight': False, 'lunch': True, 'dinner': True, 'brunch': False, 'breakfast': False}"", 'RestaurantsReservations': 'False', 'RestaurantsDelivery': 'True', 'Alcohol': ""'none'"", 'Ambience': ""{'romantic': False, 'intimate': False, 'classy': False, 'hipster': False, 'divey': False, 'touristy': False, 'trendy': False, 'upscale': False, 'casual': True}""}","Persian/Iranian, Restaurants, Halal","{'Monday': '12:0-19:0', 'Tuesday': '12:0-19:0', 'Wednesday': '12:0-19:0', 'Thursday': '12:0-19:0', 'Friday': '12:0-19:0', 'Saturday': '12:0-19:0', 'Sunday': '12:0-17:0'}",76,4,6,0.5,3.710526315789474,3.75,4.333333333333333,0.583333333333333,110,2,0,-1.0,2,-2,0.583333333333333,0.5192307692307693,0.5416666666666666,0.5729166666666666,0.5386396011396011,Growing,0.6055555555555556,9.0,High,Positive,Expand,"food_product_quality,cleanliness_ambiance"
Cmw00BFD1l-_DJHPuKi2Rw,Water + Flour,1015 S Howard Ave,Tampa,FL,33606.0,27.9330642,-82.4834505,4.0,520,1,"{'BikeParking': 'True', 'Alcohol': ""u'full_bar'"", 'RestaurantsGoodForGroups': 'True', 'Caters': 'True', 'RestaurantsAttire': ""u'casual'"", 'RestaurantsReservations': 'True', 'RestaurantsPriceRange2': '2', 'HasTV': 'True', 'NoiseLevel': ""u'average'"", 'WiFi': ""u'free'"", 'BusinessAcceptsCreditCards': 'True', 'GoodForKids': 'True', 'HappyHour': 'True', 'Ambience': ""{'touristy': False, 'hipster': False, 'romantic': False, 'divey': False, 'intimate': False, 'trendy': True, 'upscale': False, 'classy': True, 'casual': False}"", 'RestaurantsDelivery': 'True', 'Corkage': 'True', 'DogsAllowed': 'True', 'BYOB': 'False', 'RestaurantsTakeOut': 'True', 'Music': ""{'dj': False, 'background_music': False, 'no_music': False, 'jukebox': False, 'live': True, 'video': False, 'karaoke': False}"", 'RestaurantsTableService': 'True', 'CoatCheck': 'False', 'OutdoorSeating': 'True', 'WheelchairAccessible': 'True', 'BusinessAcceptsBitcoin': 'False', 'BestNights': ""{u'monday': False, u'tuesday': False, u'wednesday': False, u'thursday': False, u'friday': True, u'saturday': True, u'sunday': False}"", 'BusinessParking': ""{'garage': False, 'street': True, 'validated': False, 'lot': True, 'valet': False}"", 'ByAppointmentOnly': 'False', 'GoodForMeal': ""{'dessert': None, 'latenight': None, 'lunch': True, 'dinner': True, 'brunch': None, 'breakfast': False}""}","Sushi Bars, Restaurants, Pizza, Gluten-Free, Tapas/Small Plates, Cocktail Bars, Bars, Nightlife, American (New), Italian","{'Monday': '0:0-0:0', 'Tuesday': '11:30-22:0', 'Wednesday': '11:30-22:0', 'Thursday': '11:30-22:0', 'Friday': '11:0-17:0', 'Saturday': '11:30-22:30', 'Sunday': '11:30-21:0'}",544,26,27,0.0384615384615384,4.125,4.461538461538462,4.333333333333333,-0.1282051282051286,1042,18,17,-0.0555555555555555,1,-1,-0.1282051282051286,0.5096153846153846,0.5476190476190476,0.4839743589743589,0.5165852665852665,Stable,0.6300000000000001,10.0,High,Positive,Expand,"food_product_quality,staff_behavior"
d48Xrx8MhGtdaLvhcYzNWQ,Cafe Diem,1031 S 8th St,Philadelphia,PA,19147.0,39.9362435,-75.15667,4.5,264,1,"{'RestaurantsAttire': ""u'casual'"", 'RestaurantsGoodForGroups': 'False', 'BusinessAcceptsCreditCards': 'False', 'WiFi': ""u'no'"", 'HasTV': 'True', 'NoiseLevel': ""u'average'"", 'RestaurantsReservations': 'False', 'RestaurantsPriceRange2': '1', 'GoodForKids': 'True', 'Alcohol': ""u'none'"", 'Caters': 'False', 'BikeParking': 'True', 'RestaurantsTakeOut': 'None', 'DogsAllowed': 'False', 'BusinessParking': ""{'garage': False, 'street': True, 'validated': False, 'lot': True, 'valet': False}"", 'GoodForMeal': ""{'dessert': False, 'latenight': False, 'lunch': True, 'dinner': None, 'brunch': None, 'breakfast': False}"", 'RestaurantsTableService': 'True', 'Ambience': ""{'touristy': False, 'hipster': False, 'romantic': False, 'divey': None, 'intimate': False, 'trendy': False, 'upscale': False, 'classy': False, 'casual': True}"", 'OutdoorSeating': 'False', 'RestaurantsDelivery': 'None'}","Restaurants, Vietnamese","{'Monday': '8:0-18:30', 'Tuesday': '8:0-18:30', 'Wednesday': '8:0-18:30', 'Thursday': '8:0-18:30', 'Friday': '8:0-18:30', 'Saturday': '8:0-18:30', 'Sunday': '8:0-18:30'}",275,4,7,0.75,4.349090909090909,4.25,4.857142857142857,0.6071428571428568,844,6,19,2.1666666666666665,3,13,0.6071428571428568,0.5288461538461539,0.6309523809523809,0.5758928571428571,0.5733363858363858,Growing,0.5777777777777778,9.0,High,Positive,Expand,"food_product_quality,cleanliness_ambiance"
6XiTlNnstoTK3tUPkc0Gbw,Barry's Steaks,471 Leverington Ave,Philadelphia,PA,19128.0,40.0351637,-75.2178685,4.5,118,1,"{'RestaurantsTakeOut': 'True', 'RestaurantsDelivery': 'True', 'Alcohol': ""u'none'"", 'OutdoorSeating': 'False', 'RestaurantsGoodForGroups': 'True', 'GoodForKids': 'True', 'RestaurantsReservations': 'False', 'BusinessParking': ""{'garage': False, 'street': False, 'validated': False, 'lot': True, 'valet': False}"", 'RestaurantsAttire': ""u'casual'"", 'BikeParking': 'True', 'RestaurantsPriceRange2': '1', 'DriveThru': 'False', 'NoiseLevel': ""u'average'"", 'GoodForMeal': ""{'dessert': False, 'latenight': False, 'lunch': True, 'dinner': True, 'brunch': False, 'breakfast': False}"", 'BusinessAcceptsCreditCards': 'True', 'WiFi': ""u'no'"", 'Ambience': ""{'touristy': False, 'hipster': False, 'romantic': False, 'divey': None, 'intimate': False, 'trendy': False, 'upscale': False, 'classy': False, 'casual': True}"", 'Caters': 'False', 'HappyHour': 'False', 'HasTV': 'True'}","Chicken Wings, Restaurants, Burgers, Sandwiches, Cheesesteaks, Steakhouses","{'Monday': '11:0-20:0', 'Tuesday': '11:0-20:0', 'Wednesday': '11:0-20:0', 'Thursday': '11:0-20:0', 'Friday': '11:0-21:0', 'Saturday': '11:0-21:0', 'Sunday': '11:0-20:0'}",123,4,5,0.25,4.349593495934959,5.0,3.4,-1.6,245,1,2,1.0,1,1,-1.6,0.5096153846153846,0.5595238095238094,0.3,0.4796703296703296,Declining,0.6166666666666667,9.0,Low,Positive,Growth Opportunity,"food_product_quality,staff_behavior"
7fHj6bMycSfo5-EqgN02Gg,Tikka Masalaa,10029 W Hillsborough Ave,Tampa,FL,33615.0,28.0044665,-82.5964771,4.5,64,1,"{'Caters': 'True', 'RestaurantsDelivery': 'True', 'RestaurantsTakeOut': 'True', 'BusinessAcceptsBitcoin': 'False', 'BusinessParking': ""{'garage': False, 'street': False, 'validated': False, 'lot': True, 'valet': False}"", 'RestaurantsGoodForGroups': 'True', 'BusinessAcceptsCreditCards': 'True', 'BikeParking': 'True', 'OutdoorSeating': 'False', 'RestaurantsPriceRange2': '2', 'DogsAllowed': 'False', 'WiFi': ""u'no'"", 'RestaurantsReservations': 'True', 'Alcohol': ""u'none'"", 'Ambience': ""{u'divey': False, u'hipster': None, u'casual': True, u'touristy': False, u'trendy': True, u'intimate': None, u'romantic': None, u'classy': None, u'upscale': None}"", 'BYOB': 'False', 'RestaurantsTableService': 'True', 'HasTV': 'True', 'GoodForMeal': ""{'dessert': None, 'latenight': None, 'lunch': None, 'dinner': True, 'brunch': None, 'breakfast': None}"", 'WheelchairAccessible': 'True'}","Vegan, Vegetarian, Halal, Seafood, Indian, Buffets, Restaurants","{'Tuesday': '17:0-22:0', 'Wednesday': '17:0-22:0', 'Thursday': '17:0-22:0', 'Friday': '17:0-22:30', 'Saturday': '17:0-22:30', 'Sunday': '17:0-22:0'}",68,6,3,-0.5,4.514705882352941,3.5,3.6666666666666665,0.1666666666666665,31,3,1,-0.6666666666666666,-3,-2,0.1666666666666665,0.4711538461538461,0.5416666666666666,0.5208333333333333,0.5056980056980056,Declining,0.40625,8.0,Low,Positive,Growth Opportunity,"food_product_quality,staff_behavior"
9sOHuGGwb8uRVu7pANSWfg,South Street Philly Bagels,613 S 3rd St,Philadelphia,PA,19147.0,39.9408795261,-75.1475532699,4.0,248,1,"{'RestaurantsPriceRange2': '1', 'RestaurantsAttire': ""u'casual'"", 'RestaurantsGoodForGroups': 'False', 'Ambience': ""{'romantic': False, 'intimate': False, 'classy': False, 'hipster': False, 'divey': False, 'touristy': False, 'trendy': False, 'upscale': False, 'casual': True}"", 'OutdoorSeating': 'False', 'GoodForKids': 'True', 'Caters': 'True', 'Alcohol': ""u'none'"", 'RestaurantsReservations': 'False', 'BusinessAcceptsCreditCards': 'True', 'NoiseLevel': ""u'average'"", 'BusinessParking': ""{'garage': False, 'street': True, 'validated': False, 'lot': False, 'valet': False}"", 'RestaurantsTakeOut': 'True', 'GoodForMeal': ""{'dessert': False, 'latenight': False, 'lunch': True, 'dinner': False, 'brunch': False, 'breakfast': True}"", 'HasTV': 'True', 'BikeParking': 'True', 'WiFi': ""u'free'"", 'RestaurantsDelivery': 'True'}","Bagels, Coffee & Tea, Restaurants, Food, Breakfast & Brunch","{'Monday': '6:30-16:0', 'Tuesday': '6:30-16:0', 'Wednesday': '6:30-16:0', 'Thursday': '6:30-16:0', 'Friday': '6:30-16:0', 'Saturday': '6:30-16:0', 'Sunday': '6:30-16:0'}",257,3,4,0.3333333333333333,3.782101167315175,4.0,4.25,0.25,662,2,8,3.0,1,6,0.25,0.5096153846153846,0.5892857142857142,0.53125,0.5409798534798534,Growing,0.3785714285714285,7.0,High,Positive,Expand,"food_product_quality,staff_behavior"
y930pQM0EUblQluRLkXLQg,Park Pizza,434 S 52nd St,Philadelphia,PA,19143.0,39.9524671,-75.2267231,4.0,22,1,"{'RestaurantsTakeOut': 'True', 'RestaurantsDelivery': 'True'}","Salad, Pizza, Cheesesteaks, Restaurants, Sandwiches","{'Monday': '11:0-21:0', 'Tuesday': '11:0-21:0', 'Wednesday': '11:0-21:0', 'Thursday': '11:0-21:0', 'Friday': '11:0-22:0', 'Saturday': '11:0-22:0', 'Sunday': '12:0-19:0'}",26,12,6,-0.5,4.115384615384615,4.083333333333333,3.333333333333333,-0.7499999999999996,10,4,0,-1.0,-6,-4,-0.7499999999999996,0.4423076923076923,0.5297619047619047,0.40625,0.4634462759462758,Declining,-0.0749999999999999,10.0,Low,Negative,Reassess,"food_product_quality,staff_behavior"
zuObDJ16rxyt5ciCbhKnlA,Luis's Garden Grill,4502 W Hillsborough Ave,Tampa,FL,33614.0,27.995627,-82.519808,5.0,7,1,,"American (Traditional), Restaurants, Greek, Mexican","{'Monday': '6:0-15:0', 'Tuesday': '6:0-20:0', 'Wednesday': '6:0-20:0', 'Thursday': '6:0-20:0', 'Friday': '6:0-20:0', 'Saturday': '6:0-20:0', 'Sunday': '7:0-15:0'}",7,4,2,-0.5,5.0,5.0,5.0,0.0,21,9,12,0.3333333333333333,-2,3,0.0,0.4807692307692308,0.5714285714285714,0.5,0.5152625152625152,Stable,0.88,6.0,High,Positive,Expand,"food_product_quality,staff_behavior"
2z_dEk3ZllVLJvS-x18dog,Asian Wok,5651 E Fowler Ave,Tampa,FL,33617.0,28.053252,-82.392828,4.0,81,1,"{'RestaurantsAttire': ""u'casual'"", 'RestaurantsTakeOut': 'True', 'RestaurantsReservations': 'False', 'BusinessAcceptsCreditCards': 'True', 'RestaurantsDelivery': 'True', 'RestaurantsGoodForGroups': 'True', 'RestaurantsPriceRange2': '1', 'HasTV': 'True', 'GoodForKids': 'True', 'WiFi': ""'no'"", 'Alcohol': ""u'none'"", 'NoiseLevel': ""u'quiet'"", 'OutdoorSeating': 'True', 'Ambience': ""{'touristy': False, 'hipster': False, 'romantic': False, 'divey': False, 'intimate': False, 'trendy': False, 'upscale': False, 'classy': True, 'casual': True}"", 'GoodForMeal': ""{'dessert': False, 'latenight': False, 'lunch': True, 'dinner': True, 'brunch': False, 'breakfast': False}"", 'BikeParking': 'True', 'BusinessParking': ""{'garage': False, 'street': None, 'validated': False, 'lot': True, 'valet': False}""}","Restaurants, Chinese","{'Monday': '11:0-22:0', 'Tuesday': '11:0-22:0', 'Wednesday': '11:0-22:0', 'Thursday': '11:0-22:0', 'Friday': '11:0-23:0', 'Saturday': '16:0-22:30', 'Sunday': '12:0-22:0'}",83,2,2,0.0,3.9397590361445785,5.0,3.0,-2.0,74,1,0,-1.0,0,-1,-2.0,0.5,0.5476190476190476,0.25,0.4603174603174602,Declining,0.375,4.0,Low,Positive,Growth Opportunity,"food_product_quality,staff_behavior"
G8qD8M6rHAMGL4Tt1SiPFA,Modo Mio Taverna,705 S 5th St,Philadelphia,PA,19147.0,39.940039,-75.151019,4.5,25,1,"{'BYOB': 'False', 'Smoking': ""u'no'"", 'HasTV': 'False', 'OutdoorSeating': 'True', 'BusinessParking': ""{'garage': False, 'street': True, 'validated': False, 'lot': False, 'valet': False}"", 'WiFi': ""u'no'"", 'CoatCheck': 'False', 'RestaurantsTableService': 'True', 'WheelchairAccessible': 'True', 'Alcohol': ""u'full_bar'"", 'HappyHour': 'True', 'BikeParking': 'True', 'RestaurantsReservations': 'True', 'Caters': 'True', 'RestaurantsTakeOut': 'True', 'BusinessAcceptsCreditCards': 'True', 'RestaurantsDelivery': 'True'}","Breakfast & Brunch, Restaurants, Nightlife, Italian, Bars","{'Monday': '0:0-0:0', 'Wednesday': '17:0-22:0', 'Thursday': '17:0-22:0', 'Friday': '17:0-22:0', 'Saturday': '17:0-22:0', 'Sunday': '16:0-20:0'}",25,4,5,0.25,4.72,4.75,4.4,-0.3499999999999996,7,1,2,1.0,1,1,-0.3499999999999996,0.5096153846153846,0.5595238095238094,0.45625,0.5143925518925518,Stable,0.7577777777777778,9.0,High,Positive,Expand,"food_product_quality,staff_behavior"
x4855nj7vfdXeVpg5fREZA,1100 Social,1100 Pattison Ave,Philadelphia,PA,19148.0,39.9041687186,-75.1691288928,3.0,42,1,"{'GoodForKids': 'False', 'Music': ""{'dj': None, 'background_music': False, 'no_music': False, 'jukebox': None, 'live': False, 'video': False, 'karaoke': None}"", 'HappyHour': 'True', 'NoiseLevel': ""u'average'"", 'BusinessAcceptsCreditCards': 'True', 'RestaurantsDelivery': 'False', 'HasTV': 'True', 'RestaurantsPriceRange2': '2', 'Ambience': ""{'touristy': False, 'hipster': False, 'romantic': False, 'divey': False, 'intimate': False, 'trendy': True, 'upscale': False, 'classy': True, 'casual': False}"", 'GoodForDancing': 'False', 'GoodForMeal': ""{'dessert': False, 'latenight': True, 'lunch': False, 'dinner': True, 'brunch': False, 'breakfast': False}"", 'RestaurantsReservations': 'True', 'BikeParking': 'True', 'WiFi': ""u'no'"", 'RestaurantsAttire': ""'casual'"", 'RestaurantsGoodForGroups': 'True', 'RestaurantsTableService': 'True', 'BusinessParking': ""{'garage': False, 'street': None, 'validated': False, 'lot': None, 'valet': False}"", 'BestNights': ""{'monday': False, 'tuesday': False, 'friday': False, 'wednesday': False, 'thursday': False, 'sunday': True, 'saturday': True}"", 'OutdoorSeating': 'True', 'RestaurantsTakeOut': 'True', 'Smoking': ""u'no'"", 'Alcohol': ""u'full_bar'""}","Bars, Nightlife, Restaurants, American (New)","{'Monday': '16:0-22:0', 'Tuesday': '16:0-22:0', 'Wednesday': '16:0-22:0', 'Thursday': '16:0-22:0', 'Friday': '16:0-0:0', 'Saturday': '16:0-0:0'}",43,1,1,0.0,3.046511627906977,2.0,5.0,3.0,68,0,0,,0,0,3.0,0.5,0.5535714285714285,0.875,0.601190476190476,Growing,0.0,2.0,High,Negative,Monitor / Intervene,"staff_behavior,cleanliness_ambiance"
nBqvryCdn9N_vU4rdCbnHw,Spread Bagelry,2401 Walnut St,Philadelphia,PA,19103.0,39.9515389392,-75.1798004285,3.0,13,1,"{'BusinessParking': ""{'garage': False, 'street': False, 'validated': False, 'lot': False, 'valet': False}"", 'BusinessAcceptsCreditCards': 'True', 'RestaurantsDelivery': 'True', 'RestaurantsPriceRange2': '2', 'Caters': 'True', 'RestaurantsTakeOut': 'True'}","Bagels, Breakfast & Brunch, Sandwiches, Restaurants, Food","{'Monday': '7:0-15:0', 'Tuesday': '7:0-15:0', 'Wednesday': '7:0-15:0', 'Thursday': '7:0-15:0', 'Friday': '7:0-15:0', 'Saturday': '7:0-15:0', 'Sunday': '7:0-15:0'}",13,3,1,-0.6666666666666666,2.769230769230769,1.0,1.0,0.0,13,1,4,3.0,-2,3,0.0,0.4807692307692308,0.5714285714285714,0.5,0.5152625152625152,Stable,-0.75,4.0,High,Negative,Monitor / Intervene,"order_accuracy_wait_time,service_speed"
CO05TYrf8g0WTOB_bmE3uQ,Mamas Kitchen,9312 N Florida Ave,Tampa,FL,33612.0,28.0345684,-82.4598534,4.5,198,1,"{'BikeParking': 'True', 'NoiseLevel': ""u'average'"", 'RestaurantsPriceRange2': '1', 'HasTV': 'True', 'RestaurantsAttire': ""u'casual'"", 'WiFi': ""'no'"", 'Caters': 'True', 'GoodForKids': 'True', 'RestaurantsReservations': 'False', 'RestaurantsGoodForGroups': 'True', 'BusinessParking': ""{'garage': False, 'street': False, 'validated': False, 'lot': True, 'valet': False}"", 'GoodForMeal': ""{'dessert': None, 'latenight': False, 'lunch': True, 'dinner': True, 'brunch': True, 'breakfast': True}"", 'RestaurantsDelivery': 'True', 'RestaurantsTakeOut': 'True', 'BusinessAcceptsCreditCards': 'True', 'DriveThru': 'True', 'HappyHour': 'False', 'OutdoorSeating': 'None', 'Alcohol': ""u'beer_and_wine'"", 'Ambience': ""{'touristy': False, 'hipster': False, 'romantic': False, 'divey': None, 'intimate': False, 'trendy': False, 'upscale': False, 'classy': False, 'casual': True}"", 'DogsAllowed': 'False'}","Breakfast & Brunch, Restaurants, American (Traditional), Greek, Diners","{'Monday': '6:0-15:0', 'Tuesday': '7:0-16:0', 'Wednesday': '7:0-16:0', 'Thursday': '7:0-16:0', 'Friday': '7:0-16:0', 'Saturday': '7:0-16:0', 'Sunday': '7:0-15:0'}",204,14,11,-0.2142857142857142,4.240196078431373,4.714285714285714,4.727272727272728,0.0129870129870131,435,9,9,0.0,-3,0,0.0129870129870131,0.4711538461538461,0.5535714285714285,0.5016233766233766,0.5053973803973804,Declining,0.745,10.0,Low,Positive,Growth Opportunity,"food_product_quality,staff_behavior"
1OfhM-ZKvcpxyxptCCzEwA,Independence Beer Garden,100 S Independence Mall W,Philadelphia,PA,19106.0,39.9502943,-75.150981,3.5,513,1,"{'HappyHour': 'True', 'RestaurantsTableService': 'True', 'BikeParking': 'True', 'RestaurantsGoodForGroups': 'True', 'NoiseLevel': ""'average'"", 'Alcohol': ""'full_bar'"", 'Music': ""{'dj': False}"", 'BestNights': ""{'monday': False, 'tuesday': False, 'friday': True, 'wednesday': False, 'thursday': False, 'sunday': True, 'saturday': True}"", 'GoodForDancing': 'False', 'CoatCheck': 'False', 'OutdoorSeating': 'True', 'RestaurantsTakeOut': 'False', 'RestaurantsDelivery': 'False', 'RestaurantsReservations': 'False', 'Smoking': ""u'outdoor'"", 'Ambience': ""{'touristy': False, 'hipster': False, 'romantic': False, 'divey': False, 'intimate': False, 'trendy': True, 'upscale': False, 'classy': True, 'casual': True}"", 'ByAppointmentOnly': 'False', 'HasTV': 'True', 'WiFi': ""'no'"", 'RestaurantsPriceRange2': '2', 'BusinessAcceptsBitcoin': 'False', 'Caters': 'False', 'WheelchairAccessible': 'True', 'GoodForKids': 'True', 'BusinessAcceptsCreditCards': 'True', 'DogsAllowed': 'False', 'BusinessParking': ""{'garage': True, 'street': True, 'validated': False, 'lot': False, 'valet': False}"", 'RestaurantsAttire': ""'casual'"", 'GoodForMeal': ""{u'breakfast': None, u'brunch': None, u'lunch': True, u'dinner': None, u'latenight': None, u'dessert': None}""}","Bars, Nightlife, American (New), Gastropubs, Food Trucks, Parks, Restaurants, Beer Gardens, Active Life, Barbeque, Food, Beer, Wine & Spirits, American (Traditional)","{'Monday': '0:0-0:0', 'Wednesday': '15:0-0:0', 'Thursday': '15:0-0:0', 'Friday': '15:0-2:0', 'Saturday': '12:0-2:0', 'Sunday': '12:0-0:0'}",519,29,16,-0.4482758620689655,3.61271676300578,3.896551724137931,3.5,-0.396551724137931,1559,30,26,-0.1333333333333333,-13,-4,-0.396551724137931,0.375,0.5297619047619047,0.4504310344827586,0.4433497536945812,Declining,0.51,10.0,Low,Positive,Growth Opportunity,"staff_behavior,cleanliness_ambiance"
GoYSJ-YY-YwbxdgasHuq-Q,Mixto,1141 Pine St,Philadelphia,PA,19107.0,39.945195,-75.161082,4.0,1246,1,"{'HasTV': 'True', 'Alcohol': ""'full_bar'"", 'RestaurantsTakeOut': 'True', 'GoodForKids': 'False', 'BusinessParking': ""{'garage': False, 'street': True, 'validated': False, 'lot': False, 'valet': False}"", 'RestaurantsReservations': 'True', 'RestaurantsPriceRange2': '2', 'BYOBCorkage': ""'no'"", 'RestaurantsAttire': ""'casual'"", 'Caters': 'True', 'NoiseLevel': ""u'average'"", 'RestaurantsGoodForGroups': 'True', 'WiFi': ""u'free'"", 'BusinessAcceptsCreditCards': 'True', 'OutdoorSeating': 'True', 'BikeParking': 'False', 'RestaurantsTableService': 'True', 'Ambience': ""{u'divey': False, u'hipster': False, u'casual': None, u'touristy': False, u'trendy': True, u'intimate': None, u'romantic': None, u'classy': None, u'upscale': False}"", 'GoodForMeal': ""{'dessert': False, 'latenight': False, 'lunch': None, 'dinner': True, 'brunch': None, 'breakfast': False}"", 'RestaurantsDelivery': 'True', 'HappyHour': 'True', 'DogsAllowed': 'False', 'WheelchairAccessible': 'True', 'BusinessAcceptsBitcoin': 'False'}","Latin American, Argentine, Restaurants, Breakfast & Brunch, Italian, Cuban, Caribbean","{'Monday': '0:0-0:0', 'Tuesday': '16:0-22:0', 'Wednesday': '11:0-17:0', 'Thursday': '16:0-21:30', 'Friday': '16:0-21:45', 'Saturday': '10:0-21:45', 'Sunday': '10:0-21:0'}",1295,23,19,-0.1739130434782608,3.853281853281853,3.1739130434782608,4.052631578947368,0.8787185354691074,2904,24,26,0.0833333333333333,-4,2,0.8787185354691074,0.4615384615384615,0.5654761904761904,0.6098398169336384,0.5291402279388548,Growing,0.12,10.0,High,Positive,Expand,"food_product_quality,staff_behavior"
6qRe7PF_h56tR2EkDmfg9A,Graze,2219 S Dale Mabry Hwy,Tampa,FL,33629.0,27.9251381,-82.5062581,4.5,58,1,"{'NoiseLevel': ""u'average'"", 'RestaurantsPriceRange2': '2', 'BusinessParking': ""{u'valet': False, u'garage': False, u'street': True, u'lot': None, u'validated': False}"", 'RestaurantsDelivery': 'True', 'Ambience': ""{u'divey': False, u'hipster': None, u'casual': True, u'touristy': None, u'trendy': True, u'intimate': None, u'romantic': None, u'classy': True, u'upscale': None}"", 'OutdoorSeating': 'True', 'RestaurantsTakeOut': 'True', 'Alcohol': ""u'beer_and_wine'"", 'GoodForMeal': ""{u'breakfast': None, u'brunch': None, u'lunch': True, u'dinner': None, u'latenight': None, u'dessert': None}""}","Breakfast & Brunch, American (Traditional), Restaurants, Waffles","{'Monday': '8:0-20:0', 'Tuesday': '8:0-20:0', 'Wednesday': '8:0-20:0', 'Thursday': '8:0-20:0', 'Friday': '8:0-20:0', 'Saturday': '8:0-20:0', 'Sunday': '9:0-20:0'}",59,14,17,0.2142857142857142,4.6440677966101696,4.571428571428571,4.588235294117647,0.0168067226890755,90,19,37,0.9473684210526316,3,18,0.0168067226890755,0.5288461538461539,0.6607142857142856,0.5021008403361344,0.5668587947999713,Growing,0.7030000000000001,10.0,High,Positive,Expand,"food_product_quality,cleanliness_ambiance"
7y1zIK1ZtkkGIKeRUobThg,Gallo's Seafood,8101 Roosevelt Blvd,Philadelphia,PA,19152.0,40.0577429,-75.0446413,3.5,178,1,"{'Alcohol': ""'full_bar'"", 'RestaurantsPriceRange2': '2', 'Ambience': ""{'romantic': False, 'intimate': False, 'touristy': False, 'hipster': False, 'divey': False, 'classy': False, 'trendy': False, 'upscale': False, 'casual': True}"", 'RestaurantsGoodForGroups': 'True', 'GoodForKids': 'True', 'BYOBCorkage': ""'no'"", 'RestaurantsTakeOut': 'True', 'Caters': 'True', 'BusinessParking': ""{'garage': False, 'street': False, 'validated': False, 'lot': True, 'valet': False}"", 'WiFi': ""u'no'"", 'BikeParking': 'True', 'RestaurantsAttire': ""'casual'"", 'BusinessAcceptsCreditCards': 'True', 'HasTV': 'True', 'RestaurantsReservations': 'True', 'RestaurantsDelivery': 'True', 'BestNights': ""{'monday': False, 'tuesday': False, 'friday': False, 'wednesday': False, 'thursday': False, 'sunday': False, 'saturday': False}"", 'NoiseLevel': ""'average'"", 'GoodForMeal': ""{'dessert': None, 'latenight': False, 'lunch': None, 'dinner': True, 'brunch': False, 'breakfast': False}"", 'OutdoorSeating': 'False'}","Seafood, Bars, American (Traditional), Nightlife, Restaurants","{'Monday': '11:30-21:0', 'Tuesday': '11:30-21:0', 'Wednesday': '11:30-21:0', 'Thursday': '11:30-21:0', 'Friday': '11:30-22:0', 'Saturday': '12:0-22:0', 'Sunday': '12:0-20:30'}",187,9,8,-0.1111111111111111,3.3155080213903743,2.111111111111111,2.0,-0.1111111111111111,184,6,1,-0.8333333333333334,-1,-5,-0.1111111111111111,0.4903846153846153,0.5238095238095237,0.4861111111111111,0.5005765839099172,Declining,-0.361,10.0,Low,Negative,Reassess,"staff_behavior,food_product_quality"
XQjnh-n0o11MhApzCfRPxg,KFC,5700 Baltimore Ave,Philadelphia,PA,19143.0,39.9461148326,-75.2375532744,1.0,7,1,"{'Caters': 'True', 'WiFi': ""'no'"", 'RestaurantsPriceRange2': '1', 'Ambience': 'None', 'BusinessParking': 'None', 'RestaurantsTakeOut': 'True', 'DriveThru': 'True', 'RestaurantsDelivery': 'True', 'BusinessAcceptsCreditCards': 'True'}","Fast Food, Chicken Wings, Restaurants, Chicken Shop","{'Monday': '10:30-23:0', 'Tuesday': '10:30-23:0', 'Wednesday': '10:30-23:0', 'Thursday': '10:30-23:0', 'Friday': '10:30-23:0', 'Saturday': '10:30-23:0', 'Sunday': '10:30-23:0'}",7,1,1,0.0,1.0,1.0,1.0,0.0,2,1,0,-1.0,0,-1,0.0,0.5,0.5476190476190476,0.5,0.5158730158730158,Stable,-0.8,2.0,High,Negative,Monitor / Intervene,"service_speed,food_product_quality"
Ls3zQR47_wmUkupJXm59oQ,Sorrentino's Grocery,4361 Cresson St,Philadelphia,PA,19127.0,40.0264607,-75.2238352,4.5,78,1,"{'RestaurantsPriceRange2': '1', 'BusinessParking': ""{'garage': False, 'street': True, 'validated': False, 'lot': False, 'valet': False}"", 'BikeParking': 'True', 'BusinessAcceptsCreditCards': 'False', 'NoiseLevel': ""'average'"", 'RestaurantsReservations': 'False', 'RestaurantsDelivery': 'False', 'GoodForKids': 'True', 'RestaurantsTakeOut': 'True', 'Ambience': ""{'romantic': False, 'intimate': False, 'classy': False, 'hipster': False, 'divey': False, 'touristy': False, 'trendy': False, 'upscale': False, 'casual': False}"", 'RestaurantsAttire': ""'casual'"", 'WiFi': ""'no'"", 'Alcohol': ""u'none'"", 'RestaurantsGoodForGroups': 'True', 'HasTV': 'True', 'GoodForMeal': ""{'dessert': False, 'latenight': False, 'lunch': False, 'dinner': False, 'brunch': False, 'breakfast': False}"", 'OutdoorSeating': 'True'}","Food, Cheesesteaks, Grocery, Delis, Restaurants","{'Monday': '7:0-23:0', 'Tuesday': '7:0-23:0', 'Wednesday': '7:0-23:0', 'Thursday': '7:0-23:0', 'Friday': '7:0-23:0', 'Saturday': '8:0-23:0', 'Sunday': '8:0-23:0'}",78,1,1,0.0,4.384615384615385,5.0,5.0,0.0,114,1,0,-1.0,0,-1,0.0,0.5,0.5476190476190476,0.5,0.5158730158730158,Stable,0.9,2.0,High,Positive,Expand,"food_product_quality,staff_behavior"
K3oSW7x3LU74viHIbL8b_A,Wendy's,3000 Island Ave,Philadelphia,PA,19153.0,39.9026332387,-75.240421614,2.0,21,1,"{'Caters': 'False', 'NoiseLevel': ""u'quiet'"", 'BusinessAcceptsCreditCards': 'True', 'RestaurantsAttire': ""'casual'"", 'RestaurantsReservations': 'False', 'RestaurantsPriceRange2': '1', 'RestaurantsTakeOut': 'True', 'RestaurantsGoodForGroups': 'True', 'GoodForMeal': ""{'dessert': False, 'latenight': False, 'lunch': False, 'dinner': False, 'brunch': False, 'breakfast': False}"", 'RestaurantsDelivery': 'True', 'GoodForKids': 'True', 'Alcohol': ""u'none'"", 'BusinessParking': ""{'garage': False, 'street': False, 'validated': False, 'lot': True, 'valet': False}""}","Burgers, Fast Food, Restaurants","{'Monday': '10:0-3:0', 'Tuesday': '10:0-3:0', 'Wednesday': '10:0-3:0', 'Thursday': '10:0-3:0', 'Friday': '10:0-3:0', 'Saturday': '10:0-3:0', 'Sunday': '10:0-3:0'}",21,1,1,0.0,2.0476190476190474,1.0,1.0,0.0,17,0,0,,0,0,0.0,0.5,0.5535714285714285,0.5,0.5178571428571428,Stable,-0.8,2.0,High,Negative,Monitor / Intervene,"staff_behavior,order_accuracy_wait_time"
FImeJg7pVG9K7wjuexmV4Q,Pass & Stow,1 Citizens Bank Way,Philadelphia,PA,19148.0,39.9059929,-75.1666401,4.0,10,1,"{'Ambience': ""{'touristy': False, 'hipster': False, 'romantic': False, 'divey': False, 'intimate': False, 'trendy': False, 'upscale': False, 'classy': False, 'casual': False}"", 'Music': ""{'dj': False, 'background_music': False, 'no_music': False, 'jukebox': False, 'live': True, 'video': False, 'karaoke': False}"", 'HasTV': 'True'}","Pizza, Beer Gardens, Bars, Nightlife, Pubs, Restaurants",,10,1,1,0.0,3.8,5.0,4.0,-1.0,16,0,2,,0,2,-1.0,0.5,0.5654761904761904,0.375,0.4940476190476189,Declining,0.8,2.0,Low,Positive,Growth Opportunity,"food_product_quality,service_speed"
jh-Sg2S4wlelkifvhjwSlg,China Garden,2120 S Broad St,Philadelphia,PA,19145.0,39.9238557,-75.1701679,3.5,53,1,"{'RestaurantsDelivery': 'True', 'OutdoorSeating': 'False', 'RestaurantsPriceRange2': '1', 'BusinessAcceptsCreditCards': 'True', 'Alcohol': ""'none'"", 'Caters': 'False', 'RestaurantsTakeOut': 'True', 'RestaurantsGoodForGroups': 'False', 'GoodForMeal': ""{'dessert': False, 'latenight': False, 'lunch': True, 'dinner': True, 'brunch': False, 'breakfast': False}"", 'BikeParking': 'False', 'WiFi': ""u'no'"", 'RestaurantsAttire': ""'casual'"", 'HasTV': 'True', 'NoiseLevel': ""u'quiet'"", 'BusinessParking': ""{'garage': None, 'street': True, 'validated': None, 'lot': False, 'valet': False}"", 'RestaurantsReservations': 'False', 'Ambience': ""{'touristy': None, 'hipster': False, 'romantic': None, 'divey': None, 'intimate': False, 'trendy': False, 'upscale': False, 'classy': False, 'casual': None}"", 'GoodForKids': 'True'}","Chinese, Restaurants","{'Monday': '11:0-22:30', 'Tuesday': '11:0-22:30', 'Wednesday': '11:0-22:30', 'Thursday': '11:0-22:30', 'Friday': '11:0-23:30', 'Saturday': '11:0-23:30', 'Sunday': '12:0-22:30'}",53,2,2,0.0,3.5283018867924527,5.0,1.5,-3.5,2,0,0,,0,0,-3.5,0.5,0.5535714285714285,0.0625,0.4206349206349206,Declining,0.05,4.0,Low,Positive,Growth Opportunity,"food_product_quality,service_speed"
UApicJDoDgayR1N1ZLL3vw,Nicki's Omelette & Grill,6805 W Hillsborough Ave,Tampa,FL,33634.0,27.9968321,-82.5550403,4.0,415,1,"{'BikeParking': 'True', 'OutdoorSeating': 'False', 'BusinessParking': ""{'garage': False, 'street': False, 'validated': False, 'lot': True, 'valet': False}"", 'RestaurantsGoodForGroups': 'True', 'BusinessAcceptsCreditCards': 'True', 'GoodForKids': 'True', 'RestaurantsPriceRange2': '1', 'RestaurantsAttire': ""'casual'"", 'Alcohol': ""u'none'"", 'WiFi': ""u'no'"", 'RestaurantsTakeOut': 'True', 'RestaurantsReservations': 'False', 'NoiseLevel': ""u'average'"", 'Caters': 'False', 'HasTV': 'True', 'HappyHour': 'False', 'GoodForMeal': ""{'dessert': False, 'latenight': False, 'lunch': None, 'dinner': False, 'brunch': True, 'breakfast': True}"", 'RestaurantsTableService': 'True', 'DogsAllowed': 'False', 'Ambience': ""{'touristy': False, 'hipster': False, 'romantic': False, 'divey': None, 'intimate': False, 'trendy': False, 'upscale': False, 'classy': False, 'casual': True}"", 'RestaurantsDelivery': 'False'}","Restaurants, Breakfast & Brunch","{'Monday': '0:0-0:0', 'Tuesday': '7:0-13:0', 'Wednesday': '7:0-13:0', 'Thursday': '7:0-13:0', 'Friday': '7:0-13:0', 'Saturday': '7:0-13:0', 'Sunday': '7:0-13:0'}",427,12,10,-0.1666666666666666,4.04215456674473,3.6666666666666665,4.0,0.3333333333333335,919,8,7,-0.125,-2,-1,0.3333333333333335,0.4807692307692308,0.5476190476190476,0.5416666666666667,0.5165852665852665,Stable,0.08,10.0,High,Positive,Expand,"food_product_quality,staff_behavior"
c_MsK_ra1MB1Q9KvZgNwww,King Corona Cigars,1523 E 7th Ave,Tampa,FL,33605.0,27.9601583,-82.442136,4.5,146,1,"{'OutdoorSeating': 'True', 'GoodForKids': 'False', 'RestaurantsGoodForGroups': 'True', 'RestaurantsReservations': 'False', 'RestaurantsDelivery': 'False', 'Caters': 'False', 'RestaurantsAttire': ""u'casual'"", 'WiFi': ""u'free'"", 'NoiseLevel': ""u'average'"", 'RestaurantsPriceRange2': '2', 'Alcohol': ""u'beer_and_wine'"", 'BusinessParking': ""{'garage': True, 'street': True, 'validated': False, 'lot': False, 'valet': False}"", 'BusinessAcceptsCreditCards': 'True', 'Ambience': ""{'touristy': False, 'hipster': False, 'romantic': False, 'divey': False, 'intimate': False, 'trendy': False, 'upscale': False, 'classy': True, 'casual': True}"", 'HasTV': 'True', 'GoodForMeal': ""{'dessert': False, 'latenight': None, 'lunch': None, 'dinner': None, 'brunch': None, 'breakfast': None}"", 'BikeParking': 'True', 'RestaurantsTakeOut': 'False', 'BusinessAcceptsBitcoin': 'False'}","Restaurants, Cafes, Tobacco Shops, Shopping","{'Monday': '8:0-0:0', 'Tuesday': '8:0-0:0', 'Wednesday': '8:0-0:0', 'Thursday': '8:0-0:0', 'Friday': '8:0-2:0', 'Saturday': '10:0-2:0', 'Sunday': '11:0-23:0'}",154,2,4,1.0,4.467532467532467,4.5,5.0,0.5,767,17,6,-0.6470588235294118,2,-11,0.5,0.5192307692307693,0.488095238095238,0.5625,0.5184676434676434,Stable,0.84,6.0,High,Positive,Expand,"cleanliness_ambiance,food_product_quality"
SK5QTllf553tIKs0hGaZQg,Popeyes Louisiana Kitchen,8315 W Hillsborough Ave,Tampa,FL,33615.0,27.9970855,-82.5765459,2.0,94,1,"{'GoodForMeal': ""{'dessert': False, 'latenight': False, 'lunch': False, 'dinner': False, 'brunch': False, 'breakfast': False}"", 'BikeParking': 'True', 'RestaurantsGoodForGroups': 'True', 'OutdoorSeating': 'True', 'Ambience': ""{'romantic': False, 'intimate': False, 'classy': False, 'hipster': False, 'divey': False, 'touristy': False, 'trendy': False, 'upscale': False, 'casual': False}"", 'RestaurantsReservations': 'False', 'BusinessAcceptsCreditCards': 'True', 'HasTV': 'False', 'RestaurantsTableService': 'False', 'Caters': 'False', 'NoiseLevel': ""'average'"", 'RestaurantsPriceRange2': '1', 'WiFi': ""'no'"", 'RestaurantsTakeOut': 'True', 'GoodForKids': 'True', 'Alcohol': ""'none'"", 'RestaurantsAttire': ""'casual'"", 'DriveThru': 'True', 'RestaurantsDelivery': 'True', 'BusinessParking': ""{'garage': False, 'street': False, 'validated': False, 'lot': True, 'valet': False}""}","Food, American (Traditional), Fast Food, Chicken Wings, Restaurants","{'Monday': '10:30-22:0', 'Tuesday': '10:30-22:0', 'Wednesday': '10:30-22:0', 'Thursday': '10:30-22:0', 'Friday': '10:30-23:0', 'Saturday': '10:30-23:0', 'Sunday': '10:0-22:0'}",105,11,8,-0.2727272727272727,1.9619047619047616,1.0,2.5,1.5,80,2,1,-0.5,-3,-1,1.5,0.4711538461538461,0.5476190476190476,0.6875,0.5447191697191697,Growing,-0.384,10.0,High,Negative,Monitor / Intervene,"staff_behavior,food_product_quality"
2zSQu6_cLgWAVbZ2LbSLBA,Chick-fil-A,2204 S Columbus Blvd,Philadelphia,PA,19148.0,39.9183356,-75.1405113,4.0,112,1,"{'RestaurantsReservations': 'False', 'RestaurantsAttire': ""u'casual'"", 'GoodForKids': 'True', 'Alcohol': ""u'none'"", 'BusinessAcceptsCreditCards': 'True', 'RestaurantsGoodForGroups': 'True', 'NoiseLevel': ""'average'"", 'RestaurantsTakeOut': 'True', 'RestaurantsPriceRange2': '1', 'BikeParking': 'True', 'BusinessParking': ""{'garage': False, 'street': False, 'validated': False, 'lot': True, 'valet': False}"", 'DriveThru': 'True', 'WiFi': ""u'free'"", 'Ambience': ""{'romantic': False, 'intimate': False, 'touristy': False, 'hipster': False, 'divey': False, 'classy': False, 'trendy': False, 'upscale': False, 'casual': True}"", 'OutdoorSeating': 'False', 'Caters': 'True', 'DogsAllowed': 'False', 'HasTV': 'True', 'GoodForMeal': ""{'dessert': True, 'latenight': False, 'lunch': True, 'dinner': True, 'brunch': False, 'breakfast': True}"", 'RestaurantsDelivery': 'True'}","American (Traditional), Restaurants, Event Planning & Services, Fast Food, Caterers, Chicken Shop","{'Monday': '0:0-0:0', 'Tuesday': '6:30-22:0', 'Wednesday': '6:30-22:0', 'Thursday': '6:30-22:0', 'Friday': '6:30-22:0', 'Saturday': '6:30-17:15'}",116,2,3,0.5,3.818965517241379,2.5,2.6666666666666665,0.1666666666666665,500,5,5,0.0,1,0,0.1666666666666665,0.5096153846153846,0.5535714285714285,0.5208333333333333,0.5267602767602767,Growing,-0.44,5.0,High,Negative,Monitor / Intervene,"order_accuracy_wait_time,service_speed"
pDR3n7cjtbTrkgDxfUUDtw,Malio's Prime Steakhouse,400 N Ashley Dr,Tampa,FL,33602.0,27.9475496003,-82.4602517705,3.5,284,1,"{'Alcohol': ""u'full_bar'"", 'RestaurantsGoodForGroups': 'True', 'RestaurantsPriceRange2': '3', 'RestaurantsTakeOut': 'True', 'NoiseLevel': ""u'average'"", 'OutdoorSeating': 'True', 'BusinessAcceptsCreditCards': 'True', 'WiFi': ""u'free'"", 'Caters': 'True', 'RestaurantsReservations': 'True', 'GoodForKids': 'False', 'HappyHour': 'True', 'HasTV': 'True', 'BikeParking': 'True', 'DogsAllowed': 'False', 'BusinessParking': ""{'garage': True, 'street': False, 'validated': True, 'lot': False, 'valet': True}"", 'Ambience': ""{'touristy': False, 'hipster': False, 'romantic': False, 'divey': False, 'intimate': False, 'trendy': False, 'upscale': True, 'classy': True, 'casual': False}"", 'RestaurantsAttire': ""u'casual'"", 'GoodForMeal': ""{'dessert': None, 'latenight': False, 'lunch': None, 'dinner': True, 'brunch': False, 'breakfast': False}"", 'RestaurantsDelivery': 'True'}","Steakhouses, Restaurants","{'Tuesday': '12:0-22:0', 'Wednesday': '12:0-22:0', 'Thursday': '12:0-22:0', 'Friday': '12:0-22:30', 'Saturday': '17:0-22:30'}",292,18,15,-0.1666666666666666,3.7157534246575343,3.888888888888889,3.733333333333333,-0.1555555555555554,380,9,9,0.0,-3,0,-0.1555555555555554,0.4711538461538461,0.5535714285714285,0.4805555555555555,0.5007156423823089,Declining,0.27,10.0,Low,Positive,Growth Opportunity,"staff_behavior,food_product_quality"
6vNOkto7t2nKHQeZ1aYQFw,Pete's Pizza,1913 N 54th St,Philadelphia,PA,19131.0,39.9863489,-75.2317371,1.5,38,1,"{'NoiseLevel': ""u'very_loud'"", 'GoodForKids': 'False', 'BusinessParking': ""{'garage': False, 'street': False, 'validated': False, 'lot': False, 'valet': False}"", 'OutdoorSeating': 'False', 'RestaurantsGoodForGroups': 'False', 'Ambience': ""{'touristy': False, 'hipster': False, 'romantic': False, 'divey': True, 'intimate': False, 'trendy': False, 'upscale': False, 'classy': False, 'casual': False}"", 'Caters': 'True', 'RestaurantsAttire': ""'casual'"", 'RestaurantsReservations': 'False', 'BusinessAcceptsCreditCards': 'True', 'RestaurantsTakeOut': 'True', 'WiFi': ""u'no'"", 'RestaurantsPriceRange2': '1', 'BikeParking': 'False', 'HasTV': 'True', 'Alcohol': ""u'none'"", 'RestaurantsDelivery': 'True'}","Pizza, Restaurants",,38,1,1,0.0,1.631578947368421,1.0,1.0,0.0,6,0,0,,0,0,0.0,0.5,0.5535714285714285,0.5,0.5178571428571428,Stable,-0.8,2.0,High,Negative,Monitor / Intervene,"order_accuracy_wait_time,service_speed"
Y-xCFPYXWd9Ig0R_ZTd9mA,Baker Street Bread Co,8009 Germantown Ave,Philadelphia,PA,19118.0,40.0711656,-75.2008087,4.0,78,1,"{'BusinessParking': ""{'garage': False, 'street': True, 'validated': False, 'lot': False, 'valet': False}"", 'BusinessAcceptsCreditCards': 'True', 'BikeParking': 'True', 'RestaurantsPriceRange2': '2', 'Caters': 'True', 'RestaurantsDelivery': 'False', 'BusinessAcceptsBitcoin': 'False', 'RestaurantsTableService': 'False', 'WiFi': ""u'no'"", 'OutdoorSeating': 'True', 'RestaurantsTakeOut': 'True', 'Alcohol': ""'none'"", 'DogsAllowed': 'False', 'ByAppointmentOnly': 'False', 'GoodForKids': 'True', 'Corkage': 'False', 'RestaurantsReservations': 'False', 'HasTV': 'False', 'WheelchairAccessible': 'False', 'BYOB': 'False'}","Bakeries, Coffee & Tea, Breakfast & Brunch, Food, Restaurants","{'Monday': '0:0-0:0', 'Tuesday': '7:0-14:0', 'Wednesday': '7:0-17:0', 'Thursday': '7:0-17:0', 'Friday': '7:0-17:0', 'Saturday': '7:0-17:0', 'Sunday': '7:0-17:0'}",81,1,7,6.0,3.91358024691358,5.0,3.2857142857142856,-1.7142857142857144,224,3,6,1.0,6,3,-1.7142857142857144,0.5576923076923077,0.5714285714285714,0.2857142857142857,0.5018315018315018,Declining,0.075,6.0,Low,Positive,Growth Opportunity,"staff_behavior,food_product_quality"
FLq9CEy5MCKSlMuPEhumnw,Tijuana Flats - Fowler,2782 E Fowler Ave,Tampa,FL,33612.0,28.055805,-82.427633,4.0,113,1,"{'RestaurantsAttire': ""u'casual'"", 'RestaurantsTakeOut': 'True', 'BikeParking': 'True', 'WiFi': ""'free'"", 'NoiseLevel': ""u'very_loud'"", 'RestaurantsGoodForGroups': 'True', 'GoodForKids': 'True', 'HasTV': 'True', 'OutdoorSeating': 'True', 'Alcohol': ""u'beer_and_wine'"", 'RestaurantsPriceRange2': '1', 'RestaurantsReservations': 'False', 'BusinessAcceptsCreditCards': 'True', 'Caters': 'True', 'BusinessParking': ""{'garage': False, 'street': False, 'validated': False, 'lot': True, 'valet': False}"", 'HappyHour': 'True', 'RestaurantsTableService': 'True', 'RestaurantsDelivery': 'True', 'GoodForMeal': ""{'dessert': None, 'latenight': False, 'lunch': True, 'dinner': True, 'brunch': None, 'breakfast': False}"", 'Ambience': ""{'touristy': None, 'hipster': None, 'romantic': False, 'divey': None, 'intimate': False, 'trendy': True, 'upscale': False, 'classy': False, 'casual': True}""}","Mexican, Restaurants, Tex-Mex","{'Monday': '0:0-0:0', 'Tuesday': '11:0-22:0', 'Wednesday': '11:0-22:0', 'Thursday': '11:0-22:0', 'Friday': '11:0-14:0', 'Saturday': '11:0-22:0', 'Sunday': '11:0-21:0'}",114,2,3,0.5,3.8333333333333335,3.5,2.333333333333333,-1.1666666666666663,388,2,1,-0.5,1,-1,-1.1666666666666663,0.5096153846153846,0.5476190476190476,0.3541666666666667,0.4877391127391127,Declining,0.06,5.0,Low,Positive,Growth Opportunity,"food_product_quality,pricing_value"
PzAYUWwfZqUOoL863k1gMg,John's Place,1529 Spring Garden St,Philadelphia,PA,19130.0,39.9630001,-75.1639594,3.5,87,1,"{'BusinessAcceptsCreditCards': 'True', 'GoodForKids': 'True', 'RestaurantsPriceRange2': '1', 'RestaurantsGoodForGroups': 'True', 'BikeParking': 'True', 'BusinessParking': ""{'garage': False, 'street': True, 'validated': False, 'lot': False, 'valet': False}"", 'RestaurantsReservations': 'False', 'WiFi': ""u'no'"", 'RestaurantsTakeOut': 'True', 'Alcohol': ""u'none'"", 'OutdoorSeating': 'False', 'Caters': 'True', 'RestaurantsAttire': ""u'casual'"", 'HasTV': 'True', 'Ambience': ""{'touristy': False, 'hipster': False, 'romantic': False, 'divey': False, 'intimate': False, 'trendy': False, 'upscale': False, 'classy': None, 'casual': True}"", 'GoodForMeal': ""{'dessert': False, 'latenight': False, 'lunch': True, 'dinner': True, 'brunch': False, 'breakfast': False}"", 'RestaurantsDelivery': 'True', 'NoiseLevel': ""u'quiet'""}","Breakfast & Brunch, Restaurants, Pizza, Sandwiches","{'Monday': '7:0-21:50', 'Tuesday': '7:0-21:50', 'Wednesday': '7:0-21:50', 'Thursday': '7:0-21:50', 'Friday': '7:0-21:50', 'Saturday': '7:0-21:50'}",90,1,1,0.0,3.611111111111111,5.0,5.0,0.0,137,0,0,,0,0,0.0,0.5,0.5535714285714285,0.5,0.5178571428571428,Stable,0.825,2.0,High,Positive,Expand,"food_product_quality,staff_behavior"
C9UylQTOh7uwZo4a7QhLyg,Friday Saturday Sunday,261 S 21st St,Philadelphia,PA,19103.0,39.948937,-75.1759543,4.5,287,1,"{'RestaurantsTableService': 'True', 'RestaurantsGoodForGroups': 'True', 'GoodForMeal': ""{'dessert': None, 'latenight': None, 'lunch': False, 'dinner': True, 'brunch': False, 'breakfast': False}"", 'BusinessAcceptsCreditCards': 'True', 'BusinessParking': ""{'garage': False, 'street': True, 'validated': False, 'lot': False, 'valet': False}"", 'RestaurantsReservations': 'True', 'BikeParking': 'False', 'Alcohol': ""u'full_bar'"", 'Ambience': ""{'touristy': False, 'hipster': False, 'romantic': False, 'divey': False, 'intimate': True, 'trendy': False, 'upscale': False, 'classy': True, 'casual': False}"", 'RestaurantsAttire': ""u'dressy'"", 'GoodForKids': 'False', 'RestaurantsTakeOut': 'True', 'RestaurantsPriceRange2': '4', 'NoiseLevel': ""u'average'"", 'Caters': 'False', 'OutdoorSeating': 'None', 'DogsAllowed': 'False', 'HasTV': 'True', 'WiFi': ""'no'"", 'RestaurantsDelivery': 'True'}","American (New), Restaurants, Salad, Seafood","{'Monday': '0:0-0:0', 'Wednesday': '17:0-22:0', 'Thursday': '17:0-22:0', 'Friday': '17:0-22:0', 'Saturday': '17:0-22:0'}",296,8,6,-0.25,4.54054054054054,5.0,4.666666666666667,-0.333333333333333,314,3,10,2.333333333333333,-2,7,-0.333333333333333,0.4807692307692308,0.5952380952380951,0.4583333333333333,0.5139397639397639,Stable,0.859,10.0,High,Positive,Expand,"food_product_quality,staff_behavior"
mx31XU-QJIxObRGH_qvy3w,HAPP'S,1862 Frankford Ave,Philadelphia,PA,19125.0,39.9783479,-75.1308364,4.5,23,1,"{'GoodForMeal': ""{'dessert': False, 'latenight': False, 'lunch': False, 'dinner': False, 'brunch': False, 'breakfast': False}"", 'Ambience': ""{'touristy': False, 'hipster': False, 'romantic': False, 'divey': False, 'intimate': False, 'trendy': False, 'upscale': False, 'classy': False, 'casual': False}"", 'WiFi': ""u'free'"", 'RestaurantsReservations': 'False', 'RestaurantsTakeOut': 'True', 'BusinessParking': ""{'garage': False, 'street': False, 'validated': False, 'lot': False, 'valet': False}"", 'HasTV': 'True'}","Food, Restaurants, Coffee & Tea, Sandwiches, Breakfast & Brunch","{'Monday': '8:0-15:0', 'Tuesday': '8:0-15:0', 'Wednesday': '8:0-15:0', 'Thursday': '8:0-15:0', 'Friday': '8:0-15:0', 'Saturday': '8:0-15:0', 'Sunday': '8:0-15:0'}",25,1,1,0.0,4.56,5.0,5.0,0.0,15,1,2,1.0,0,1,0.0,0.5,0.5595238095238094,0.5,0.5198412698412698,Stable,0.8500000000000001,2.0,High,Positive,Expand,"staff_behavior,food_product_quality"
bKaBjDbtwQh_T-3ZpKJxRQ,Mr Sushi,7324 Oxford Ave,Philadelphia,PA,19111.0,40.0623743,-75.0836772,4.0,184,1,"{'RestaurantsGoodForGroups': 'True', 'WiFi': ""u'no'"", 'RestaurantsPriceRange2': '2', 'Caters': 'True', 'RestaurantsAttire': ""u'casual'"", 'Alcohol': ""u'none'"", 'BusinessParking': ""{'garage': False, 'street': False, 'validated': False, 'lot': True, 'valet': False}"", 'RestaurantsReservations': 'True', 'RestaurantsTakeOut': 'True', 'OutdoorSeating': 'False', 'RestaurantsDelivery': 'True', 'BusinessAcceptsCreditCards': 'True', 'NoiseLevel': ""u'average'"", 'GoodForKids': 'True', 'BikeParking': 'True', 'HasTV': 'True', 'Ambience': ""{'romantic': False, 'intimate': False, 'classy': False, 'hipster': False, 'divey': False, 'touristy': False, 'trendy': False, 'upscale': False, 'casual': True}"", 'GoodForMeal': ""{'dessert': False, 'latenight': False, 'lunch': True, 'dinner': True, 'brunch': False, 'breakfast': False}""}","Food, Sushi Bars, Desserts, Soup, Steakhouses, Restaurants","{'Monday': '11:30-21:30', 'Tuesday': '11:30-21:30', 'Wednesday': '11:30-21:30', 'Thursday': '11:30-21:30', 'Friday': '11:30-22:0', 'Saturday': '11:30-22:0', 'Sunday': '15:0-21:30'}",194,3,6,1.0,3.9948453608247423,4.333333333333333,3.8333333333333335,-0.4999999999999995,423,0,0,,3,0,-0.4999999999999995,0.5288461538461539,0.5535714285714285,0.4375,0.5167887667887667,Stable,0.675,8.0,High,Positive,Expand,"food_product_quality,service_speed"
ij_dE1TNqe_BHrzEGAWU4w,El Greco Pizza & Luncheonette,1500 N 2nd St,Philadelphia,PA,19122.0,39.9737623,-75.1388269,4.0,31,1,"{'HasTV': 'True', 'GoodForKids': 'True', 'Ambience': ""{'romantic': False, 'intimate': False, 'classy': False, 'hipster': False, 'divey': False, 'touristy': False, 'trendy': False, 'upscale': False, 'casual': False}"", 'RestaurantsPriceRange2': '1', 'OutdoorSeating': 'False', 'RestaurantsAttire': ""u'casual'"", 'RestaurantsGoodForGroups': 'False', 'BusinessAcceptsCreditCards': 'True', 'RestaurantsReservations': 'False', 'Caters': 'False', 'BikeParking': 'True', 'RestaurantsDelivery': 'True', 'RestaurantsTakeOut': 'None'}","Restaurants, Pizza",,33,4,2,-0.5,4.0,3.5,3.5,0.0,16,1,0,-1.0,-2,-1,0.0,0.4807692307692308,0.5476190476190476,0.5,0.5073260073260073,Declining,0.3333333333333333,6.0,Low,Positive,Growth Opportunity,"food_product_quality,staff_behavior"
ny1N_Py01kVoGOvL9oKjMQ,Cask Social Kitchen,208 S Howard Ave,Tampa,FL,33606.0,27.9426685,-82.4827162,4.0,578,1,"{'BusinessAcceptsCreditCards': 'True', 'BusinessParking': ""{'garage': False, 'street': True, 'validated': False, 'lot': True, 'valet': True}"", 'BusinessAcceptsBitcoin': 'False', 'BikeParking': 'True', 'Alcohol': ""u'full_bar'"", 'DogsAllowed': 'True', 'RestaurantsGoodForGroups': 'True', 'BYOB': 'False', 'GoodForKids': 'True', 'ByAppointmentOnly': 'False', 'RestaurantsTakeOut': 'True', 'NoiseLevel': ""u'average'"", 'RestaurantsAttire': ""'casual'"", 'WheelchairAccessible': 'True', 'HappyHour': 'True', 'RestaurantsTableService': 'True', 'GoodForMeal': ""{'dessert': None, 'latenight': None, 'lunch': True, 'dinner': True, 'brunch': True, 'breakfast': False}"", 'RestaurantsPriceRange2': '2', 'RestaurantsReservations': 'True', 'HasTV': 'True', 'Caters': 'False', 'Corkage': 'True', 'WiFi': ""'free'"", 'RestaurantsDelivery': 'True', 'OutdoorSeating': 'True', 'Ambience': ""{u'divey': False, u'hipster': None, u'casual': True, u'touristy': False, u'trendy': True, u'intimate': None, u'romantic': None, u'classy': None, u'upscale': None}""}","Breakfast & Brunch, Restaurants, Southern, American (New)","{'Tuesday': '16:0-21:0', 'Wednesday': '16:0-21:0', 'Thursday': '16:0-21:0', 'Friday': '11:0-22:0', 'Saturday': '11:0-22:0', 'Sunday': '11:0-16:0'}",594,42,32,-0.238095238095238,3.760942760942761,3.642857142857143,3.65625,0.0133928571428572,733,37,20,-0.4594594594594595,-10,-17,0.0133928571428572,0.4038461538461538,0.4523809523809523,0.5016741071428571,0.4417639652014651,Declining,0.38,10.0,Low,Positive,Growth Opportunity,"food_product_quality,staff_behavior"
